ticker,entry_date,exit_date,entry_px,exit_px,hold_days,gross_ret,net_ret,net_ret_sized,size_factor,alpha_peak_at_entry,regime_at_entry,persona,lifecycle,mom_60d,mom_252d,dist_from_252d_high,vol_ratio,atr_pct,spy_60d,force_closed_at_end
ARWR,2015-01-02,2016-02-08,7.710000038146973,3.240000009536743,3,-0.5797665378072492,-0.5827665378072492,-0.5827665378072492,1.0,0.4111543448958076,calm,n/a,n/a,0.0967282799493916,-0.24188790754104128,-0.7098231040006799,1.4532341219690386,0.06765891023303397,0.04536055130503791,
CIEN,2015-01-02,2016-02-08,19.540000915527344,17.65999984741211,3,-0.09621294677736181,-0.09921294677736181,-0.09921294677736181,1.0,0.17952041831611404,calm,n/a,n/a,0.2009834275206368,-0.16709285259690487,-0.25419846005626245,0.376815841768572,0.022431633885187065,0.04536055130503791,
CRUS,2015-01-02,2016-02-08,23.709999084472656,31.8700008392334,3,0.34415867017492263,0.34115867017492263,0.34115867017492263,1.0,0.3638892986338755,calm,n/a,n/a,0.1691320651722572,0.2084606559781912,-0.04510675967276567,0.40984950031770406,0.05115101827321787,0.04536055130503791,
NBIX,2015-01-02,2016-02-08,22.84000015258789,32.5099983215332,3,0.42337995202901313,0.4203799520290131,0.4203799520290131,1.0,0.18216931962860247,calm,n/a,n/a,0.4038106644114545,1.3668394876130057,-0.06737442359947143,0.7196865288474531,0.049888002272364215,0.04536055130503791,
AXON,2015-01-02,2016-02-08,26.510000228881836,15.380000114440918,3,-0.4198415699112338,-0.4228415699112338,-0.4228415699112338,1.0,0.17285068525001893,calm,n/a,n/a,0.823246237856476,0.6917677153675943,-0.01486434859897412,0.5887280651213256,0.034226601504395084,0.04536055130503791,
CYTK,2015-01-02,2016-02-08,7.369999885559082,6.480000019073486,3,-0.12075982093696891,-0.12375982093696891,-0.12375982093696891,1.0,0.5029667384397719,calm,n/a,n/a,1.1362318213610467,0.07434398573158663,-0.43264049149981776,2.5577774385589986,0.058717622615552204,0.04536055130503791,
LULU,2015-01-02,2016-02-08,55.34000015258789,57.959999084472656,3,0.047343674099398214,0.04434367409939821,0.04434367409939821,1.0,0.20674169696245745,calm,n/a,n/a,0.3104428309841585,-0.05852328509949878,-0.07147648373486015,0.43028266992432723,0.02801816072893723,0.04536055130503791,
MTSI,2015-01-02,2016-02-08,31.530000686645508,34.709999084472656,3,0.10085627429669008,0.09785627429669008,0.09785627429669008,1.0,0.1735415347946139,calm,n/a,n/a,0.49715106772129336,0.9620411503057218,-0.0265513652117505,0.5681742043551089,0.021397580269224777,0.04536055130503791,
EXEL,2015-01-05,2016-02-09,1.6299999952316284,4.239999771118164,1,1.6012268610563067,1.5982268610563068,1.5982268610563068,1.0,0.1571044518804363,calm,n/a,n/a,0.051612932500929354,-0.76064610735278,-0.8021844611033966,0.7510230044854812,0.04665365009769233,0.047904531658096605,
HALO,2015-01-05,2016-02-09,9.989999771118164,7.28000020980835,1,-0.2712712335734607,-0.2742712335734607,-0.2742712335734607,1.0,0.19047314840161028,calm,n/a,n/a,0.15893270345098442,-0.31855389665084666,-0.4314171915403604,1.6152512511669368,0.04098903217278156,0.047904531658096605,
RH,2015-01-05,2016-02-09,95.29000091552734,50.810001373291016,1,-0.46678559255831,-0.46978559255831,-0.46978559255831,1.0,0.1772999169716044,calm,n/a,n/a,0.17933164995659356,0.4079491797555459,-0.03815482780802271,0.7177665127787333,0.02417472651344765,0.047904531658096605,
DKS,2015-01-07,2016-02-11,41.091556549072266,27.628402709960938,1,-0.3276379619018177,-0.3306379619018177,-0.3306379619018177,1.0,0.15426138898661484,calm,n/a,n/a,0.3035044151579587,-0.04519472189765761,-0.04519472189765761,6.35189389344286,0.030835140219129146,0.08062986599053135,
FIVE,2015-01-08,2016-02-12,43.630001068115234,34.209999084472656,2,-0.21590652654204745,-0.21890652654204745,-0.21890652654204745,1.0,0.1566363300779008,calm,n/a,n/a,0.05208583997662797,0.0009176626608700111,-0.06493782231473644,2.180822876811559,0.02292311886191127,0.0982265251118215,
CF,2015-01-09,2016-02-16,43.52626037597656,23.54973602294922,4,-0.4589533807975147,-0.4619533807975147,-0.4619533807975147,1.0,0.15419030704791822,calm,n/a,n/a,0.1753653216719926,0.23178849699354664,0.0,1.1260394958152127,0.014425677394011474,0.0978904956887483,
RGEN,2015-01-12,2016-02-16,25.299999237060547,23.139999389648438,4,-0.08537549061456284,-0.08837549061456285,-0.08837549061456285,1.0,0.15377615228458213,calm,n/a,n/a,0.13554750706202667,1.0502430246530219,-0.00745392451014848,1.2849941006113912,0.06452976678676985,0.0888466571820079,
AYI,2015-01-12,2016-02-16,147.63172912597656,179.91261291503906,4,0.2186581704364967,0.2156581704364967,0.2156581704364967,1.0,0.1531288246220609,calm,n/a,n/a,0.20809672122847056,0.1845217981943228,0.0,2.2786856336703503,0.02145679192423554,0.0888466571820079,
OC,2015-01-12,2016-02-16,33.00786590576172,34.61775207519531,4,0.048772803853174285,0.04577280385317428,0.04577280385317428,1.0,0.1541395763091304,calm,n/a,n/a,0.32954329290685,-0.026194830494836063,-0.1266418713621702,1.7983739105650811,0.01637041058468877,0.0888466571820079,
STZ,2015-01-14,2016-02-18,92.22429656982422,120.50993347167969,1,0.30670482675289423,0.30370482675289423,0.30370482675289423,1.0,0.16864824768229572,normal,n/a,n/a,0.27459740017632184,0.342454223319856,0.0,1.240660424311182,0.016904716215980407,0.056333742583017266,
FANG,2015-01-14,2016-02-18,50.19561767578125,54.000648498535156,1,0.07580404423611231,0.07280404423611231,0.07280404423611231,1.0,0.17908635336385037,normal,n/a,n/a,0.01586813373117346,0.35984988664713957,-0.28563595407824127,2.076640951056026,0.030869726937541708,0.056333742583017266,
BYD,2015-01-15,2016-02-19,12.121739387512207,15.245701789855957,1,0.25771568769759634,0.25471568769759634,0.25471568769759634,1.0,0.16600368706525936,normal,n/a,n/a,0.27433638699284213,0.2191910168704172,-0.09937459979396368,3.3710287192412283,0.021852956195051284,0.026472231657918455,
NEM,2015-01-15,2016-02-19,16.761802673339844,19.453128814697266,1,0.16056304884426642,0.15756304884426642,0.15756304884426642,1.0,0.1888375860882683,normal,n/a,n/a,-0.05947274893436305,-0.09322824645874028,-0.20415714125811102,1.6629775690935162,0.034301615379855446,0.026472231657918455,
TMUS,2015-01-15,2016-02-19,28.05606460571289,33.603816986083984,1,0.19773808117199154,0.19473808117199154,0.19473808117199154,1.0,0.16421222754398668,normal,n/a,n/a,0.06652033072194197,-0.10490792625629985,-0.16293760884061503,0.9131213836737588,0.016932572136991734,0.026472231657918455,
ALK,2015-01-20,2016-02-24,59.063026428222656,68.31498718261719,1,0.15664555837886396,0.15364555837886396,0.15364555837886396,1.0,0.15778924919756696,calm,n/a,n/a,0.29617426026777194,0.6311993510187741,0.0,1.2622495125088162,0.01402149654817251,0.036769207058555464,
NFLX,2015-01-21,2016-02-25,5.846857070922852,9.45300006866455,1,0.6167660597820148,0.6137660597820148,0.6137660597820148,1.0,0.2199069502561377,calm,n/a,n/a,0.06300962571443836,0.226380709321095,-0.15506100058489558,4.157395988977409,0.04492841221045702,0.03437887007568552,
GILD,2015-01-23,2016-02-29,72.91001892089844,60.99351119995117,3,-0.16344129239461214,-0.16644129239461214,-0.16644129239461214,1.0,0.18538780377120703,calm,n/a,n/a,-0.06972183438169521,0.3091048318852163,-0.07599344756709703,0.5654826024283303,0.02104960480035132,0.03363644134346533,
INCY,2015-01-23,2016-02-29,79.9000015258789,73.5,3,-0.08010014272410249,-0.08310014272410249,-0.08310014272410249,1.0,0.16525786268069986,calm,n/a,n/a,0.37308821810497705,0.24960905914851117,0.0,1.1603432157501596,0.02430962599382172,0.03363644134346533,
UAL,2015-01-23,2016-02-29,73.0999984741211,57.2599983215332,3,-0.2166894730947987,-0.2196894730947987,-0.2196894730947987,1.0,0.17486272318232832,calm,n/a,n/a,0.39610385068767995,0.5846520004667277,0.0,0.6849810067074278,0.019805262416099135,0.03363644134346533,
RMD,2015-01-26,2016-03-01,58.389122009277344,51.113826751708984,1,-0.12460018248625837,-0.12760018248625837,-0.12760018248625837,1.0,0.1666741537504379,calm,n/a,n/a,0.30345005946968895,0.5661611909095197,0.0,1.8636061803021695,0.01669176473174932,0.03772891954813473,
DXCM,2015-01-26,2016-03-01,15.694999694824219,16.412500381469727,1,0.045715240560477266,0.04271524056047726,0.04271524056047726,1.0,0.15544328674832336,calm,n/a,n/a,0.4107864894224016,0.7366527283367941,0.0,2.258193087628824,0.028966424114777165,0.03772891954813473,
COHR,2015-01-27,2016-03-02,16.110000610351562,21.790000915527344,1,0.3525760453122557,0.3495760453122557,0.3495760453122557,1.0,0.1615693060319,calm,n/a,n/a,0.24883729354613826,0.015122919125593048,-0.04730923975631962,4.664586273379579,0.039535919723282985,0.017496815976183466,
SWKS,2015-01-27,2016-03-02,64.79755401611328,55.57988739013672,1,-0.1422533113469745,-0.1452533113469745,-0.1452533113469745,1.0,0.1501775321846028,calm,n/a,n/a,0.4577967493901707,1.7316343702436727,-0.011639138189178833,0.9480447253170841,0.020915360899956076,0.017496815976183466,
EA,2015-01-28,2016-03-03,53.046775817871094,62.94509506225586,1,0.18659605775795507,0.18359605775795507,0.18359605775795507,1.0,0.19807327463619034,calm,n/a,n/a,0.3329262123001673,1.1653449516877274,0.0,3.897940021864141,0.032930432328860774,-0.007873944780341202,
EHC,2015-01-28,2016-03-03,29.395748138427734,24.400009155273438,1,-0.16994767269160238,-0.17294767269160238,-0.17294767269160238,1.0,0.15863073027534344,calm,n/a,n/a,0.09509172484372996,0.4476695581536816,0.0,1.22016301380459,0.021136125901764502,-0.007873944780341202,
OLED,2015-01-28,2016-03-03,31.328004837036133,46.25239562988281,1,0.47639135880121497,0.47339135880121497,0.47339135880121497,1.0,0.2333886438352479,calm,n/a,n/a,0.06297938324805186,0.07396609436719714,-0.11096306064888362,1.819016694545574,0.031970255161213504,-0.007873944780341202,
MSCI,2015-01-28,2016-03-03,47.533199310302734,62.822811126708984,1,0.3216617445965235,0.3186617445965235,0.3186617445965235,1.0,0.15327496208980163,calm,n/a,n/a,0.15495117392519386,0.3038162272634717,-0.012098961171393419,0.6464604606289781,0.01653024449983418,-0.007873944780341202,
MANH,2015-01-29,2016-03-04,45.45000076293945,58.41999816894531,1,0.2853684749898129,0.2823684749898129,0.2823684749898129,1.0,0.15693511536513885,calm,n/a,n/a,0.1402408446310004,0.3450724927933948,-0.011741702453126446,0.8700664381275977,0.027227519615797304,0.0017047895026587323,
AMZN,2015-01-30,2016-03-07,17.726499557495117,28.139999389648438,4,0.58745381728511,0.58445381728511,0.58445381728511,1.0,0.17067041484741907,normal,n/a,n/a,0.17080013718851106,-0.011597768887558813,-0.06399661685681912,4.62968587317128,0.03623466335827498,-0.008503546324322153,
BIIB,2015-01-30,2016-03-07,389.1600036621094,269.5199890136719,4,-0.3074314254357847,-0.3104314254357847,-0.3104314254357847,1.0,0.18415713299917996,normal,n/a,n/a,0.20834629141207706,0.24475430344294957,0.0,2.0445303561870407,0.03180321184500461,-0.008503546324322153,
SYNA,2015-01-30,2016-03-07,76.80999755859375,85.5999984741211,4,0.1144382397463557,0.1114382397463557,0.1114382397463557,1.0,0.1562603969284207,normal,n/a,n/a,0.15209239040254863,0.3161411369993994,-0.1712343838403695,3.586260901179728,0.03737173544385261,-0.008503546324322153,
AMD,2015-02-05,2016-03-11,3.309999942779541,2.5199999809265137,1,-0.23867068746521858,-0.24167068746521858,-0.24167068746521858,1.0,0.2506901074715543,calm,n/a,n/a,0.19927534573069638,-0.029325554408831334,-0.2896995598363118,2.635344328963582,0.05277309300335748,0.011902313566174882,
TKO,2015-02-06,2016-03-14,11.114629745483398,15.60356616973877,3,0.40387637978489743,0.40087637978489743,0.40087637978489743,1.0,0.18195312228175825,calm,n/a,n/a,0.0052168137967318895,-0.40886283689825365,-0.5659747059831224,1.1421051496127543,0.04884581260155151,0.007741369516978791,
AEIS,2015-02-06,2016-03-14,26.69841766357422,30.934085845947266,3,0.1586486598474317,0.1556486598474317,0.1556486598474317,1.0,0.18403491061677835,calm,n/a,n/a,0.3186438231840134,0.012644107068265464,-0.05713307470660656,2.433487790909564,0.020514983649688533,0.007741369516978791,
CXT,2015-02-09,2016-03-15,19.484100341796875,15.195074081420898,1,-0.22012955102552256,-0.22312955102552257,-0.22312955102552257,1.0,0.18908265231009425,calm,n/a,n/a,0.12098381383246237,0.09852658447497031,-0.09418931500775884,6.4549795799819565,0.02668327374752577,0.004165333121243675,
IPGP,2015-02-09,2016-03-15,85.23999786376953,89.02999877929688,1,0.04446270542597297,0.04146270542597297,0.04146270542597297,1.0,0.16485622080617393,calm,n/a,n/a,0.16911251655947912,0.2522403150568966,0.0,2.737451371097827,0.015235661975165444,0.004165333121243675,
AMKR,2015-02-10,2016-03-16,8.185099601745605,4.938963413238525,2,-0.3965909208746573,-0.3995909208746573,-0.3995909208746573,1.0,0.29435597832366933,calm,n/a,n/a,0.3771522067299422,0.708738384033855,-0.2792791060362638,5.076755615184051,0.05979931373727031,0.014347914494692526,
HAS,2015-02-10,2016-03-16,43.04331970214844,56.12383270263672,2,0.3038918255144569,0.3008918255144569,0.3008918255144569,1.0,0.15653583273354668,calm,n/a,n/a,0.12929652036833517,0.2140862892275115,0.0,1.6985278622392148,0.01926677762179033,0.014347914494692526,
MLM,2015-02-10,2016-03-16,125.70526123046875,142.96075439453125,2,0.13726945869374685,0.13426945869374685,0.13426945869374685,1.0,0.19932180526110288,calm,n/a,n/a,0.10464872659380187,0.21029869397596457,0.0,4.45408532176428,0.039794984787083675,0.014347914494692526,
MPC,2015-02-10,2016-03-16,36.3004150390625,28.162857055664062,2,-0.22417258796191986,-0.22717258796191986,-0.22717258796191986,1.0,0.1589587553952524,calm,n/a,n/a,0.09819430299218412,0.23511186008045803,0.0,1.0637789145252534,0.01784621753268007,0.014347914494692526,
QLYS,2015-02-10,2016-03-16,46.939998626708984,25.739999771118164,2,-0.4516403808228483,-0.4546403808228483,-0.4546403808228483,1.0,0.2422791045320882,calm,n/a,n/a,0.3159518092595659,0.6242214272076225,0.0,5.862478052484222,0.04023403679734235,0.014347914494692526,
VLO,2015-02-11,2016-03-17,36.14454650878906,43.174888610839844,1,0.19450630264073876,0.19150630264073876,0.19150630264073876,1.0,0.1686092111766076,calm,n/a,n/a,0.13266205365105166,0.18871513783653082,-0.03212442642978852,0.7260428681276432,0.01499444646488592,0.014074812367651957,
TPL,2015-02-11,2016-03-17,13.409637451171875,14.786639213562012,1,0.10268747141033252,0.09968747141033252,0.09968747141033252,1.0,0.1789175702935881,calm,n/a,n/a,-0.12605268486772847,0.1251635709450789,-0.41075267050825714,0.6175771971496437,0.015113765042274697,0.014074812367651957,
SW,2015-02-11,2016-03-17,18.15833282470703,17.893186569213867,1,-0.0146019052548918,-0.0176019052548918,-0.0176019052548918,1.0,0.20831720946263166,calm,n/a,n/a,0.2828624491859819,0.03246101211414065,-0.032874872635696994,6.666666666666667,0.03198594293441681,0.014074812367651957,
PSX,2015-02-11,2016-03-17,49.18747329711914,60.61903381347656,1,0.23240796385910234,0.22940796385910234,0.22940796385910234,1.0,0.1519203400231836,calm,n/a,n/a,0.03357486844249502,0.032146284883623144,-0.1464152980330522,0.7689476082683862,0.019600255484877465,0.014074812367651957,
CRH,2015-02-12,2016-03-18,21.024066925048828,21.85910415649414,1,0.039718158928157665,0.03671815892815766,0.03671815892815766,1.0,0.16089740988742102,calm,n/a,n/a,0.3104893327358693,0.060363372325130005,-0.04383170789340274,1.0616661778700838,0.021808331388101548,0.02310271560586097,
EPAM,2015-02-12,2016-03-18,56.0099983215332,70.5999984741211,1,0.26048920888788385,0.25748920888788385,0.25748920888788385,1.0,0.15805220185029006,calm,n/a,n/a,0.12718856650213595,0.2654767384905985,0.0,2.467351380764522,0.03017563277841454,0.02310271560586097,
COLM,2015-02-13,2016-03-21,44.81976318359375,53.66564178466797,3,0.19736558100137946,0.19436558100137946,0.19436558100137946,1.0,0.17013087808866992,calm,n/a,n/a,0.2364945708025712,0.35693201984507095,0.0,6.870342914534411,0.04476076498476237,0.02202453471626531,
NYT,2015-02-13,2016-03-21,12.994808197021484,11.48207950592041,3,-0.11641023616245483,-0.11941023616245483,-0.11941023616245483,1.0,0.15314781122614557,calm,n/a,n/a,0.1342285102640024,0.008102674918492259,-0.15310006886555805,0.811398006083343,0.02620369639893367,0.02202453471626531,
AAPL,2015-02-17,2016-03-23,28.424091339111328,24.0363712310791,2,-0.1543662400913678,-0.1573662400913678,-0.1573662400913678,1.0,0.15231838982217386,calm,n/a,n/a,0.11916352976057976,0.6699739503781936,0.0,0.9703093548248816,0.018813942995291256,0.025196277639536913,
TTMI,2015-02-17,2016-03-23,8.8100004196167,6.260000228881836,2,-0.2894438217116234,-0.2924438217116234,-0.2924438217116234,1.0,0.1543091781620887,calm,n/a,n/a,0.3149254731968403,0.08631329131600118,0.0,0.4894980282170278,0.02779292898185292,0.025196277639536913,
ON,2015-02-18,2016-03-24,12.15999984741211,9.390000343322754,3,-0.22779601470791688,-0.23079601470791689,-0.23079601470791689,1.0,0.15118664938038223,calm,n/a,n/a,0.4373522213453278,0.28541224084329,0.0,0.867046802383884,0.026892871297442045,0.0228619810696018,
KTOS,2015-02-19,2016-03-28,5.960000038146973,4.670000076293945,7,-0.21644294523429264,-0.21944294523429264,-0.21944294523429264,1.0,0.16045158732660955,calm,n/a,n/a,0.18019798278060817,-0.2549999952316284,-0.3377777735392252,1.2790192696636185,0.026645973958325093,0.016452605365580242,
ATI,2015-02-23,2016-03-29,32.123329162597656,16.007036209106445,1,-0.5017005825241796,-0.5047005825241796,-0.5047005825241796,1.0,0.16256641115626938,calm,n/a,n/a,-0.04528279383081035,0.08835705922232373,-0.2667781353214842,0.6242434156715198,0.02538378306138321,0.020623736572903617,
FSLR,2015-02-24,2016-03-30,54.70000076293945,68.97000122070312,2,0.26087751844113205,0.25787751844113205,0.25787751844113205,1.0,0.1504974851951919,calm,n/a,n/a,0.06151760253711047,-0.05738407869044193,-0.25950996711624696,4.490164375195417,0.03446948913587483,0.02057568673565835,
BKNG,2015-02-25,2016-03-31,49.11684036254883,50.61288833618164,3,0.030458961989206834,0.027458961989206835,0.027458961989206835,1.0,0.15920807092628664,calm,n/a,n/a,0.07815103125207234,-0.07817583746401946,-0.08725000398753058,1.7218910005381243,0.022068730999732493,0.02239356899727296,
BCO,2015-02-25,2016-03-31,25.133628845214844,30.238977432250977,3,0.20312819205206556,0.20012819205206556,0.20012819205206556,1.0,0.1617482234398838,calm,n/a,n/a,0.3092085510088467,-0.06315965265998191,-0.06346433747254931,0.777423062188737,0.02406822346358786,0.02239356899727296,
DY,2015-02-25,2016-03-31,43.650001525878906,64.66999816894531,3,0.4815577527667261,0.4785577527667261,0.4785577527667261,1.0,0.20607929894510846,calm,n/a,n/a,0.42693695024993805,0.5907434648808396,0.0,3.7439286020767186,0.045050908953107746,0.02239356899727296,
TREX,2015-02-26,2016-04-01,12.854999542236328,11.932499885559082,4,-0.07176193617481552,-0.07476193617481552,-0.07476193617481552,1.0,0.15037669080418908,calm,n/a,n/a,0.26029409633513234,0.3027615043998042,0.0,1.8453745551407175,0.025597149747844505,0.02790441915183761,
HAE,2015-02-26,2016-04-01,45.25,35.290000915527344,4,-0.2201104770049206,-0.2231104770049206,-0.2231104770049206,1.0,0.1607602703772154,calm,n/a,n/a,0.23095761877370768,0.2216522376226775,0.0,0.8563143932383244,0.014204695802712579,0.02790441915183761,
FCX,2015-02-27,2016-04-04,19.212844848632812,8.504582405090332,7,-0.5573491342852581,-0.5603491342852581,-0.5603491342852581,1.0,0.1909317406725304,calm,n/a,n/a,-0.15239664993068092,-0.3089337429256718,-0.42956132281583914,0.6321294880051521,0.0370241093479136,0.018363915838087275,
VICR,2015-03-02,2016-04-05,14.930000305175781,9.630000114440918,1,-0.3549899586336588,-0.3579899586336588,-0.3579899586336588,1.0,0.2623856113821156,calm,n/a,n/a,0.1673182446994088,0.42734228018422504,0.0,2.66599343600101,0.03404068419526792,0.020758419745832812,
CGNX,2015-03-02,2016-04-05,21.576780319213867,17.115049362182617,1,-0.20678390802626523,-0.20978390802626523,-0.20978390802626523,1.0,0.15777884145420112,calm,n/a,n/a,0.13574908085466952,0.2780646807133742,0.0,1.656645863383842,0.019688353224618,0.020758419745832812,
NXPI,2015-03-02,2016-04-05,88.01741027832031,71.71527862548828,1,-0.18521485239434987,-0.18821485239434987,-0.18821485239434987,1.0,0.15316009363257055,calm,n/a,n/a,0.2955103359028042,0.7807184882114755,0.0,5.882313863324053,0.042297700524629195,0.020758419745832812,
MNST,2015-03-03,2016-04-06,23.448333740234375,22.36166763305664,2,-0.04634299900436645,-0.04934299900436645,-0.04934299900436645,1.0,0.15279266071368378,calm,n/a,n/a,0.31966983993944,0.8892171362324828,-0.0038235566288460365,1.4431555697931244,0.031144891392010536,0.017307670553900145,
GTLS,2015-03-03,2016-04-06,37.22999954223633,21.969999313354492,2,-0.40988451293344286,-0.41288451293344286,-0.41288451293344286,1.0,0.18912782504126718,calm,n/a,n/a,-0.0002685858157802645,-0.5648667531022282,-0.5797493951773337,1.3658390707727022,0.045186236843389925,0.017307670553900145,
AVGO,2015-03-03,2016-04-06,9.664875984191895,12.057790756225586,2,0.2475887715421905,0.2445887715421905,0.2445887715421905,1.0,0.16335596274255396,calm,n/a,n/a,0.24849858058202212,1.0558481687691676,-0.00796915121799946,0.791053750328159,0.0359578859861613,0.017307670553900145,
BMRN,2015-03-05,2016-04-08,113.5,85.20999908447266,1,-0.24925110938790607,-0.25225110938790607,-0.25225110938790607,1.0,0.15234330349935282,calm,n/a,n/a,0.22411560079506332,0.4700168546281651,0.0,2.428128972509687,0.014881443636534354,0.01976885969122044,
MASI,2015-03-05,2016-04-08,31.1200008392334,41.810001373291016,1,0.3435090053269083,0.3405090053269083,0.3405090053269083,1.0,0.1522110758592602,calm,n/a,n/a,0.22664563696458062,0.16685417136143577,0.0,0.8733667114421785,0.023986469685807487,0.01976885969122044,
NCLH,2015-03-10,2016-04-13,49.90999984741211,55.15999984741211,6,0.10518934113505551,0.10218934113505551,0.10218934113505551,1.0,0.15463647285261792,calm,n/a,n/a,0.1413217555423678,0.5092228699120163,-0.027474665935243836,0.7270604716320336,0.02310803994494968,0.004338401298881411,
EXPE,2015-03-11,2016-04-14,83.8318099975586,103.38764953613281,1,0.23327469058754358,0.23027469058754357,0.23027469058754357,1.0,0.1565241139935525,calm,n/a,n/a,0.018228679198005304,0.17210828920772103,-0.05936075756536807,0.3560107196811107,0.03572189254703812,0.01893296060674432,
HII,2015-03-11,2016-04-14,113.23821258544922,118.80155181884766,1,0.04912952179636676,0.04612952179636676,0.04612952179636676,1.0,0.16204193587605856,calm,n/a,n/a,0.34396444891637,0.3514934315019653,-0.02959297176074016,0.7127462719059541,0.01874650016305975,0.01893296060674432,
VTRS,2015-03-12,2016-04-15,50.49330520629883,38.00370788574219,1,-0.24735155026054056,-0.25035155026054057,-0.25035155026054057,1.0,0.15120344519215284,calm,n/a,n/a,0.14269971514772495,0.1976163515838436,0.0,2.8874099781977205,0.02453298878168852,0.038358863759474504,
BSX,2015-03-12,2016-04-15,16.889999389648438,19.459999084472656,1,0.15216102946690002,0.14916102946690002,0.14916102946690002,1.0,0.1555499130318734,calm,n/a,n/a,0.31953118265373726,0.3257456587980798,-0.009964834795764488,0.660819412624913,0.031021253815794448,0.038358863759474504,
CHDN,2015-03-12,2016-04-15,17.665477752685547,23.403669357299805,1,0.32482515813884083,0.32182515813884083,0.32182515813884083,1.0,0.15161873904934792,calm,n/a,n/a,0.2197861745376659,0.21265959384313726,0.0,0.9519663328979828,0.01121404412251832,0.038358863759474504,
FIX,2015-03-12,2016-04-15,18.267438888549805,30.769380569458008,1,0.6843839334666959,0.6813839334666959,0.6813839334666959,1.0,0.1712125818862253,calm,n/a,n/a,0.2675116303938134,0.21264488901032697,0.0,1.900585549565352,0.02686425453649808,0.038358863759474504,
BIO,2015-03-13,2016-04-18,134.89999389648438,140.6699981689453,3,0.04277245762433868,0.039772457624338675,0.039772457624338675,1.0,0.15088884199904218,calm,n/a,n/a,0.16263031384737414,0.06724677427211256,-0.006115095094534673,1.6309560369469183,0.018464575240990173,0.040887249464533815,
UTHR,2015-03-16,2016-04-19,176.47999572753906,114.88999938964844,4,-0.34899137482401765,-0.35199137482401766,-0.35199137482401766,1.0,0.1612956786233342,calm,n/a,n/a,0.38415682923560057,0.8412102090454134,0.0,1.6653716653716655,0.02066630562605926,0.03393127605620383,
STRL,2015-03-16,2016-04-19,3.9100000858306885,5.309999942779541,4,0.3580562215387828,0.3550562215387828,0.3550562215387828,1.0,0.3493915422450866,calm,n/a,n/a,-0.31040563788027975,-0.5960743840328127,-0.6042510080424282,3.45451752119443,0.09913018635091023,0.03393127605620383,
MTN,2015-03-16,2016-04-19,72.13045501708984,98.31304168701172,4,0.36298934567539387,0.35998934567539387,0.35998934567539387,1.0,0.1650775402310956,calm,n/a,n/a,0.10512053857759329,0.45848517076292206,0.0,2.430564077391909,0.025994671388092874,0.03393127605620383,
COO,2015-03-17,2016-04-20,46.84146499633789,39.62258529663086,1,-0.15411302144950867,-0.15711302144950867,-0.15711302144950867,1.0,0.15071300353369657,calm,n/a,n/a,0.15710623013686953,0.3750070546437023,-0.002179176283229056,1.000866995441282,0.02204239202084435,0.006331194942719165,
REGN,2015-03-17,2016-04-20,464.660888671875,397.0675354003906,1,-0.14546813583704932,-0.14846813583704932,-0.14846813583704932,1.0,0.16184165719464375,calm,n/a,n/a,0.1038484824121273,0.40421430073373976,0.0,1.9873793139614155,0.021505893142453048,0.006331194942719165,
VRTX,2015-03-19,2016-04-22,134.25,86.80000305175781,2,-0.35344504244500696,-0.35644504244500697,-0.35644504244500697,1.0,0.1899404976242415,calm,n/a,n/a,0.15058278752888232,0.7262441274898663,0.0,1.3497701366584798,0.020530681406096186,0.00516226787413232,
HUM,2015-03-19,2016-04-22,165.0843505859375,161.18634033203125,2,-0.023612233625240453,-0.026612233625240452,-0.026612233625240452,1.0,0.17108921412880107,calm,n/a,n/a,0.23896398072895142,0.536700643252946,0.0,1.0527649605800344,0.019879316616444594,0.00516226787413232,
CNC,2015-03-19,2016-04-22,35.29499816894531,31.174999237060547,2,-0.1167303908662557,-0.1197303908662557,-0.1197303908662557,1.0,0.16095976570667392,calm,n/a,n/a,0.32451447158549684,1.1653374123292424,0.0,1.481402575989848,0.013386699252018257,0.00516226787413232,
CROX,2015-03-23,2016-04-26,12.210000038146973,9.84000015258789,1,-0.1941031841240486,-0.1971031841240486,-0.1971031841240486,1.0,0.15526204591692588,calm,n/a,n/a,-0.012934506781919652,-0.20248205725048163,-0.2679856226166719,0.6461589137356806,0.016352210013917592,0.01082677211523353,
EXLS,2015-03-23,2016-04-26,7.484000205993652,10.227999687194824,1,0.3666487714689808,0.3636487714689808,0.3636487714689808,1.0,0.15774331338530606,calm,n/a,n/a,0.30428726306270404,0.2465023272813509,0.0,0.6999488258372661,0.01453132307977553,0.01082677211523353,
FN,2015-03-23,2016-04-26,19.639999389648438,32.83000183105469,1,0.671588739883477,0.668588739883477,0.668588739883477,1.0,0.15334414106661717,calm,n/a,n/a,0.12164472489573575,-0.021912377277360506,-0.1212528387278301,1.14818519577022,0.013841186072832518,0.01082677211523353,
RBC,2015-03-27,2016-05-02,71.0954818725586,69.21414184570312,3,-0.0264621601444075,-0.029462160144407498,-0.029462160144407498,1.0,0.23770496832169244,calm,n/a,n/a,0.1712385636589051,0.23993223277569187,0.0,6.961272414856589,0.05031919244059465,0.0010297330069746202,
KBH,2015-03-31,2016-05-04,13.797173500061035,11.71552562713623,2,-0.15087495079449398,-0.15387495079449398,-0.15387495079449398,1.0,0.1738780981719303,calm,n/a,n/a,-0.02724645995245889,-0.10505508865051127,-0.16799053120553453,0.79624847445036,0.024348041844552935,0.023414038321855513,
BLDR,2015-04-02,2016-05-06,6.980000019073486,10.859999656677246,2,0.5558738720632246,0.5528738720632246,0.5528738720632246,1.0,0.1847648176362592,calm,n/a,n/a,0.08722740438078169,-0.23042996097821122,-0.23042996097821122,1.8830624135663923,0.021938966489210298,0.020267503839590084,
STLD,2015-04-08,2016-05-12,16.22063636779785,19.521284103393555,1,0.20348447870691078,0.20048447870691077,0.20048447870691077,1.0,0.16487886724732936,calm,n/a,n/a,0.13163520997423706,0.12791177065271664,-0.16682986940221556,0.6596133052459738,0.027471266450263862,0.0264462604990785,
OPCH,2015-04-08,2016-05-12,19.079999923706055,10.399999618530273,1,-0.45492664255156867,-0.4579266425515687,-0.4579266425515687,1.0,0.2763423615914344,calm,n/a,n/a,-0.16315787008044158,-0.33657858929551654,-0.44210527783432274,0.47204629069063475,0.041536561892738494,0.0264462604990785,
APA,2015-04-15,2016-05-19,54.08047103881836,44.28937530517578,1,-0.18104679093151088,-0.18404679093151088,-0.18404679093151088,1.0,0.16768344903139185,calm,n/a,n/a,0.18683499444584295,-0.13198300980726685,-0.3048438657368021,1.2655563434148303,0.018922738212966365,0.041571200689491494,
HAL,2015-04-15,2016-05-19,39.057376861572266,33.09819412231445,1,-0.15257508870548164,-0.15557508870548165,-0.15557508870548165,1.0,0.16240116628965146,calm,n/a,n/a,0.21674987958656922,-0.18455132134747954,-0.34086759125546173,1.6461916211070102,0.020605247118799686,0.041571200689491494,
CTRA,2015-04-17,2016-05-23,23.66915512084961,16.876083374023438,3,-0.2870010235744458,-0.2900010235744458,-0.2900010235744458,1.0,0.15401655727092817,calm,n/a,n/a,0.15091304065962374,-0.056352313475760196,-0.16365047516650388,1.378239230996035,0.016412832630707502,0.008739078666263111,
TRGP,2015-04-17,2016-05-23,61.53038787841797,27.82750129699707,3,-0.5477437692740812,-0.5507437692740812,-0.5507437692740812,1.0,0.15475376575841243,calm,n/a,n/a,0.1532473924559914,0.002152881755651981,-0.29381431428350524,0.8175826533554145,0.01807823401311418,0.008739078666263111,
MAT,2015-04-22,2016-05-26,24.740510940551758,29.665559768676758,1,0.19906819386063823,0.19606819386063823,0.19606819386063823,1.0,0.18849904529160935,calm,n/a,n/a,0.08470863193270617,-0.2087323658928204,-0.26044473367715126,1.5488548302969338,0.022305069313780918,0.0386341357556812,
TSLA,2015-04-27,2016-05-31,15.436667442321777,14.881999969482422,4,-0.03593181461684258,-0.038931814616842586,-0.038931814616842586,1.0,0.19176362643754602,calm,n/a,n/a,0.1372790813474154,0.16644001828944677,-0.19049774040786083,2.3315402915074537,0.023026077080395873,0.057108021693502486,
MSFT,2015-04-28,2016-06-01,42.10634231567383,46.827388763427734,1,0.11212197944813007,0.10912197944813007,0.10912197944813007,1.0,0.16965034042515703,calm,n/a,n/a,0.1993668021749564,0.2462844370556596,0.0,1.5241907188473627,0.02594569971576283,0.04647056204776345,
CRS,2015-04-30,2016-06-03,35.70746612548828,27.60621452331543,1,-0.22687836694158792,-0.22987836694158792,-0.22987836694158792,1.0,0.17496959171904197,calm,n/a,n/a,0.10486982056381478,-0.3057778901131566,-0.34355859413159984,1.2104297902878558,0.01638456249821071,0.021552674142925943,
KBR,2015-04-30,2016-06-03,14.879684448242188,12.974166870117188,1,-0.12806169275653612,-0.13106169275653612,-0.13106169275653612,1.0,0.17530668558430404,calm,n/a,n/a,0.013483949485595836,-0.3041033003275012,-0.3315832165289304,3.249252252092809,0.021899835645435527,0.021552674142925943,
XPO,2015-05-05,2016-06-08,17.02638816833496,10.38945198059082,1,-0.3898029413006844,-0.3928029413006844,-0.3928029413006844,1.0,0.17309263013408344,calm,n/a,n/a,0.20484573946581897,0.9621362454214708,-0.005454622430141831,1.568334060303413,0.04078232162383133,0.020872202090619796,
AVY,2015-05-15,2016-06-20,49.259822845458984,63.86064529418945,3,0.29640428254354645,0.29340428254354645,0.29340428254354645,1.0,0.15469840444215183,calm,n/a,n/a,0.12644502455850426,0.3195737892073278,0.0,1.0300460526616064,0.013379288765591576,0.005890125267981494,
RBA,2015-05-20,2016-06-23,23.45820426940918,28.43320655822754,2,0.2120794171489948,0.2090794171489948,0.2090794171489948,1.0,0.15815387674222198,calm,n/a,n/a,0.1173072931074346,0.33420021028085034,0.0,0.8751744876059993,0.019441169099204653,0.005672083120485283,
GT,2015-05-26,2016-06-29,28.952884674072266,23.221288681030273,2,-0.19796286475643377,-0.20096286475643377,-0.20096286475643377,1.0,0.15209091598757318,calm,n/a,n/a,0.17870193349622787,0.22811758323864018,0.0,0.8259804641638077,0.014463636977645128,-0.0062293399304886865,
ZBRA,2015-05-28,2016-07-01,109.4000015258789,49.81999969482422,1,-0.5446069561247753,-0.5476069561247753,-0.5476069561247753,1.0,0.15164248846224207,calm,n/a,n/a,0.20180163674526996,0.4874234804435442,-0.0030981988746955347,0.617424412094065,0.03325614437143943,0.010607429703106686,
SMCI,2015-06-01,2016-07-05,3.5209999084472656,2.381999969482422,5,-0.3234876366319288,-0.3264876366319288,-0.3264876366319288,1.0,0.18097396014413014,calm,n/a,n/a,-0.0760955633688225,0.6632025210877113,-0.14393387301454075,1.367833089424042,0.01951015838611513,0.01953881719934536,
TTWO,2015-06-03,2016-07-07,28.270000457763672,39.22999954223633,2,0.3876900922179771,0.3846900922179771,0.3846900922179771,1.0,0.16332735819753852,calm,n/a,n/a,0.16194001423808713,0.4430832178441373,-0.07311473908971566,1.2024631176276992,0.044693279970610844,0.03419988308681621,
RCL,2015-06-03,2016-07-07,69.22721099853516,59.72844314575195,2,-0.13721147675563872,-0.14021147675563872,-0.14021147675563872,1.0,0.15997087114525996,calm,n/a,n/a,0.019178472701851357,0.4358106525729477,-0.0669647649660976,1.146620875953287,0.017891910383348957,0.03419988308681621,
ENSG,2015-06-03,2016-07-07,21.769271850585938,18.89850425720215,2,-0.13187246744344006,-0.13487246744344006,-0.13487246744344006,1.0,0.15600517713140605,calm,n/a,n/a,0.13171136846889842,0.6667604459962859,0.0,1.3046776965559608,0.015497636739840934,0.03419988308681621,
MTZ,2015-06-10,2016-07-14,18.8700008392334,24.520000457763672,9,0.29941703059085856,0.29641703059085855,0.29641703059085855,1.0,0.15007781811204196,calm,n/a,n/a,-0.04213197419095982,-0.44434625006037687,-0.44434625006037687,0.7092912593105293,0.023493634912780833,0.014906339278347502,
LLY,2015-06-11,2016-07-15,71.91997528076172,68.37876892089844,10,-0.049238147622257866,-0.05223814762225787,-0.05223814762225787,1.0,0.17685754351731445,calm,n/a,n/a,0.18559725026111473,0.5143049176583112,0.0,3.0456507402269573,0.01673468524355011,0.004458255499821373,
CI,2015-06-15,2016-07-19,139.4242706298828,118.43954467773438,4,-0.1505098492346051,-0.1535098492346051,-0.1535098492346051,1.0,0.17363526704687982,calm,n/a,n/a,0.19512381905074383,0.6921754210063038,0.0,5.478776046439395,0.030196419239943092,-0.011228198339320317,
IBKR,2015-06-15,2016-07-19,9.258459091186523,8.726996421813965,4,-0.05740292894726706,-0.060402928947267065,-0.060402928947267065,1.0,0.15094783434281145,calm,n/a,n/a,0.17090935756765546,0.7507923760931183,0.0,1.4332088480321747,0.008860591953661743,-0.011228198339320317,
WMB,2015-06-22,2016-07-26,33.23114013671875,14.271421432495117,4,-0.5705407225337444,-0.5735407225337444,-0.5735407225337444,1.0,0.18210649398143958,calm,n/a,n/a,0.25029847885401924,0.08319056220294185,0.0,8.180031715205383,0.06128932225460376,0.029999746503705627,
ANF,2015-06-23,2016-07-27,18.80046844482422,17.2838134765625,5,-0.08067112650478958,-0.08367112650478958,-0.08367112650478958,1.0,0.16303116001932436,calm,n/a,n/a,0.07205795742704613,-0.4387036552374015,-0.46487169659308936,0.6777020335947729,0.04148809953485168,0.018195395120019553,
CAG,2015-06-30,2016-08-03,23.194759368896484,25.643329620361328,1,0.10556566733554074,0.10256566733554073,0.10256566733554073,1.0,0.15431377717977426,calm,n/a,n/a,0.1594995612093002,0.4956465292148797,-0.006364033987162454,1.4751019565284977,0.025821315062470863,-0.006366988968855569,
ROL,2015-06-30,2016-08-03,11.019049644470215,11.015586853027344,1,-0.00031425499971393656,-0.0033142549997139366,-0.0033142549997139366,1.0,0.15208737147686865,calm,n/a,n/a,0.14492832895995167,0.43879501608047367,0.0,5.872963016920227,0.010063878078456318,-0.006366988968855569,
THC,2015-07-02,2016-08-05,59.41999816894531,27.479999542236328,1,-0.5375294448157992,-0.5405294448157992,-0.5405294448157992,1.0,0.16447372882222902,calm,n/a,n/a,0.17546981336810297,0.24439786741246738,-0.06085035974337405,1.4031910939782362,0.032021447658052364,-0.006886017853304782,
WRB,2015-07-08,2016-08-11,13.141905784606934,13.795781135559082,2,0.04975498696072145,0.046754986960721445,0.046754986960721445,1.0,0.15745212709831738,calm,n/a,n/a,0.11456602307346264,0.2487897051123371,-0.0014255838422719824,1.2947027575104288,0.014892034927139898,-0.02345600433149697,
TYL,2015-07-09,2016-08-12,137.6999969482422,163.85000610351562,3,0.1899056625622333,0.1869056625622333,0.1869056625622333,1.0,0.1667824558323254,calm,n/a,n/a,0.10274680803601832,0.5458014606847237,0.0,1.149688352162057,0.011033306934789265,-0.026259868745853954,
GOOGL,2015-07-17,2016-08-22,34.69425582885742,39.52085876464844,3,0.13911821483072195,0.13611821483072195,0.13611821483072195,1.0,0.23581282226387476,calm,n/a,n/a,0.25501395814412753,0.1561866004566579,0.0,4.927315193586646,0.038812618935721556,0.006488601790431758,
GOOG,2015-07-17,2016-08-22,33.37251663208008,38.29310989379883,3,0.14744447702181152,0.1444444770218115,0.1444444770218115,1.0,0.23259327534513502,calm,n/a,n/a,0.2335969552378594,0.1339274425021515,0.0,4.6944481819099195,0.03857650150175544,0.006488601790431758,
META,2015-07-20,2016-08-23,97.14764404296875,123.401611328125,4,0.2702481109428041,0.2672481109428041,0.2672481109428041,1.0,0.1660185819634526,calm,n/a,n/a,0.20090769740489867,0.41080685208801215,0.0,1.7281981178689048,0.018238260088266692,0.005000773571032235,
UFPI,2015-07-22,2016-08-25,18.43144416809082,32.64814376831055,6,0.771328576891017,0.768328576891017,0.768328576891017,1.0,0.15673100873518475,calm,n/a,n/a,0.07711252161690862,0.3667546189069808,0.0,0.8856554381768653,0.03462740457785151,-0.00028849960234622607,
CMG,2015-07-22,2016-08-25,14.516400337219238,8.266799926757812,6,-0.43051998190197327,-0.4335199819019733,-0.4335199819019733,1.0,0.1742255124161724,calm,n/a,n/a,0.13483849394969716,0.0976152229075089,-0.0011147396311561586,4.239066648036887,0.021162829748520785,-0.00028849960234622607,
FTNT,2015-07-24,2016-08-29,9.597999572753906,7.133999824523926,10,-0.25672013522740733,-0.25972013522740733,-0.25972013522740733,1.0,0.15367924164102686,calm,n/a,n/a,0.2715950917106078,0.8804857759777216,0.0,1.6225579930974199,0.02895683490933651,-0.002809915749353631,
PEGA,2015-07-30,2016-09-02,13.088396072387695,12.870367050170898,14,-0.016658192570804586,-0.019658192570804586,-0.019658192570804586,1.0,0.15523777066902772,calm,n/a,n/a,0.2756039265858752,0.26250941189295296,0.0,6.356519439301772,0.03665900757787983,0.013691311590891209,
IDXX,2015-08-03,2016-09-06,74.16999816894531,113.94999694824219,18,0.5363354423804287,0.5333354423804287,0.5333354423804287,1.0,0.1649690556077979,calm,n/a,n/a,0.1393241153212894,0.17431916320665297,-0.11205555784913368,1.2680690371537782,0.03165940441541342,-0.008534595605261264,
HRB,2015-08-05,2016-09-08,23.864013671875,15.178905487060547,1,-0.36394163631620413,-0.36694163631620413,-0.36694163631620413,1.0,0.1581143884677268,calm,n/a,n/a,0.1501302485265803,0.1372212429486166,0.0,3.272260783130995,0.024476523636038503,0.00034298690066858484,
MGM,2015-08-05,2016-09-08,21.11925506591797,23.8961181640625,1,0.13148489799840535,0.12848489799840535,0.12848489799840535,1.0,0.20279888300859103,calm,n/a,n/a,0.16945612748779126,-0.11058063585379763,-0.1130503587867201,1.4555924086224337,0.031422812901180625,0.00034298690066858484,
NVDA,2015-08-07,2016-09-12,0.5560512542724609,1.4937769174575806,3,1.6864014890354713,1.6834014890354714,1.6834014890354714,1.0,0.15251234639902905,calm,n/a,n/a,0.08437626226375516,0.23033121839888127,-0.01634571434144716,4.483367885863708,0.030543912229798666,-0.02052238333540901,
TEX,2015-08-11,2016-09-14,23.739524841308594,20.99602508544922,5,-0.11556675098591174,-0.11856675098591174,-0.11856675098591174,1.0,0.16793866669821553,calm,n/a,n/a,-0.05311650312601279,-0.24874523258398884,-0.2818772724146573,5.387455069460186,0.057328748838120586,-0.02119569972170121,
MAS,2015-08-11,2016-09-14,23.140968322753906,28.75994873046875,5,0.24281526725006786,0.23981526725006785,0.23981526725006785,1.0,0.15286607537644858,calm,n/a,n/a,0.13826434495440387,0.4392455514291822,0.0,0.6994828986530583,0.0278282877375283,-0.02119569972170121,
LII,2015-08-14,2016-09-19,110.1415786743164,139.45233154296875,10,0.2661188737390707,0.2631188737390707,0.2631188737390707,1.0,0.1618638204650448,calm,n/a,n/a,0.1043452438188428,0.5073337571046783,0.0,0.6190554860635812,0.007407394725564275,-0.018434230970575838,
WTS,2015-08-14,2016-09-19,52.12541961669922,56.83921813964844,10,0.09043185757758532,0.08743185757758531,0.08743185757758531,1.0,0.16083497179348244,calm,n/a,n/a,0.034509084304553905,-0.017790003319470338,-0.11735453227664172,0.5306650473902368,0.025707958142744503,-0.018434230970575838,
FBIN,2015-08-14,2016-09-19,37.43539810180664,42.099822998046875,10,0.1245993132904637,0.1215993132904637,0.1215993132904637,1.0,0.15612089455272937,calm,n/a,n/a,0.10722203336266456,0.23335077345011812,0.0,0.634471667238364,0.018335717191913545,-0.018434230970575838,
CDW,2015-08-14,2016-09-19,34.5232048034668,40.695438385009766,10,0.17878506982999331,0.1757850698299933,0.1757850698299933,1.0,0.1525995534198251,calm,n/a,n/a,0.056064700343621654,0.23032473728636482,-0.01359519744552029,1.0975220440109643,0.021056265772140478,-0.018434230970575838,
DHI,2015-08-17,2016-09-20,27.769140243530273,26.925235748291016,1,-0.030390011640200942,-0.033390011640200945,-0.033390011640200945,1.0,0.16389737599294782,calm,n/a,n/a,0.17364193257895466,0.49127866332349357,0.0,0.9004748315804953,0.018501947181589297,-0.01110980712516807,
FFIV,2015-08-17,2016-09-20,133.86000061035156,118.44999694824219,1,-0.11512030174694099,-0.11812030174694099,-0.11812030174694099,1.0,0.15218754247225144,calm,n/a,n/a,0.05592809146511035,0.1483229043561114,-0.009251720778278405,0.6496105958788644,0.020672630717378727,-0.01110980712516807,
LUV,2015-08-17,2016-09-20,35.688724517822266,32.82154083251953,1,-0.08033864263966395,-0.08333864263966395,-0.08333864263966395,1.0,0.17620340652491964,calm,n/a,n/a,0.09962186186604094,0.32135926670064374,-0.1362603306452752,1.121123393725356,0.018630664811544524,-0.01110980712516807,
FIS,2015-08-20,2016-09-23,59.05275344848633,65.06120300292969,4,0.10174715324129169,0.09874715324129169,0.09874715324129169,1.0,0.16545352371753586,calm,n/a,n/a,0.12934022673582435,0.2642844606449495,-0.0076533449489301075,1.0105929356663568,0.023099074183725483,-0.040107722606690044,
LDOS,2015-08-21,2016-09-26,26.378019332885742,37.31663513183594,7,0.414686776171739,0.411686776171739,0.411686776171739,1.0,0.1792438200607293,normal,n/a,n/a,0.019181695278234656,0.17151009377211457,-0.06665985035841293,0.6803102933417156,0.02582161692068093,-0.0647720093991232,
BBY,2015-08-26,2016-09-29,23.81446075439453,26.635332107543945,10,0.1184520356031522,0.1154520356031522,0.1154520356031522,1.0,0.1809713919287057,crisis,n/a,n/a,0.011919947553041155,0.15289786454671073,-0.13500735466092628,2.3123733875681607,0.03769512038417281,-0.08209759042113551,
OSK,2015-08-27,2016-09-30,35.300628662109375,48.5054931640625,11,0.3740688198033941,0.3710688198033941,0.3710688198033941,1.0,0.19750077354856813,crisis,n/a,n/a,-0.1688776853285462,-0.14609538457620297,-0.24063545102473638,1.7701789112328714,0.023108125175046696,-0.05161655907622997,
AIT,2015-08-31,2016-10-04,35.99357986450195,40.39478302001953,4,0.12227744981427069,0.11927744981427069,0.11927744981427069,1.0,0.1636766283464394,crisis,n/a,n/a,0.0014116660652501167,-0.1165267026510376,-0.13088595461927321,0.8250107066381156,0.012915093548757207,-0.05150820191456085,
BBWI,2015-09-04,2016-10-10,50.85352325439453,42.62282943725586,3,-0.1618510044223418,-0.1648510044223418,-0.1648510044223418,1.0,0.1693774886428397,crisis,n/a,n/a,0.07391239446216313,0.47220111689397104,-0.03421428039978813,1.3112530401688536,0.021966537297025582,-0.08256019399648495,
GNRC,2015-09-04,2016-10-10,30.90999984741211,36.02000045776367,3,0.1653186876602133,0.1623186876602133,0.1623186876602133,1.0,0.17223794734610942,crisis,n/a,n/a,-0.23716684357811446,-0.3346965033035805,-0.3868280114863176,0.6121685851372964,0.02418689851235387,-0.08256019399648495,
CAR,2015-09-09,2016-10-13,41.80472183227539,29.98538589477539,6,-0.282727295373961,-0.285727295373961,-0.285727295373961,1.0,0.166018210349697,crisis,n/a,n/a,-0.11415332921511778,-0.3056651091499314,-0.3477616248619205,0.8212961536383664,0.031678234954452066,-0.07358237511302756,
SNX,2015-09-09,2016-10-13,37.16421127319336,47.589359283447266,6,0.280515787988042,0.277515787988042,0.277515787988042,1.0,0.15177340384312754,crisis,n/a,n/a,0.006624225170960507,0.2966567852853885,-0.010235771620136558,1.8445261112801667,0.02619487238157115,-0.07358237511302756,
URI,2015-09-11,2016-10-17,67.11139678955078,73.15093994140625,3,0.08999280957889133,0.08699280957889133,0.08699280957889133,1.0,0.15017630867287549,crisis,n/a,n/a,-0.24983788207298085,-0.4043738891375058,-0.41648457566494723,0.5363220505825811,0.03114059524952446,-0.07551712307128,
TAP,2015-09-16,2016-10-20,63.90334701538086,85.0345687866211,1,0.3306747261008751,0.3276747261008751,0.3276747261008751,1.0,0.16625665392019873,crisis,n/a,n/a,0.15566615439030418,0.10140218742210916,0.0,6.96811447540936,0.0399273169868195,-0.060676911562406954,
PANW,2015-09-18,2016-10-24,30.829999923706055,25.2549991607666,4,-0.18083038523307549,-0.1838303852330755,-0.1838303852330755,1.0,0.17991167026588517,crisis,n/a,n/a,0.034448047522227965,0.8632150957802909,-0.06144395890230081,0.9482747565320209,0.02495959970464451,-0.06862928173087124,
BKR,2015-09-22,2016-10-26,29.089149475097656,29.765029907226562,6,0.023234795252694118,0.02023479525269412,0.02023479525269412,1.0,0.1520408103777664,crisis,n/a,n/a,-0.10883349807533504,-0.1713775055478416,-0.2101374832069126,0.9992936058625631,0.02940574863037027,-0.05584062729255601,
JBL,2015-09-25,2016-10-31,20.146852493286133,19.96577262878418,3,-0.008987997731273234,-0.011987997731273233,-0.011987997731273233,1.0,0.16426789090644067,crisis,n/a,n/a,0.04119689480875843,0.07819874638984325,-0.11521297161788469,5.486190938786654,0.034231663153783454,-0.07003152063524198,
ENS,2015-10-06,2016-11-09,57.73135757446289,61.95132064819336,1,0.07309655014239858,0.07009655014239857,0.07009655014239857,1.0,0.19971869528909744,normal,n/a,n/a,-0.07125611328249293,0.16981135138193593,-0.11925717659785384,7.490078083177967,0.028534105930926548,-0.06118206226509304,
NXST,2015-10-07,2016-11-10,39.987815856933594,43.008262634277344,1,0.07553417741419421,0.07253417741419421,0.07253417741419421,1.0,0.15967021947127402,normal,n/a,n/a,-0.05639546507370963,0.33994500795493465,-0.11629143677673026,1.6731661662052022,0.03081161338694359,-0.05294199082242512,
ALB,2015-10-09,2016-11-14,43.83967971801758,67.87992858886719,3,0.5483673472406634,0.5453673472406634,0.5453673472406634,1.0,0.16317050377999884,normal,n/a,n/a,-0.036546694581358063,-0.05804359308183915,-0.20293896217703056,1.0696649910671683,0.02689866564338909,-0.0525476261024207,
RMBS,2015-10-19,2016-11-22,13.890000343322754,13.550000190734863,4,-0.02447805213707832,-0.02747805213707832,-0.02747805213707832,1.0,0.18485967555170923,normal,n/a,n/a,0.056273821008307134,0.26618049272708166,-0.09863721733550945,0.9746565735516131,0.018630674323834865,-0.016434127877107407,
MU,2015-10-19,2016-11-22,18.686504364013672,19.252168655395508,4,0.030271273875663418,0.02727127387566342,0.02727127387566342,1.0,0.1560051494073016,normal,n/a,n/a,0.05739518041730851,-0.3546648342524278,-0.47492453833324044,0.8680986897976428,0.040015700042329,-0.016434127877107407,
KLAC,2015-10-21,2016-11-25,53.082008361816406,70.9091567993164,2,0.33584163424991353,0.33284163424991353,0.33284163424991353,1.0,0.2625292395368657,normal,n/a,n/a,0.2487552947088807,0.16934111206115987,-0.09572636409037194,8.230736701951507,0.043881150836284084,-0.042507540203709726,
TXN,2015-10-22,2016-11-25,43.5155143737793,57.62949752807617,2,0.32434370493851716,0.32134370493851716,0.32134370493851716,1.0,0.1508294205693047,normal,n/a,n/a,0.15624938867127414,0.2687746675082654,-0.018231768554188288,2.628644077343354,0.030602038761539743,-0.026614378134498407,
BDC,2015-10-28,2016-12-01,60.91571044921875,71.22064971923828,1,0.16916718518140006,0.16616718518140006,0.16616718518140006,1.0,0.22793070796570228,normal,n/a,n/a,0.07294725873047336,-0.07887369472831351,-0.33750500231041813,3.4205468764865943,0.05365881005152057,-0.004519387113857798,
ADSK,2015-10-28,2016-12-01,55.5,69.22000122070312,1,0.24720722920185811,0.2442072292018581,0.2442072292018581,1.0,0.1563025282936792,normal,n/a,n/a,0.025688400923479682,-0.008220141029278372,-0.13605227513089269,1.0381032822653633,0.023314488480965137,-0.004519387113857798,
CACI,2015-10-29,2016-12-02,96.0,129.89999389648438,1,0.35312493642171217,0.35012493642171216,0.35012493642171216,1.0,0.1918858529698822,normal,n/a,n/a,0.17431192660550465,0.17001823801813165,0.0,3.497876289395724,0.02361534714870334,0.002807624139029352,
WYNN,2015-10-29,2016-12-02,60.98707580566406,88.6377944946289,1,0.45338653023919595,0.45038653023919595,0.45038653023919595,1.0,0.2067637263036658,normal,n/a,n/a,-0.30239500316526013,-0.6149156501417457,-0.6196985695197202,0.6463866264252464,0.0399394217133757,0.002807624139029352,
LVS,2015-10-29,2016-12-02,36.823341369628906,48.67873764038086,1,0.3219532999938466,0.3189532999938466,0.3189532999938466,1.0,0.18792865737795195,normal,n/a,n/a,-0.11608826244685144,-0.1673812442300956,-0.20165147756229662,0.48459929426430615,0.027667146821920622,0.002807624139029352,
TRMB,2015-10-30,2016-12-05,22.75,29.0,3,0.27472527472527464,0.27172527472527463,0.27172527472527463,1.0,0.29133005387796534,normal,n/a,n/a,0.15482229030154881,-0.15301565588079735,-0.22062351545844294,4.045388150628807,0.04954728504260823,0.0008616022582157434,
CHE,2015-10-30,2016-12-05,150.76356506347656,147.0916290283203,3,-0.02435559303476431,-0.02735559303476431,-0.02735559303476431,1.0,0.16114681941075085,normal,n/a,n/a,0.034912167321488274,0.5329297160599413,-0.0027266336309375028,0.8857675961438789,0.040858578357685665,0.0008616022582157434,
LSCC,2015-10-30,2016-12-05,4.579999923706055,7.099999904632568,3,0.550218345612411,0.547218345612411,0.547218345612411,1.0,0.16260929463052531,normal,n/a,n/a,0.10895878857040997,-0.3174366769495782,-0.3777174129589177,1.576338188200205,0.038871815013250884,0.0008616022582157434,
EBAY,2015-11-05,2016-12-09,25.989025115966797,26.583316802978516,1,0.022867024998433072,0.019867024998433073,0.019867024998433073,1.0,0.1566875346279629,normal,n/a,n/a,0.046802254763577134,0.30711211031451113,0.0,0.8495845154923576,0.03342328010723849,0.00793900321846741,
PODD,2015-11-06,2016-12-12,36.09000015258789,37.72999954223633,4,0.04544193357480042,0.04244193357480042,0.04244193357480042,1.0,0.1709042255469211,normal,n/a,n/a,0.14208859863657164,-0.1616724554661777,-0.2403704182782378,4.441630988392883,0.038110457779443885,0.0036623310892047733,
LFUS,2015-11-09,2016-12-13,103.16481018066406,139.43838500976562,5,0.3516080218204116,0.3486080218204116,0.3486080218204116,1.0,0.1644654552460339,normal,n/a,n/a,0.22230511323662827,0.17827898475741932,0.0,2.9170357248302334,0.029554502379737477,-0.011348653919355689,
AAON,2015-11-11,2016-12-15,15.346332550048828,20.650222778320312,7,0.3456128824899347,0.3426128824899347,0.3426128824899347,1.0,0.15945743316484287,normal,n/a,n/a,0.08641944302271476,0.15792649664004932,-0.007820082427445918,1.5146197090930724,0.028656614847866104,-0.002216813336991419,
VMI,2015-11-13,2016-12-19,101.91641235351562,138.14109802246094,11,0.3554352516186834,0.3524352516186834,0.3524352516186834,1.0,0.15651107610928494,normal,n/a,n/a,0.07323943390393284,-0.16819164586791058,-0.16819164586791058,1.1846752685071722,0.029772331438843794,0.026460139341344613,
BRKR,2015-11-13,2016-12-19,20.124996185302734,20.652942657470703,11,0.026233370049209226,0.023233370049209227,0.023233370049209227,1.0,0.1563530829684034,normal,n/a,n/a,0.10068131641614553,0.1590282887953065,-0.05493004473797636,0.64063205166064,0.016249622289340414,0.026460139341344613,
PSKY,2015-11-16,2016-12-20,40.84840774536133,52.61136245727539,12,0.2879660520733478,0.2849660520733478,0.2849660520733478,1.0,0.16261484497809764,normal,n/a,n/a,0.16310908997891826,-0.025807337901269434,-0.191097480543165,0.5945369580072136,0.014366631221602828,0.08450197483090016,
ILMN,2015-11-17,2016-12-21,168.75486755371094,124.3385238647461,13,-0.2632003706490309,-0.2662003706490309,-0.2662003706490309,1.0,0.17321421555597716,normal,n/a,n/a,-0.08521403365863967,-0.08622593410196144,-0.2772268589474972,1.4953072398943288,0.0239391201527403,0.09789514807090272,
GMED,2015-11-18,2016-12-22,26.149999618530273,24.260000228881836,14,-0.07227531232196105,-0.07527531232196105,-0.07527531232196105,1.0,0.1636297657336337,normal,n/a,n/a,0.05999187424642516,0.15452538891597167,-0.06806842066160257,0.8618711539130133,0.030383703679604322,0.07372807542314863,
NSC,2015-11-19,2016-12-23,78.06106567382812,90.64439392089844,15,0.1611985198824819,0.1581985198824819,0.1581985198824819,1.0,0.1850531962338401,normal,n/a,n/a,0.2520983552932887,-0.13371575321733853,-0.14716828014995464,1.7653135040373298,0.03415723535665759,0.047080463683674356,
ABBV,2015-11-19,2016-12-23,39.3057746887207,42.032142639160156,15,0.06936303818028611,0.0663630381802861,0.0663630381802861,1.0,0.22077270407338717,normal,n/a,n/a,-0.05272313164275988,-0.040666702915565955,-0.14209155260454298,0.5172392983772212,0.0303387693636664,0.047080463683674356,
DLTR,2015-11-24,2016-12-28,74.16000366210938,77.66999816894531,20,0.04733002067837422,0.044330020678374216,0.044330020678374216,1.0,0.15671593371743248,normal,n/a,n/a,0.06475236234639192,0.1101796448220056,-0.1151413217705658,2.9397762190999353,0.02527567473527116,0.09159020781580396,
HPQ,2015-11-24,2016-12-28,10.244101524353027,10.965997695922852,20,0.07046944720858916,0.06746944720858916,0.06746944720858916,1.0,0.15741052064266292,normal,n/a,n/a,0.1664955935459027,-0.12554411717657166,-0.19517061263414393,1.2427192737043726,0.03564843239005975,0.09159020781580396,
MSA,2015-11-24,2016-12-28,40.45408248901367,60.806617736816406,20,0.5031021344589877,0.5001021344589877,0.5001021344589877,1.0,0.15198129382948922,normal,n/a,n/a,0.07075651394519467,-0.13307318213662966,-0.13369228547257617,1.0163145225996255,0.015718977519209774,0.09159020781580396,
SLAB,2015-11-24,2016-12-28,52.9900016784668,65.5999984741211,20,0.23796936018551862,0.23496936018551862,0.23496936018551862,1.0,0.15097742764452696,normal,n/a,n/a,0.26016653126985867,0.17598757353514483,-0.09341315676995854,1.1057593959793948,0.014583293741981636,0.09159020781580396,
CRL,2015-11-27,2017-01-03,78.04000091552734,76.52999877929688,26,-0.019349078914862372,-0.02234907891486237,-0.02234907891486237,1.0,0.16237061540072362,normal,n/a,n/a,0.15460874602501629,0.20525097939038361,-0.07315910042730045,0.3763296787798996,0.018870427782944284,0.07123057007542144,
TSN,2015-12-03,2017-01-06,40.08347702026367,49.81794738769531,3,0.24285493901915012,0.23985493901915012,0.23985493901915012,1.0,0.16001965743063207,normal,n/a,n/a,0.20502635081242837,0.2777480664101355,0.0,1.7582619075011505,0.02786344036147169,0.04985431271868723,
PWR,2015-12-03,2017-01-06,22.497249603271484,34.2264289855957,3,0.5213605924796512,0.5183605924796512,0.5183605924796512,1.0,0.16427289607363227,normal,n/a,n/a,-0.06519978664908288,-0.22552333311096062,-0.2456429867120392,1.3589176665011686,0.015651250616838454,0.04985431271868723,
HRL,2015-12-07,2017-01-10,29.554288864135742,27.053546905517578,7,-0.08461519646486315,-0.08761519646486315,-0.08761519646486315,1.0,0.15831711108531804,normal,n/a,n/a,0.266663391344681,0.4895646085818568,-0.0016755401484379595,0.8542332636780401,0.013142928635427448,0.06351158825097869,
AVAV,2015-12-09,2017-01-12,28.1299991607666,25.760000228881836,1,-0.08425165313158789,-0.08725165313158789,-0.08725165313158789,1.0,0.22120741097032184,normal,n/a,n/a,0.3465773088871309,0.03724182486278105,-0.03200276401469726,5.992800303145131,0.03956105789750289,0.02621644505731835,
ROST,2015-12-14,2017-01-17,49.209835052490234,61.25894546508789,6,0.24485167242981687,0.24185167242981687,0.24185167242981687,1.0,0.20053550722317443,crisis,n/a,n/a,0.10292845739878409,0.19324355499003687,-0.03299705282928689,0.8516671915624033,0.025633959762120385,0.02794652258136665,
ULTA,2015-12-14,2017-01-17,185.5399932861328,263.05999755859375,6,0.41780751901242397,0.41480751901242396,0.41480751901242396,1.0,0.1868528739212041,crisis,n/a,n/a,0.0998873116418344,0.4456911218670081,0.0,0.890504729643095,0.03179033474303897,0.02794652258136665,
DG,2015-12-14,2017-01-17,61.75149917602539,65.65335845947266,6,0.06318647053936033,0.060186470539360326,0.060186470539360326,1.0,0.16682095325826468,crisis,n/a,n/a,0.0022584548570308005,0.019833659317357588,-0.12253337973322231,0.7455696516347721,0.014112094390212437,0.02794652258136665,
DRI,2015-12-18,2017-01-23,46.183223724365234,56.228145599365234,4,0.21750153118264293,0.21450153118264292,0.21450153118264292,1.0,0.16631272766166744,normal,n/a,n/a,-0.0038301014144171974,0.2603939658025498,-0.05901789976634497,3.926885759607618,0.021889697080826068,0.03842414298939478,
OKE,2016-01-06,2017-02-09,12.805460929870605,31.597942352294922,1,1.4675365084741396,1.4645365084741397,1.4645365084741397,1.0,0.19040643550447506,calm,balanced,insufficient_data,-0.36414908674707125,-0.42564272412575355,-0.5033117852072534,1.0136587325499649,0.053004909651562904,-0.013482275583419967,
BURL,2016-01-12,2017-02-15,48.91999816894531,86.87999725341797,2,0.7759607625776626,0.7729607625776626,0.7729607625776626,1.0,0.1774056920411757,normal,reactive,insufficient_data,-0.05413772207408596,0.009909156809341235,-0.19829567679524418,4.1792897481119144,0.03983995173672713,-0.04644605177338512,
EQT,2016-01-15,2017-02-21,26.20674705505371,31.225751876831055,4,0.19151575017050737,0.18851575017050737,0.18851575017050737,1.0,0.17154968214775027,crisis,reserved,insufficient_data,-0.29289697122652847,-0.30439558904070474,-0.4283687051583881,0.8379134858442095,0.030948526814742867,-0.06865483341471601,
MSM,2016-01-28,2017-03-03,39.349178314208984,67.15302276611328,7,0.7065927585548675,0.7035927585548675,0.7035927585548675,1.0,0.1595933380438797,crisis,balanced,insufficient_data,-0.008395493961298683,-0.15237522924155,-0.17154494927303032,0.8447216127086782,0.022883003180837955,-0.10013548089975743,
TPR,2016-01-28,2017-03-03,26.846492767333984,29.549789428710938,7,0.10069459295130878,0.09769459295130878,0.09769459295130878,1.0,0.1905242709749136,crisis,reactive,insufficient_data,0.1407575444440392,-0.042962244340268296,-0.14446637212206326,1.3948360987454471,0.035094907147722045,-0.10013548089975743,
KMI,2016-01-29,2017-03-06,9.927962303161621,13.4601411819458,10,0.3557808511882983,0.3527808511882983,0.3527808511882983,1.0,0.21577871095010331,normal,reactive,insufficient_data,-0.3967325626124293,-0.5777960093533417,-0.6111402967537373,1.1166641668220112,0.06844966517533424,-0.08036347015054912,
NDAQ,2016-02-02,2017-03-08,17.632097244262695,20.376028060913086,12,0.1556213522780585,0.1526213522780585,0.1526213522780585,1.0,0.15165676105074577,crisis,balanced,insufficient_data,0.0678465044225145,0.34764275785559073,0.0,1.413966845229007,0.023283847612656648,-0.09376498681073464,
CPRI,2016-02-02,2017-03-08,50.11000061035156,36.400001525878906,12,-0.2735980626118869,-0.2765980626118869,-0.2765980626118869,1.0,0.2955851131544759,crisis,reactive,insufficient_data,0.1522188704619556,-0.30614788474987376,-0.3160911299824182,6.489644003750319,0.05965734661239448,-0.09376498681073464,
JCI,2016-02-04,2017-03-10,25.797677993774414,33.49837875366211,14,0.2985036390386009,0.2955036390386009,0.2955036390386009,1.0,0.1549943285168984,crisis,reactive,insufficient_data,-0.04991412609871182,-0.15574834491155576,-0.1833331753385381,0.8666733047817783,0.02934118503480515,-0.0784815214337462,
DLB,2016-02-04,2017-03-10,32.587738037109375,45.15495681762695,14,0.3856425618190076,0.3826425618190076,0.3826425618190076,1.0,0.15094991937766156,crisis,balanced,insufficient_data,0.06460930035799661,-0.03717046677172564,-0.08966404435760245,1.1769958921235935,0.03222223199554097,-0.0784815214337462,
APD,2016-02-05,2017-03-13,97.60379028320312,109.896728515625,17,0.1259473448393058,0.1229473448393058,0.1229473448393058,1.0,0.1561925439916029,crisis,reactive,insufficient_data,-0.00212349929970701,-0.07636182064915253,-0.1219800985914894,0.9371829365456038,0.02075968975188374,-0.09687658508982055,
ARW,2016-02-05,2017-03-13,54.75,73.44000244140625,17,0.3413699076055936,0.3383699076055936,0.3383699076055936,1.0,0.15987549165388432,crisis,balanced,insufficient_data,-0.07360403699546436,-0.06474207134018117,-0.15339413096982146,2.4686877137724847,0.02793276618384586,-0.09687658508982055,
CMI,2016-02-05,2017-03-13,75.30540466308594,121.06428527832031,17,0.6076440438765078,0.6046440438765078,0.6046440438765078,1.0,0.15854716123921986,crisis,balanced,insufficient_data,-0.03599856236241361,-0.24998767130709298,-0.30300651671108536,1.425747927649485,0.024776363616197377,-0.09687658508982055,
SPXC,2016-02-05,2017-03-13,9.859999656677246,24.6299991607666,17,1.4979716042978795,1.4949716042978796,1.4949716042978796,1.0,0.18178290643276926,crisis,reactive,insufficient_data,-0.14926664996845218,-0.5520179075691292,-0.5628669127204246,0.6737725798383895,0.05493869777983727,-0.09687658508982055,
GATX,2016-02-05,2017-03-13,34.8253059387207,48.92936706542969,17,0.4049946079878457,0.4019946079878457,0.4019946079878457,1.0,0.19171311029201815,crisis,balanced,insufficient_data,-0.027974709920152163,-0.2391078405878274,-0.28532291984370683,1.2180028935268081,0.030736993722805667,-0.09687658508982055,
KNX,2016-02-05,2017-03-13,23.6269474029541,30.014612197875977,17,0.2703550605154865,0.2673550605154865,0.2673550605154865,1.0,0.19093741463074237,crisis,reactive,insufficient_data,-0.04514936734229802,-0.12834766721782376,-0.24217818959547188,1.131850996652599,0.03138827418753165,-0.09687658508982055,
SAIA,2016-02-05,2017-03-13,25.459999084472656,45.650001525878906,17,0.7930087654134901,0.7900087654134901,0.7900087654134901,1.0,0.2770401115797063,crisis,balanced,insufficient_data,0.05511810899142189,-0.43067982134387894,-0.4560991596338706,3.9814198294175465,0.04486251021639343,-0.09687658508982055,
CRUS,2016-02-08,2017-03-14,31.8700008392334,55.40999984741211,18,0.7386256162001703,0.7356256162001703,0.7356256162001703,1.0,0.1907088699579894,crisis,reactive,insufficient_data,0.07887609517578986,0.11511549770153806,-0.1643943012782737,0.7451451512340516,0.051618476583923815,-0.10677593185240963,
TKR,2016-02-08,2017-03-14,23.484355926513672,37.01299285888672,18,0.5760701709131955,0.5730701709131955,0.5730701709131955,1.0,0.1681967625338954,crisis,balanced,insufficient_data,-0.0693584091114029,-0.261739552344049,-0.31587467835864147,1.0289763404192906,0.034530660063098975,-0.10677593185240963,
ETN,2016-02-08,2017-03-14,43.71345520019531,59.6203498840332,18,0.3638901251568607,0.3608901251568607,0.3608901251568607,1.0,0.1544215701195715,crisis,balanced,insufficient_data,-0.007384745929935432,-0.1866659786688989,-0.23606636195239528,1.3819441213031716,0.02401517552904239,-0.10677593185240963,
FAST,2016-02-08,2017-03-14,8.387863159179688,10.014564514160156,18,0.19393513271615603,0.19093513271615603,0.19093513271615603,1.0,0.16798005170523383,crisis,reactive,insufficient_data,0.094435209027532,0.06336788884349032,0.0,1.1778067352164698,0.031578218628066076,-0.10677593185240963,
PH,2016-02-08,2017-03-14,86.51828002929688,137.1631317138672,18,0.5853659095791193,0.5823659095791193,0.5823659095791193,1.0,0.15181725294306309,crisis,reactive,insufficient_data,-0.00827417368672323,-0.14342975887358167,-0.17719201197136258,0.9078544631691776,0.019864098240936004,-0.10677593185240963,
LECO,2016-02-08,2017-03-14,46.28752899169922,73.61336517333984,18,0.5903498583072124,0.5873498583072124,0.5873498583072124,1.0,0.1506460998096819,crisis,balanced,insufficient_data,-0.0045873975526332655,-0.20129811786337803,-0.21688950318104006,1.0818527576955814,0.02346916123939265,-0.10677593185240963,
DECK,2016-02-09,2017-03-15,8.261667251586914,9.055000305175781,19,0.09602578141070528,0.09302578141070528,0.09302578141070528,1.0,0.153975389781042,crisis,reactive,insufficient_data,-0.005217706441487002,-0.3351662911957932,-0.3569019057425865,1.3149442914266305,0.025753664800302823,-0.09470325202233387,
KEX,2016-02-09,2017-03-15,52.93000030517578,69.69999694824219,19,0.31683348850135085,0.31383348850135084,0.31383348850135084,1.0,0.17835135109052963,crisis,reactive,insufficient_data,-0.1512187333688132,-0.29773121432483807,-0.36912992440352277,0.7148121509186002,0.027644199249259777,-0.09470325202233387,
ODFL,2016-02-09,2017-03-15,19.52143669128418,28.304012298583984,19,0.44989391642578225,0.44689391642578224,0.44689391642578224,1.0,0.15350261722301287,crisis,balanced,insufficient_data,-0.03282049886379601,-0.1777866538623969,-0.24110470916214255,1.1194979771527716,0.030413295039739354,-0.09470325202233387,
JBHT,2016-02-12,2017-03-20,67.80337524414062,85.51959228515625,5,0.2612881287579649,0.2582881287579649,0.2582881287579649,1.0,0.15317591838194447,crisis,balanced,insufficient_data,-0.01635808980225384,-0.092340109009586,-0.1823170971824698,0.7569446200645238,0.017995359415930588,-0.09054637902831919,
WSO,2016-02-12,2017-03-20,90.51141357421875,110.6907730102539,5,0.22294822983278473,0.21994822983278473,0.21994822983278473,1.0,0.1568234676544665,crisis,balanced,insufficient_data,0.028478068129418554,0.08821010143408592,-0.05098349720087014,1.5831049492181202,0.028355817247400945,-0.09054637902831919,
AKAM,2016-02-16,2017-03-22,52.54999923706055,63.68000030517578,7,0.21179831074604238,0.20879831074604238,0.20879831074604238,1.0,0.1901486217028157,crisis,balanced,insufficient_data,-0.1130801816529865,-0.2531267938998676,-0.32937724824215286,1.4142735182460537,0.05810977902721061,-0.09022937205249748,
GHC,2016-02-16,2017-03-22,459.8238830566406,529.9227294921875,7,0.15244716296502636,0.14944716296502636,0.14944716296502636,1.0,0.17242005997035442,crisis,balanced,insufficient_data,-0.06695936496676169,-0.13705386269751962,-0.2869109440682952,0.9294741133306156,0.02837207641496463,-0.09022937205249748,
WCC,2016-02-17,2017-03-23,41.96513366699219,66.22245025634766,8,0.5780350131098269,0.5750350131098269,0.5750350131098269,1.0,0.15127941351107416,crisis,balanced,insufficient_data,-0.07585480155451918,-0.37490976714924196,-0.4170373826248661,0.6216720721117578,0.02810336232573672,-0.07419617375693555,
FLS,2016-02-17,2017-03-23,35.30890655517578,38.436180114746094,8,0.08856897210009751,0.0855689721000975,0.0855689721000975,1.0,0.17344051970676244,crisis,balanced,insufficient_data,-0.05362072697450726,-0.2869188459602098,-0.30234655611162375,1.0469790624137576,0.02455695304049238,-0.07419617375693555,
GRMN,2016-02-17,2017-03-23,31.01083755493164,41.111724853515625,8,0.3257212024890197,0.3227212024890197,0.3227212024890197,1.0,0.22890650804597207,crisis,reactive,insufficient_data,0.12518901815750816,-0.14976839405339226,-0.1499362502249515,4.117196831765838,0.041216792726601316,-0.07419617375693555,
CVLT,2016-02-17,2017-03-23,37.060001373291016,49.349998474121094,8,0.33162430235869955,0.32862430235869955,0.32862430235869955,1.0,0.17037077072429863,crisis,balanced,insufficient_data,-0.07925462426606167,-0.1658788854661838,-0.24567472893171782,0.6331991374640168,0.04603019152795605,-0.07419617375693555,
WSM,2016-02-18,2017-03-24,22.737171173095703,19.375646591186523,9,-0.14784269143765705,-0.15084269143765705,-0.15084269143765705,1.0,0.15684525719326842,crisis,balanced,insufficient_data,-0.08801366538250244,-0.2534842710265508,-0.3392365207493071,1.0873728052769676,0.02497549149114037,-0.08201341787772698,
SLB,2016-02-18,2017-03-24,54.76223373413086,59.442935943603516,9,0.08547317905616003,0.08247317905616003,0.08247317905616003,1.0,0.15493540425161206,crisis,balanced,insufficient_data,-0.044870032156381745,-0.14248391663530635,-0.21163991148763872,0.634707450704638,0.028679671350944548,-0.08201341787772698,
APO,2016-02-18,2017-03-24,10.324045181274414,16.66672706604004,9,0.6143601440518567,0.6113601440518567,0.6113601440518567,1.0,0.17422407549123547,crisis,balanced,insufficient_data,-0.03949265055958595,-0.28264449031164995,-0.2841690378817815,2.501892906703603,0.03895044868641447,-0.08201341787772698,
TTC,2016-02-19,2017-03-27,34.08399963378906,53.213443756103516,3,0.5612441124236647,0.5582441124236647,0.5582441124236647,1.0,0.16037312650817154,normal,reactive,insufficient_data,0.024696860051585112,0.18223695757753866,0.0,1.4470906630581868,0.017226965737314904,-0.08090235814567848,
CHH,2016-02-19,2017-03-27,47.495399475097656,57.416954040527344,3,0.20889506510270883,0.20589506510270883,0.20589506510270883,1.0,0.16445696334051338,normal,balanced,insufficient_data,0.010552881446836748,-0.17653186375014618,-0.1791985892164053,2.692816400760519,0.024855994056980763,-0.08090235814567848,
GGG,2016-02-19,2017-03-27,22.19649314880371,27.575868606567383,3,0.24235249332859565,0.23935249332859565,0.23935249332859565,1.0,0.15329918716720875,normal,balanced,insufficient_data,0.02603222773217828,0.007399926176467231,-0.011952572453327481,0.7874107988324531,0.029298723352639843,-0.08090235814567848,
NEM,2016-02-19,2017-03-27,19.453128814697266,26.696735382080078,3,0.3723620316496392,0.3693620316496392,0.3693620316496392,1.0,0.3960822766235742,normal,reactive,insufficient_data,0.4164052493853856,-0.024092725257924497,-0.09946273491661473,0.6488021624023401,0.03702808810559598,-0.08090235814567848,
GWW,2016-02-22,2017-03-28,188.8873291015625,209.33470153808594,1,0.10825168916189787,0.10525168916189787,0.10525168916189787,1.0,0.15385796543891905,normal,balanced,insufficient_data,0.11782304924665876,-0.04598859463863547,-0.1074761021739179,0.8990581153322053,0.02069626343068579,-0.06875551660681978,
GAP,2016-02-23,2017-03-29,19.051883697509766,17.969209671020508,2,-0.056827663011126406,-0.05982766301112641,-0.05982766301112641,1.0,0.1508427818681706,crisis,reactive,insufficient_data,-0.019029523470845522,-0.29756012143485533,-0.35414320086963647,0.739346855697631,0.02434087436139322,-0.08023481032985924,
IDCC,2016-02-23,2017-03-29,41.882259368896484,71.7339096069336,2,0.7127516683163038,0.7097516683163038,0.7097516683163038,1.0,0.1534415417490548,crisis,balanced,insufficient_data,-0.035243643271927305,-0.04656926534084771,-0.15643106291909792,1.348703740352266,0.02197747186590483,-0.08023481032985924,
NDSN,2016-02-23,2017-03-29,62.69919204711914,111.19647216796875,2,0.77349130885775,0.77049130885775,0.77049130885775,1.0,0.20714978541172263,crisis,balanced,insufficient_data,-0.027643121103687385,-0.09922870969449704,-0.1588723162925858,2.6623731347574826,0.02443120776865038,-0.08023481032985924,
STX,2016-02-23,2017-03-29,19.65213394165039,31.60416030883789,2,0.6081795698459282,0.6051795698459282,0.6051795698459282,1.0,0.155279237539005,crisis,balanced,insufficient_data,-0.09303908609017009,-0.4647985637617458,-0.47227547817678195,0.6489022574806073,0.04449667515202119,-0.08023481032985924,
TXRH,2016-02-23,2017-03-29,35.17147445678711,37.809288024902344,2,0.07499866323079929,0.07199866323079929,0.07199866323079929,1.0,0.16369543840691517,crisis,balanced,insufficient_data,0.1757526912743954,0.12676022085255134,0.0,4.550201080483974,0.032185817878755005,-0.08023481032985924,
PII,2016-02-24,2017-03-30,65.44693756103516,64.41160583496094,1,-0.015819406753886378,-0.018819406753886377,-0.018819406753886377,1.0,0.17278767044172094,normal,balanced,insufficient_data,-0.1705771536056364,-0.43324300601987553,-0.43669506745597875,0.5507603781339909,0.02882971294844036,-0.07669933656820138,
LAD,2016-02-24,2017-03-30,86.2346420288086,81.57589721679688,1,-0.05402405231131313,-0.057024052311313134,-0.057024052311313134,1.0,0.16436990946395993,normal,balanced,insufficient_data,-0.25297963585048366,0.016649364148186407,-0.25416453697079444,2.3447033898305083,0.02714871615196313,-0.07669933656820138,
SATS,2016-02-24,2017-03-30,34.55429458618164,45.29983901977539,1,0.3109756562036987,0.3079756562036987,0.3079756562036987,1.0,0.20098578671973885,normal,balanced,insufficient_data,0.0874777043804642,-0.21444363107698883,-0.22444525478137556,3.6575908395953287,0.03456932217442032,-0.07669933656820138,
MUSA,2016-02-24,2017-03-30,62.64307403564453,70.86286163330078,1,0.1312162234084986,0.1282162234084986,0.1282162234084986,1.0,0.15816704435145212,normal,reactive,insufficient_data,0.06676588455169741,-0.09084483883076322,-0.12152947699099759,0.7840135240738083,0.01884902997570219,-0.07669933656820138,
FICO,2016-02-25,2017-03-31,98.49491119384766,128.9499969482422,2,0.3092046623043898,0.3062046623043898,0.3062046623043898,1.0,0.1506597395003451,normal,reactive,insufficient_data,0.03496071094758291,0.15932099494924645,0.0,1.0268541782229907,0.038917526994014656,-0.06186759647140794,
DPZ,2016-02-25,2017-03-31,118.38972473144531,166.3635711669922,2,0.4052196805455077,0.4022196805455077,0.4022196805455077,1.0,0.1585784775742375,normal,balanced,insufficient_data,0.2401402056668389,0.29281109831613406,0.0,4.131884936852375,0.033083829390271546,-0.06186759647140794,
AN,2016-02-26,2017-04-03,51.65999984741211,40.84000015258789,3,-0.20944637488933793,-0.21244637488933793,-0.21244637488933793,1.0,0.19004183301692174,normal,reactive,insufficient_data,-0.19882138402747052,-0.1600000024811039,-0.21963742856662105,0.5451449507789476,0.02525831980380079,-0.07351737709425465,
RGEN,2016-02-26,2017-04-03,26.049999237060547,33.83000183105469,3,0.2986565382668329,0.2956565382668329,0.2956565382668329,1.0,0.15051412889544352,normal,reactive,insufficient_data,-0.0913847517356573,0.013224432699152855,-0.38182250559169084,1.356668259000304,0.02633660007141036,-0.07351737709425465,
PAG,2016-02-26,2017-04-03,29.28415298461914,36.65791702270508,3,0.2518004888841705,0.2488004888841705,0.2488004888841705,1.0,0.18898848934652043,normal,reactive,insufficient_data,-0.18187559554265265,-0.21843166588424978,-0.29201063183222953,0.761115416857789,0.026351941988840468,-0.07351737709425465,
WHR,2016-02-29,2017-04-04,103.55191802978516,112.97853088378906,4,0.09103272091292869,0.08803272091292869,0.08803272091292869,1.0,0.1518400021062318,normal,reactive,insufficient_data,-0.03192707876037948,-0.26150338034339593,-0.26150338034339593,0.9720376218010041,0.020455871248227758,-0.07082439065223567,
AXON,2016-02-29,2017-04-04,19.3799991607666,22.0,4,0.13519096763107186,0.13219096763107185,0.13219096763107185,1.0,0.23895706847445192,normal,reactive,insufficient_data,0.07487512050518186,-0.1439929468537171,-0.446759924747117,5.250476859753037,0.03379704644152817,-0.07082439065223567,
CF,2016-02-29,2017-04-04,27.572998046875,23.08991241455078,4,-0.1625897055047415,-0.1655897055047415,-0.1655897055047415,1.0,0.2177585088621812,normal,reserved,insufficient_data,-0.18223995394899994,-0.39842522332584374,-0.4591234294172185,1.2360325754141515,0.038385610279547164,-0.07082439065223567,
UAL,2016-02-29,2017-04-04,57.2599983215332,69.76000213623047,4,0.21830255293592127,0.21530255293592127,0.21530255293592127,1.0,0.17429943446229104,normal,balanced,insufficient_data,-0.011224339968772368,-0.14294266705645364,-0.18305034508072204,0.9303105267394568,0.024145736407027944,-0.07082439065223567,
HLT,2016-02-29,2017-04-04,40.534034729003906,55.07780075073242,4,0.35880380818151814,0.35580380818151813,0.35580380818151813,1.0,0.1535912540457796,normal,balanced,insufficient_data,-0.10777153518741345,-0.27612928251551516,-0.3280336180687634,1.2976612658515712,0.0211309707008585,-0.07082439065223567,
ARWR,2016-03-01,2017-04-05,4.139999866485596,1.659999966621399,1,-0.5990338115564829,-0.602033811556483,-0.602033811556483,1.0,0.1575474133500013,normal,reactive,insufficient_data,-0.2472727515480735,-0.425797525023369,-0.48250001668930054,0.8950945295894396,0.04875910308274822,-0.034772366354092865,
QCOM,2016-03-02,2017-04-06,39.99129867553711,44.30417251586914,2,0.10784530593326891,0.1048453059332689,0.1048453059332689,1.0,0.16781687173497936,normal,reactive,insufficient_data,0.01922130694503954,-0.22789794047521983,-0.2476491275661955,1.2607500129778828,0.02184420128867786,-0.05031337969891547,
MOS,2016-03-02,2017-04-06,23.249893188476562,25.06753158569336,2,0.07817835473402002,0.07517835473402001,0.07517835473402001,1.0,0.22189650123882157,normal,reactive,insufficient_data,-0.07890190075981884,-0.4400065786239742,-0.4400065786239742,0.9794214057470315,0.03998473807811085,-0.05031337969891547,
BWA,2016-03-03,2017-04-07,26.49854850769043,29.171621322631836,3,0.1008761975836383,0.0978761975836383,0.0978761975836383,1.0,0.15166434160028833,normal,reactive,insufficient_data,-0.17655743400751578,-0.4278325537429727,-0.4282014267562565,0.6534236671609562,0.022198546874266853,-0.04028272575869396,
WAB,2016-03-07,2017-04-11,72.70303344726562,77.14179992675781,1,0.0610533875826762,0.0580533875826762,0.0580533875826762,1.0,0.15517678436461635,normal,balanced,insufficient_data,0.058470193422607286,-0.16387856630131248,-0.2450976827310526,1.2039503451278963,0.025353463838162546,-0.022396726668484135,
LOPE,2016-03-07,2017-04-11,41.84000015258789,71.02999877929688,1,0.6976577084190934,0.6946577084190934,0.6946577084190934,1.0,0.15578518592792379,normal,reactive,insufficient_data,0.11069822634290105,-0.06293395917718736,-0.08825450623069997,1.4467978391030396,0.03575925088941405,-0.022396726668484135,
WDAY,2016-03-07,2017-04-11,72.55000305175781,81.30999755859375,1,0.12074423347145102,0.11774423347145102,0.11774423347145102,1.0,0.22891086326780993,normal,balanced,insufficient_data,-0.12999156274410817,-0.12621938915591313,-0.21559082357620718,0.9594945616740316,0.04781299287241018,-0.022396726668484135,
CRM,2016-03-08,2017-04-12,68.80975341796875,82.1636962890625,2,0.19407049448322167,0.19107049448322166,0.19107049448322166,1.0,0.16993260109491481,normal,reactive,insufficient_data,-0.12043347973868801,0.09504379400792562,-0.14998799299861765,0.538357493527107,0.03237375865687236,-0.035556429541321655,
NOW,2016-03-08,2017-04-12,12.067999839782715,16.898000717163086,2,0.4002320965780968,0.39723209657809677,0.39723209657809677,1.0,0.15735430659643468,normal,balanced,insufficient_data,-0.3059581607490742,-0.18005167128859811,-0.3294810322234686,1.0894670281916639,0.025528808909826423,-0.035556429541321655,
VC,2016-03-09,2017-04-13,73.65806579589844,93.56913757324219,3,0.2703176028612535,0.2673176028612535,0.2673176028612535,1.0,0.15289575484439794,normal,reactive,insufficient_data,0.10207074249206882,0.3080137078123,0.0,1.7682345415263545,0.02242403933088371,-0.011483964384102596,
AMCR,2016-03-10,2017-04-17,34.44222640991211,38.43259048461914,4,0.11585674013102265,0.11285674013102265,0.11285674013102265,1.0,0.23255463110298713,normal,herd,insufficient_data,0.12356096539037109,0.06804132711320232,0.0,14.851485148514852,0.046675277813100643,-0.016009375181873287,
ARES,2016-03-10,2017-04-17,8.768529891967773,13.341339111328125,4,0.5215023813226864,0.5185023813226864,0.5185023813226864,1.0,0.1874760696806545,normal,balanced,insufficient_data,0.08490921695010245,-0.271640860776047,-0.32904304785406546,1.2718982481401488,0.02685564261390527,-0.016009375181873287,
HOG,2016-03-11,2017-04-17,38.15945816040039,47.58247375488281,4,0.2469378772327817,0.2439378772327817,0.2439378772327817,1.0,0.1606096406565829,normal,reactive,insufficient_data,0.07472041432816878,-0.1451282699895483,-0.19689317011727703,1.0744332748233916,0.01537664723380951,-0.010384647436634586,
DKS,2016-03-11,2017-04-17,35.20440673828125,38.571006774902344,4,0.09563007442929727,0.09263007442929727,0.09263007442929727,1.0,0.16745199105764136,normal,balanced,insufficient_data,0.25465513489791625,-0.17346171097261964,-0.20289075081525854,1.1054449957486197,0.017021289671422,-0.010384647436634586,
AMD,2016-03-14,2017-04-18,2.7200000286102295,12.949999809265137,5,3.761029291562866,3.758029291562866,3.758029291562866,1.0,0.2776162503118669,normal,reactive,insufficient_data,0.0708661690789496,-0.014492739851898917,-0.0933333237965902,2.7433343572478153,0.04313363983524239,-0.025773394988632514,
DVN,2016-03-16,2017-04-20,18.329696655273438,27.915727615356445,7,0.5229781561783302,0.5199781561783302,0.5199781561783302,1.0,0.18991085827819384,normal,balanced,insufficient_data,-0.07558570443971924,-0.5526935509290949,-0.609651614094012,0.6765752932386421,0.06331633489418989,0.01080497686291193,
COP,2016-03-17,2017-04-21,31.645116806030273,35.935142517089844,8,0.13556675228457582,0.13256675228457582,0.13256675228457582,1.0,0.1531317442555743,normal,balanced,insufficient_data,-0.03891219385488831,-0.2825670480688127,-0.35120918914771715,0.950698975905687,0.03522426244783402,0.009618257512519657,
FDX,2016-03-18,2017-04-24,139.90846252441406,162.60791015625,11,0.16224499377852064,0.15924499377852064,0.15924499377852064,1.0,0.16061478780697436,calm,reactive,insufficient_data,0.10503857494168423,-0.04219694323363066,-0.1091986077950845,2.0059718118105727,0.02874342435544474,0.005203660463040549,
PKG,2016-03-18,2017-04-24,42.71712112426758,72.39920043945312,11,0.6948520530875189,0.6918520530875188,0.6918520530875188,1.0,0.1730792312978401,calm,reactive,insufficient_data,-0.07023890911935027,-0.2670227640455366,-0.2670227640455366,3.018963467020181,0.019050028703729596,0.005203660463040549,
TPL,2016-03-21,2017-04-25,14.91440200805664,28.907264709472656,12,0.9382114478245378,0.9352114478245378,0.9352114478245378,1.0,0.16890489279720772,calm,reactive,insufficient_data,0.12241111111270597,0.08578538850701634,-0.060925993045552684,1.109040074557316,0.021604843008465123,-0.00614736358075596,
KTOS,2016-03-28,2017-05-02,4.670000076293945,7.820000171661377,4,0.6745182106864618,0.6715182106864618,0.6715182106864618,1.0,0.31667003115215386,normal,reactive,insufficient_data,0.16458848123211856,-0.16007192008003313,-0.3431786232631744,1.3295114860161337,0.045803811862213835,-0.012751074569636756,
EW,2016-04-04,2017-05-09,35.026668548583984,36.663333892822266,1,0.04672626350314002,0.04372626350314002,0.04372626350314002,1.0,0.16221426943336528,calm,reactive,insufficient_data,0.3548221886722964,0.5027530877159188,0.0,4.673907167477984,0.040583330980280614,0.06332178085240847,
NBIX,2016-04-06,2017-05-11,46.4900016784668,52.119998931884766,1,0.12110124865892757,0.11810124865892757,0.11810124865892757,1.0,0.2405890195258223,calm,reactive,insufficient_data,0.042376754910482095,0.1045379308607195,-0.19330208542737348,1.1542976991756806,0.03946113100889245,0.07433180581780041,
GPN,2016-04-07,2017-05-12,67.99137115478516,83.19978332519531,2,0.2236815041689273,0.2206815041689273,0.2206815041689273,1.0,0.16216201095402066,normal,reactive,insufficient_data,0.22613947332811457,0.4557594757951553,-0.012473392758619473,1.7299019998406502,0.02464698918255357,0.05324755896216682,
HALO,2016-04-07,2017-05-12,11.029999732971191,14.279999732971191,2,0.29465095908252903,0.291650959082529,0.291650959082529,1.0,0.16136871432909233,normal,reactive,insufficient_data,-0.09738138363780546,-0.27719531012225906,-0.5543434451324771,1.35762010262647,0.0459620689294705,0.05324755896216682,
CYTK,2016-04-07,2017-05-12,7.800000190734863,14.399999618530273,2,0.8461537521031268,0.8431537521031268,0.8431537521031268,1.0,0.18365246902697835,normal,reactive,insufficient_data,-0.19003114246715647,0.10325318265189565,-0.3976833740835797,0.6566396146108473,0.03175917010667662,0.05324755896216682,
JAZZ,2016-04-13,2017-05-18,147.33999633789062,149.13999938964844,1,0.012216662796908917,0.009216662796908918,0.009216662796908918,1.0,0.15200990515762333,calm,reactive,insufficient_data,0.22091478260935538,-0.21208558108079878,-0.23665944940136807,2.450142804696688,0.0244291849601502,0.10688713331393274,
HQY,2016-04-13,2017-05-18,25.860000610351562,44.58000183105469,1,0.7238979419516971,0.7208979419516971,0.7208979419516971,1.0,0.15056462560958694,calm,n/a,n/a,0.15912152529759038,0.07302905398437609,-0.2602974460077381,0.946935628934858,0.03504502863154677,0.10688713331393274,
INCY,2016-04-14,2017-05-19,78.54000091552734,131.42999267578125,2,0.6734147077123036,0.6704147077123036,0.6704147077123036,1.0,0.17363281615059614,calm,reactive,insufficient_data,0.05777779010811246,-0.23569482986769796,-0.4026013525041382,0.6248865940656465,0.036464860181489436,0.12017774065036102,
RH,2016-04-15,2017-05-22,43.9900016784668,57.810001373291016,3,0.31416229069136725,0.31116229069136725,0.31116229069136725,1.0,0.17041607532911404,calm,reactive,insufficient_data,-0.2852964707759169,-0.5086013926713663,-0.5835857446741207,0.32260792610916295,0.030959151549950464,0.11329113122099832,
ZTS,2016-04-15,2017-05-22,44.286048889160156,55.96419906616211,3,0.2636981728993304,0.2606981728993304,0.2606981728993304,1.0,0.1751493262895861,calm,balanced,insufficient_data,0.11908308101082721,0.036773586503045186,-0.12441466794409528,0.6687354538401862,0.011726544357133538,0.11329113122099832,
PCTY,2016-04-19,2017-05-24,37.630001068115234,45.0,1,0.1958543375681574,0.1928543375681574,0.1928543375681574,1.0,0.15296518946121965,calm,reactive,insufficient_data,0.21465466830664992,0.22773251342440526,-0.18602635862593997,1.5505397448478901,0.022775374707691757,0.11918516952450986,
MANH,2016-04-20,2017-05-25,67.30000305175781,47.54999923706055,1,-0.2934621533301909,-0.2964621533301909,-0.2964621533301909,1.0,0.15634960745090296,calm,reactive,insufficient_data,0.1960192376801786,0.2458349219078091,-0.1255197004629881,3.712419366898455,0.040296691387775245,0.10441624525306525,
EXEL,2016-04-25,2017-05-30,4.659999847412109,18.31999969482422,4,2.931330535342844,2.9283305353428437,2.9283305353428437,1.0,0.167062686705571,calm,reactive,insufficient_data,0.00865800061555344,0.6466431000144905,-0.296072518433502,2.753840417053572,0.028025074188235292,0.07604731866716219,
FCX,2016-04-27,2017-06-01,11.420697212219238,10.33730697631836,1,-0.09486200498702801,-0.09786200498702802,-0.09786200498702802,1.0,0.18299402924682134,calm,reactive,insufficient_data,1.9080471437296094,-0.4398254868626329,-0.4580559910548121,1.2533442209747694,0.050129658863749475,0.10095472488043655,
RF,2016-04-27,2017-06-01,6.69274377822876,9.838678359985352,1,0.4700515492599906,0.4670515492599906,0.4670515492599906,1.0,0.17090445624021694,calm,balanced,insufficient_data,0.2663192063917823,0.004097744659429026,-0.09405598086504263,1.423539240747072,0.018961950704147995,0.10095472488043655,
AYI,2016-04-27,2017-06-01,246.60595703125,162.0894775390625,1,-0.34271872630180433,-0.34571872630180434,-0.34571872630180434,1.0,0.1509466274383968,calm,balanced,insufficient_data,0.29668770156482815,0.5103832982767134,-0.018763835241174864,1.1900808249465602,0.03302502630410221,0.10095472488043655,
BSX,2016-04-29,2017-06-05,21.920000076293945,27.510000228881836,4,0.25501825424870184,0.25201825424870183,0.25201825424870183,1.0,0.15481051884283295,normal,balanced,insufficient_data,0.2641291743600427,0.23562572486506372,0.0,1.0083441072622512,0.02691247094158491,0.07823232215729337,
GTLS,2016-04-29,2017-06-05,25.739999771118164,35.11000061035156,4,0.36402489986604847,0.36102489986604847,0.36102489986604847,1.0,0.17131004323118698,normal,reactive,insufficient_data,0.6057391558667864,-0.30262801740642964,-0.30451226861736747,2.0726869676817175,0.018346896463131587,0.07823232215729337,
CNH,2016-04-29,2017-06-05,5.7479987144470215,8.349202156066895,4,0.4525407138804689,0.4495407138804689,0.4495407138804689,1.0,0.18898839810254373,normal,reactive,insufficient_data,0.2592611280152275,-0.10073265237916196,-0.18095781463857974,1.4265483989192962,0.025881223489983028,0.07823232215729337,
EOG,2016-05-02,2017-06-06,60.26689910888672,66.59407806396484,1,0.10498597154710998,0.10198597154710998,0.10198597154710998,1.0,0.1576006856716703,normal,balanced,insufficient_data,0.23709817874466843,-0.15976750098124415,-0.15976750098124415,1.1407404853193355,0.019896094160735275,0.1071141073813564,
MOG-A,2016-05-02,2017-06-06,47.26740264892578,66.04690551757812,1,0.3973034653106571,0.3943034653106571,0.3943034653106571,1.0,0.15108619222547198,normal,balanced,insufficient_data,0.2678391636898232,-0.23455495137601523,-0.29068485286946866,1.740827982317447,0.015659385033091857,0.1071141073813564,
FANG,2016-05-02,2017-06-06,67.34515380859375,71.30391693115234,1,0.05878319223696571,0.055783192236965706,0.055783192236965706,1.0,0.15452911569039815,normal,balanced,insufficient_data,0.30159002364358667,0.056305446808459614,-0.009272833755458398,1.289775309265337,0.016609056486829067,0.1071141073813564,
FCN,2016-05-04,2017-06-08,40.52000045776367,34.349998474121094,2,-0.15227053094616638,-0.15527053094616639,-0.15527053094616639,1.0,0.162541079181821,normal,balanced,insufficient_data,0.15244597934052817,0.028165455839869846,-0.11257116528307998,0.7640969960188201,0.037463404133292875,0.10739071727555194,
EHC,2016-05-09,2017-06-13,28.255016326904297,33.36899185180664,7,0.18099354343790774,0.17799354343790774,0.17799354343790774,1.0,0.15837685191878795,normal,reserved,insufficient_data,0.33029236900849357,-0.011314204023281982,-0.12228232951158102,1.0253533834160715,0.023696163305089505,0.10398540796390332,
MNST,2016-05-10,2017-06-14,25.516666412353516,25.375,8,-0.0055519169339820484,-0.008551916933982048,-0.008551916933982048,1.0,0.16105276981464883,calm,balanced,insufficient_data,0.23159847300401126,0.16055178702886153,-0.02620531102824819,1.8135279645091924,0.03267685141113931,0.09960536664273012,
CROX,2016-05-10,2017-06-14,10.260000228881836,7.429999828338623,8,-0.2758284929250566,-0.2788284929250566,-0.2788284929250566,1.0,0.1982240771736375,calm,balanced,insufficient_data,0.09850107722311274,-0.2845188201040396,-0.35390427235881317,7.961476090653799,0.08434050230343694,0.09960536664273012,
AMZN,2016-05-11,2017-06-15,35.6614990234375,48.208499908447266,9,0.35183604807985236,0.34883604807985236,0.34883604807985236,1.0,0.1629557485678641,calm,balanced,insufficient_data,0.3353865989634679,0.6708364979494004,0.0,1.5388035069839812,0.02731305559424366,0.07143377092059056,
EA,2016-05-12,2017-06-16,72.86282348632812,107.34663391113281,10,0.47327030129809855,0.47027030129809855,0.47027030129809855,1.0,0.15857386002892035,calm,balanced,insufficient_data,0.2855184541272968,0.1889361669282874,-0.022925695390797918,1.8121816755604168,0.03432396979039352,0.07627378585122924,
CHTR,2016-05-18,2017-06-22,227.41000366210938,334.1300048828125,1,0.46928454994121527,0.46628454994121527,0.46628454994121527,1.0,0.1739052913016858,calm,reactive,insufficient_data,0.2936458976476257,0.2851653437927253,0.0,0.8229138603332151,0.03324046545115382,0.061058116423118536,
QLYS,2016-05-20,2017-06-26,29.110000610351562,41.099998474121094,3,0.41188586782460823,0.40888586782460823,0.40888586782460823,1.0,0.184075187369916,calm,reactive,insufficient_data,0.1592990801581664,-0.2604166626284117,-0.3889588374621853,1.04704737183647,0.016090696264350977,0.053525328876419254,
TRGP,2016-05-23,2017-06-27,27.82750129699707,30.56433868408203,4,0.0983500946734408,0.0953500946734408,0.0953500946734408,1.0,0.20932566003168568,calm,reactive,insufficient_data,0.6305948359444198,-0.5175868099883987,-0.5175868099883987,0.7771346560262435,0.03634945668548876,0.059935959882816414,
DY,2016-05-25,2017-06-29,82.30000305175781,88.66000366210938,2,0.0772782548543991,0.0742782548543991,0.0742782548543991,1.0,0.1561751332238815,calm,balanced,insufficient_data,0.3859885747955929,0.4184764288595455,-0.0743448469024024,5.571080495728553,0.03401601517855527,0.05240005560130956,
CGNX,2016-05-26,2017-06-30,19.638629913330078,39.491355895996094,1,1.0109017823687698,1.00790178236877,1.00790178236877,1.0,0.15940617720611533,calm,balanced,insufficient_data,0.0694686849291648,-0.1520428907615622,-0.16496947190470412,0.6164242287330695,0.040452387402658226,0.0485101194230253,
IT,2016-05-26,2017-06-30,102.0199966430664,123.51000213623047,1,0.2106450323493967,0.20764503234939669,0.20764503234939669,1.0,0.15230808052491873,calm,reactive,insufficient_data,0.21149504515168327,0.16620933617031453,0.0,0.6787259958016949,0.02210153004116856,0.0485101194230253,
AMAT,2016-05-27,2017-07-03,21.942216873168945,37.25267028808594,3,0.6977623775854067,0.6947623775854067,0.6947623775854067,1.0,0.16327844751456547,calm,balanced,insufficient_data,0.2659710526802308,0.2292692189370471,0.0,1.239652360741536,0.033395635526301565,0.049535282097969535,
TECH,2016-05-27,2017-07-03,25.827655792236328,27.875743865966797,3,0.07929825649705746,0.07629825649705746,0.07629825649705746,1.0,0.15466889479360474,calm,balanced,insufficient_data,0.187805292678344,0.10552426174245966,0.0,1.151010927018891,0.01826432601597401,0.049535282097969535,
TTMI,2016-05-31,2017-07-05,7.829999923706055,17.420000076293945,5,1.2247765320601438,1.221776532060144,1.221776532060144,1.0,0.18507829815383736,calm,reactive,insufficient_data,0.1430656982069043,-0.27365490559729866,-0.27365490559729866,1.0818226047008717,0.02221471527019233,0.047553123722056556,
TDG,2016-05-31,2017-07-05,164.69894409179688,183.29867553710938,5,0.11293169818347915,0.10993169818347914,0.10993169818347914,1.0,0.15001838942206946,calm,reactive,insufficient_data,0.18626237412933366,0.1639945691734812,0.0,3.2808211591241956,0.025700927733189775,0.047553123722056556,
WDC,2016-06-01,2017-07-06,31.259313583374023,58.75421142578125,6,0.8795745872369702,0.8765745872369702,0.8765745872369702,1.0,0.16167786887979826,calm,balanced,insufficient_data,0.03634833238354607,-0.4988506722127303,-0.4988506722127303,0.8875392881567543,0.02857783143667855,0.06066412081634143,
STRL,2016-06-01,2017-07-06,5.369999885559082,12.84000015258789,6,1.3910615318851334,1.3880615318851335,1.3880615318851335,1.0,0.2184643526745469,calm,reactive,insufficient_data,0.036679548941490614,0.31941023564307236,-0.1609375303843985,0.5279620853080569,0.03678173581097769,0.06066412081634143,
MASI,2016-06-01,2017-07-06,50.029998779296875,88.97000122070312,6,0.7783330679896034,0.7753330679896034,0.7753330679896034,1.0,0.1509511077332867,calm,reactive,insufficient_data,0.312434422380065,0.3661933434884981,0.0,1.2992401286653303,0.01985519586587316,0.06066412081634143,
CIEN,2016-06-02,2017-07-07,20.030000686645508,25.579999923706055,1,0.2770843258513149,0.2740843258513149,0.2740843258513149,1.0,0.19681183755150805,calm,balanced,insufficient_data,0.1478509920289226,-0.1870941078407512,-0.23050325938248073,4.562074325446736,0.03155948011122515,0.05831314128396281,
OLED,2016-06-02,2017-07-07,65.7652587890625,104.7897720336914,1,0.5933910086144012,0.5903910086144012,0.5903910086144012,1.0,0.17552870131130568,calm,reactive,insufficient_data,0.34230781448835557,0.2730254850723455,0.0,1.3439423363752032,0.02980277912794273,0.05831314128396281,
HAL,2016-06-08,2017-07-13,38.331092834472656,36.78825759887695,7,-0.04025022824833657,-0.043250228248336575,-0.043250228248336575,1.0,0.15608146636593265,calm,balanced,insufficient_data,0.3285578970416041,0.020216566911865463,0.0,1.2148467813285113,0.017970717491085315,0.05118732333327225,
CNC,2016-06-10,2017-07-17,33.959999084472656,41.845001220703125,3,0.23218499260312653,0.22918499260312652,0.22918499260312652,1.0,0.16739721791223217,calm,reactive,insufficient_data,0.2089711249554398,-0.09908477624591683,-0.16642126447377448,1.3469404791718842,0.012077315525302026,0.0271882658781768,
DXCM,2016-06-13,2017-07-18,18.020000457763672,17.49250030517578,4,-0.029273037690774606,-0.03227303769077461,-0.03227303769077461,1.0,0.15349541058785054,normal,reactive,insufficient_data,0.18689284331254918,-0.004007197796341622,-0.2927092607116216,1.1861687713403068,0.022553562524422224,0.014383424577252502,
FIVE,2016-06-15,2017-07-20,45.66999816894531,47.02000045776367,1,0.029559937441301143,0.026559937441301144,0.026559937441301144,1.0,0.16684487468570028,calm,reactive,insufficient_data,0.17433784740818337,0.17102559407552076,0.0,0.6743152983285929,0.01858908936511188,0.010586374599942605,
VICR,2016-06-16,2017-07-21,10.869999885559082,19.75,2,0.8169273420359553,0.8139273420359553,0.8139273420359553,1.0,0.1500358235437286,calm,reactive,insufficient_data,0.1287642529991968,-0.22134671519657478,-0.22134671519657478,0.8203125,0.026970642707337768,0.020267995978118458,
LULU,2016-06-16,2017-07-21,71.79000091552734,61.939998626708984,2,-0.13720576909322646,-0.14020576909322646,-0.14020576909322646,1.0,0.17009685966654542,calm,reactive,insufficient_data,0.1951057313175406,0.0777661050549634,-0.007328522974742291,0.7344014628078116,0.01619409345576091,0.020267995978118458,
ATI,2016-06-17,2017-07-24,13.509654998779297,17.139999389648438,5,0.2687222132021263,0.2657222132021263,0.2657222132021263,1.0,0.1720734632243957,calm,reactive,insufficient_data,-0.15653872869733199,-0.5605869180783188,-0.5688649252736537,1.2610780638278205,0.023276878281882796,0.017328619857276628,
GEN,2016-06-17,2017-07-24,9.644821166992188,15.184723854064941,5,0.5743914367258731,0.5713914367258731,0.5713914367258731,1.0,0.15856494478388602,calm,reactive,insufficient_data,0.07200211658696953,0.05832463633501073,0.0,3.200797248646799,0.016087359598737125,0.017328619857276628,
WMS,2016-06-20,2017-07-25,24.591665267944336,18.754892349243164,6,-0.23734760761848472,-0.24034760761848473,-0.24034760761848473,1.0,0.16063108765658762,calm,n/a,n/a,0.3240019396203815,-0.1481733128442202,-0.14995306092295957,0.7953800225126022,0.024594242463450447,0.022679831159991837,
OPCH,2016-06-21,2017-07-26,11.15999984741211,11.760000228881836,1,0.053763475777184766,0.05076347577718476,0.05076347577718476,1.0,0.15411883470766097,calm,reactive,insufficient_data,0.3609756228045864,-0.2500000160227539,-0.25600001017252605,1.5297571993224166,0.07799329018578667,0.01649135158324122,
SJM,2016-06-27,2017-08-01,108.52986907958984,91.2789535522461,5,-0.15895085540638476,-0.16195085540638476,-0.16195085540638476,1.0,0.15305762496300393,normal,reactive,insufficient_data,0.15625037846783218,0.38472038731447,-0.002311584376862519,0.9392666774349863,0.018394417187818198,-0.03174526649830767,
HSY,2016-06-30,2017-08-04,89.99048614501953,85.07685852050781,2,-0.05460163440603505,-0.05760163440603505,-0.05760163440603505,1.0,0.21433392527106043,calm,balanced,insufficient_data,0.2546531875220053,0.29392361558667224,0.0,8.321095239688221,0.039176274051560225,0.027890588854991627,
DHR,2016-07-05,2017-08-09,67.86781311035156,68.16500091552734,1,0.004378921193358032,0.0013789211933580318,0.0013789211933580318,1.0,0.6492841741952946,calm,reactive,insufficient_data,0.7827734991617292,0.9066688086291221,0.0,3.4150951694947542,0.14050197363328124,0.02280131578333844,
AAL,2016-07-15,2017-08-21,34.49112319946289,44.45465087890625,3,0.2888722301626441,0.28587223016264407,0.28587223016264407,1.0,0.1529794889830077,calm,balanced,insufficient_data,-0.10038104484711885,-0.12429508378994414,-0.2238287843561897,0.6533334841812651,0.0463357182819207,0.03359344120993124,
BIIB,2016-07-22,2017-08-28,287.7799987792969,292.29998779296875,4,0.015706404311782274,0.012706404311782275,0.012706404311782275,1.0,0.15128918030698157,calm,balanced,insufficient_data,0.023836674708637373,-0.04082925057441056,-0.1420053199450627,1.6364092131776593,0.021712749391644953,0.047798193429287705,
SGI,2016-07-28,2017-09-01,17.555126190185547,14.724113464355469,1,-0.16126416268159882,-0.16426416268159882,-0.16426416268159882,1.0,0.20641990804200053,calm,reactive,insufficient_data,0.18634827287857858,0.037701357498713506,-0.09586033252784765,5.321354564744122,0.03934428785119186,0.05798779915890084,
IQV,2016-07-28,2017-09-01,77.91999816894531,95.68000030517578,1,0.22792611080050884,0.22492611080050884,0.22492611080050884,1.0,0.1585611668650313,calm,reactive,insufficient_data,0.1982162022391447,-0.010539705791170584,-0.010539705791170584,1.4479628949914911,0.01474983110003761,0.05798779915890084,
BMRN,2016-07-29,2017-09-05,99.41999816894531,90.48999786376953,4,-0.08982096630097447,-0.09282096630097447,-0.09282096630097447,1.0,0.18996534281565064,calm,balanced,insufficient_data,0.2313599306343066,-0.32029811126720764,-0.3244547162743381,0.6288221362064437,0.03118401479176041,0.05996704518666851,
AMKR,2016-08-02,2017-09-06,6.78991174697876,8.306015014648438,5,0.22328762495982124,0.22028762495982124,0.22028762495982124,1.0,0.21809819217593923,calm,reactive,insufficient_data,0.30124795541673044,0.7548081846569661,0.0,6.209872964604009,0.03414842028084988,0.04776828502083741,
TREX,2016-08-02,2017-09-06,14.237500190734863,19.149999618530273,5,0.34503946352831294,0.34203946352831294,0.34203946352831294,1.0,0.19738317682225598,calm,reactive,insufficient_data,0.23562596169229533,0.40374664016093,0.0,6.58807607379443,0.03899645710611114,0.04776828502083741,
STT,2016-08-02,2017-09-06,49.3367805480957,70.54812622070312,5,0.4299296678251969,0.4269296678251969,0.4269296678251969,1.0,0.1581448818521798,calm,balanced,insufficient_data,0.09976809646071594,-0.14488741380585946,-0.15972529790373458,0.9674417632052194,0.022555976804640443,0.04776828502083741,
WMB,2016-08-03,2017-09-07,15.549551963806152,18.866710662841797,6,0.2133282493770119,0.2103282493770119,0.2103282493770119,1.0,0.15979015923451032,calm,reactive,insufficient_data,0.381792802356242,-0.4207142576976435,-0.4812807710324051,2.0351759457995193,0.0364887453206971,0.038092751633029165,
BCO,2016-08-03,2017-09-07,31.866485595703125,73.68777465820312,6,1.3123910051800372,1.3093910051800373,1.3093910051800373,1.0,0.2037083295518398,calm,balanced,insufficient_data,0.17835760218789276,0.180817445594188,0.0,2.2443377767767907,0.0141490707215307,0.038092751633029165,
XPO,2016-08-04,2017-09-08,11.413180351257324,21.190471649169922,7,0.8566666780864012,0.8536666780864012,0.8536666780864012,1.0,0.23778620268019396,calm,reactive,insufficient_data,0.18918915427628513,-0.22022685874281744,-0.22022685874281744,5.198784138289902,0.03967478320796004,0.04833711525080098,
ZBRA,2016-08-05,2017-09-11,57.43000030517578,103.12999725341797,3,0.795751292101657,0.792751292101657,0.792751292101657,1.0,0.15058476521007633,calm,balanced,insufficient_data,0.11083171098024058,-0.4586161452312185,-0.4780988747059157,1.2989674044916557,0.018285646855016706,0.05753569508651801,
KKR,2016-08-05,2017-09-11,12.522029876708984,16.594648361206055,3,0.3252362855380304,0.3222362855380304,0.3222362855380304,1.0,0.15070603286010217,calm,balanced,insufficient_data,0.14001860974911562,-0.32806365778434543,-0.33586041187246063,0.5859165808056503,0.01812966260321244,0.05753569508651801,
MTZ,2016-08-08,2017-09-12,29.3799991607666,43.150001525878906,4,0.46868627496424375,0.46568627496424375,0.46568627496424375,1.0,0.16098444949297494,calm,reactive,insufficient_data,0.38063901375737896,0.6798170123068155,0.0,1.9547077067119198,0.038251231174413765,0.06561089224994476,
HAE,2016-08-09,2017-09-13,35.72999954223633,43.13999938964844,1,0.20738874733689183,0.20438874733689183,0.20438874733689183,1.0,0.1506207689532923,calm,balanced,insufficient_data,0.28849621824966065,-0.09475555010890302,-0.09704321916105962,0.8507770377418332,0.02617854775114664,0.05568409076437808,
HUM,2016-08-16,2017-09-20,165.43882751464844,222.22467041015625,1,0.3432437460334383,0.3402437460334383,0.3402437460334383,1.0,0.15558476198885038,calm,reserved,insufficient_data,0.0609404268714584,-0.05110172401902591,-0.053375724885057374,0.3046348891062118,0.022372037722050948,0.06352896466848779,
NTAP,2016-08-18,2017-09-22,26.560691833496094,34.049007415771484,1,0.2819322489496212,0.2789322489496212,0.2789322489496212,1.0,0.2619468400593117,calm,reactive,insufficient_data,0.33754816217722916,0.13098804212872905,-0.0016789888099911776,5.322387795681841,0.04030143086522892,0.04615074510221584,
ENTG,2016-08-19,2017-09-25,16.573631286621094,26.282270431518555,3,0.5857882908698873,0.5827882908698873,0.5827882908698873,1.0,0.15835441876754897,calm,balanced,insufficient_data,0.23819782837633952,0.2616619453684572,0.0,1.0982593449377005,0.028145879611414928,0.04486388935936603,
RBA,2016-09-07,2017-10-12,29.3375186920166,24.142322540283203,2,-0.17708369294186865,-0.18008369294186866,-0.18008369294186866,1.0,0.20698791219375728,calm,reserved,insufficient_data,0.06705058256489216,0.33138400563946346,-0.01153615223772575,0.7847251363827109,0.05551355480626361,0.05340855390928856,
APA,2016-09-08,2017-10-13,46.10749435424805,33.07796096801758,3,-0.28259035908833796,-0.28559035908833796,-0.28559035908833796,1.0,0.19187111956097275,calm,balanced,insufficient_data,0.08782471471473641,0.47791250840334176,0.0,3.015336503210612,0.02828452468762953,0.05300509236211681,
SW,2016-09-09,2017-10-16,18.87796974182129,21.884082794189453,3,0.15923921340484903,0.15623921340484903,0.15623921340484903,1.0,0.16103255275794612,calm,herd,insufficient_data,0.053413840212626296,-0.06716167374358206,-0.07438213385580084,0.0,0.031085333374676453,0.02397512432374893,
ON,2016-09-19,2017-10-24,11.520000457763672,20.3700008392334,7,0.7682291692536738,0.7652291692536738,0.7652291692536738,1.0,0.15901334420462107,calm,reactive,insufficient_data,0.2673267617585209,0.17791418939679904,-0.00689654492027858,1.9606432194265369,0.02213504961592424,0.049921263418516215,
ENSG,2016-09-19,2017-10-24,18.9255313873291,20.956571578979492,7,0.10731747236488154,0.10431747236488154,0.10431747236488154,1.0,0.1522309260760837,calm,balanced,insufficient_data,0.047443485942199715,-0.119209275509493,-0.1380033312532909,0.7832080298537821,0.016268956682164045,0.049921263418516215,
NXPI,2016-09-30,2017-11-06,90.18338012695312,103.1879653930664,3,0.14420157292625801,0.141201572926258,0.141201572926258,1.0,0.16381565102224468,calm,balanced,insufficient_data,0.28881862359743504,0.18782024903946004,0.0,4.573912022082575,0.044704843449288774,0.01801498612459551,
COHR,2016-10-07,2017-11-13,25.700000762939453,47.5,3,0.8482489723695696,0.8452489723695696,0.8452489723695696,1.0,0.1643252914318674,calm,balanced,insufficient_data,0.2869304780472952,0.5343284037575793,-0.005417933003936781,1.3137681990141006,0.019615078175978334,-0.0037007225827989654,
SWKS,2016-10-07,2017-11-13,64.48112487792969,90.75298309326172,3,0.4074348619858561,0.4044348619858561,0.4044348619858561,1.0,0.1517195143523321,calm,reactive,insufficient_data,0.18277878500140998,0.01457006875024991,-0.08576254296878294,0.866368569467242,0.023311389246508014,-0.0037007225827989654,
SYNA,2016-10-14,2017-11-20,66.37999725341797,37.900001525878906,3,-0.4290448464288329,-0.4320448464288329,-0.4320448464288329,1.0,0.15538590634688637,calm,reactive,insufficient_data,0.2750671437260799,-0.2296623109672925,-0.2951794750655785,0.75322320263606,0.029910626430711348,-0.019333088859338043,
NFLX,2016-10-18,2017-11-22,11.878999710083008,19.631999969482422,2,0.6526644034529772,0.6496644034529772,0.6496644034529772,1.0,0.2073203070995111,calm,reactive,insufficient_data,0.29952958951732356,0.20002015442606425,-0.0927213521503305,3.4769079181980653,0.04678102538653199,-0.01363641326056464,
FSLR,2016-10-18,2017-11-22,39.56999969482422,60.5099983215332,2,0.5291887487542222,0.5261887487542222,0.5261887487542222,1.0,0.15336212815058017,calm,reactive,insufficient_data,-0.18546730746458806,-0.2356577294777652,-0.4595000657059597,0.6959701590977377,0.025479228214703425,-0.01363641326056464,
EXPE,2016-10-19,2017-11-24,118.99540710449219,122.35581970214844,2,0.028239851263380356,0.025239851263380356,0.025239851263380356,1.0,0.1543951687110792,calm,reactive,insufficient_data,0.06633992942738165,-0.026017570938604018,-0.08397000992206471,1.2855344678207705,0.013134353625237707,-0.010288121490432123,
ALK,2016-10-20,2017-11-24,70.47187042236328,62.37447738647461,2,-0.11490248502499056,-0.11790248502499057,-0.11790248502499057,1.0,0.15138988395300637,calm,balanced,insufficient_data,0.10435939062588839,0.005829240875640629,-0.11718364339639786,1.2437031446926368,0.016206362298628776,-0.013234643248415945,
KEY,2016-10-26,2017-11-30,9.515355110168457,13.069341659545898,1,0.3735001487836771,0.3705001487836771,0.3705001487836771,1.0,0.17359054294648035,calm,balanced,insufficient_data,0.21508185956642678,0.04773719299634682,0.0,1.504397412654603,0.019050699536769564,-0.01125807355709496,
IPGP,2016-10-27,2017-12-01,94.0999984741211,224.1300048828125,1,1.3818279332326622,1.3788279332326623,1.3788279332326623,1.0,0.1616527070113734,calm,balanced,insufficient_data,0.12304567903021923,0.16619154327641317,-0.08364985649101053,4.459833251593919,0.026634603800518058,-0.014420681962573623,
BKR,2016-10-28,2017-12-04,32.13492965698242,25.227272033691406,4,-0.21495791952947652,-0.21795791952947652,-0.21795791952947652,1.0,0.1888291141165856,calm,balanced,insufficient_data,0.25626834579140856,0.13846700251797261,0.0,3.2691070580875863,0.02350370183128718,-0.025865123459965944,
STLD,2016-11-01,2017-12-06,22.327795028686523,32.98508071899414,1,0.4773102617887366,0.4743102617887366,0.4743102617887366,1.0,0.15079501448957092,calm,balanced,insufficient_data,0.03900933095783499,0.48896611303895887,-0.029317425659358243,1.023255573090701,0.018799399533968926,-0.032093659118256346,
BG,2016-11-02,2017-12-07,51.942874908447266,53.91684341430664,1,0.038002681009447814,0.03500268100944781,0.03500268100944781,1.0,0.15866317846353845,calm,reactive,insufficient_data,0.052758892118158984,-0.005654397301464109,-0.03657542921225887,4.11019457333257,0.02519371078482797,-0.0356471641681837,
CAR,2016-11-03,2017-12-08,34.66941452026367,38.536354064941406,2,0.11153749199939833,0.10853749199939833,0.10853749199939833,1.0,0.17402262301736263,normal,balanced,insufficient_data,-0.013250425794868681,-0.15532410344060033,-0.1921629025172925,3.2633335710719633,0.03456788968148751,-0.04443708005677649,
PEGA,2016-11-03,2017-12-08,16.31278419494629,24.42047119140625,2,0.4970142986978108,0.49401429869781077,0.49401429869781077,1.0,0.1884047900131447,normal,reactive,insufficient_data,0.31400367886129676,0.13137005209799124,0.0,2.0155659433173594,0.0386246738785488,-0.04443708005677649,
MLM,2016-11-04,2017-12-11,179.26715087890625,196.4325408935547,5,0.09575312560327087,0.09275312560327087,0.09275312560327087,1.0,0.1538830742338533,normal,reactive,insufficient_data,-0.018848196484708812,0.25296666946799373,-0.06292143184052601,0.8677851129549997,0.014792918090405461,-0.045269162783403205,
DAL,2016-11-04,2017-12-11,38.26020050048828,49.75643539428711,5,0.3004750300159067,0.2974750300159067,0.2974750300159067,1.0,0.15374321975092614,normal,balanced,insufficient_data,0.17964228066073362,-0.15250608432045987,-0.1696962125936491,0.9499470250572358,0.013202349409933763,-0.045269162783403205,
EXPO,2016-11-07,2017-12-12,25.82614517211914,32.785858154296875,6,0.2694832285575146,0.2664832285575146,0.2664832285575146,1.0,0.15456116892130684,calm,balanced,insufficient_data,0.11023178502775832,0.13796650629639462,-0.02540912361275416,0.8530724827252822,0.02295115055003942,-0.026769803632965106,
TTWO,2016-11-08,2017-12-13,49.220001220703125,107.73999786376953,1,1.1889474845939558,1.185947484593956,1.185947484593956,1.0,0.15560992507472837,calm,reactive,insufficient_data,0.1940805376779544,0.49513985292788454,-0.007060691472177694,0.6135545533534693,0.02373801842296434,-0.017716798879855,
VMC,2016-11-09,2017-12-14,121.16014862060547,111.83711242675781,1,-0.07694804190973159,-0.0799480419097316,-0.0799480419097316,1.0,0.19652978438814983,calm,reactive,insufficient_data,0.1204473434932054,0.3033329705829104,0.0,3.985909486994086,0.025298911305627378,-0.008688382102648884,
FFIV,2016-11-09,2017-12-14,140.22999572753906,130.22999572753906,1,-0.0713114191305374,-0.0743114191305374,-0.0743114191305374,1.0,0.1687043479723986,calm,balanced,insufficient_data,0.13712290037756603,0.29999065687409,0.0,0.9148179047554186,0.024444979297499402,-0.008688382102648884,
NUE,2016-11-09,2017-12-14,46.84553527832031,49.67742919921875,1,0.060451735775319815,0.05745173577531981,0.05745173577531981,1.0,0.18708021186232107,calm,balanced,insufficient_data,0.14932170485501706,0.44492534327971844,0.0,2.832491036766831,0.03004643037937009,-0.008688382102648884,
AIT,2016-11-10,2017-12-15,47.306739807128906,56.45697784423828,2,0.19342356024564755,0.19042356024564755,0.19042356024564755,1.0,0.16098412152113753,calm,balanced,insufficient_data,0.17517014183903856,0.3685665274245715,0.0,1.4853083629318695,0.02814878587050871,-0.008934549701418826,
CXT,2016-11-10,2017-12-15,21.554594039916992,25.980485916137695,2,0.2053340400670216,0.2023340400670216,0.2023340400670216,1.0,0.16283578221521278,calm,balanced,insufficient_data,0.12432126486372375,0.49504916438732205,0.0,1.169103646551027,0.028023242003658175,-0.008934549701418826,
FITB,2016-11-10,2017-12-15,16.963237762451172,21.93524742126465,2,0.2931049914196937,0.2901049914196937,0.2901049914196937,1.0,0.15695184299678627,calm,reactive,insufficient_data,0.2201166746717076,0.21746158327245646,0.0,1.4890673082090318,0.019872193777228937,-0.008934549701418826,
HBAN,2016-11-10,2017-12-15,7.786031723022461,10.101175308227539,2,0.29734576836611737,0.29434576836611737,0.29434576836611737,1.0,0.1505361551659377,calm,balanced,insufficient_data,0.22854434672196655,0.05388584168204602,0.0,1.785894396921914,0.02638100728523849,-0.008934549701418826,
GS,2016-11-10,2017-12-15,164.8648681640625,214.39476013183594,2,0.3004272075630121,0.2974272075630121,0.2974272075630121,1.0,0.15628326617704585,calm,balanced,insufficient_data,0.2143528205596219,0.058557895695946494,0.0,3.3004944021573914,0.017822578895090577,-0.008934549701418826,
PNC,2016-11-10,2017-12-15,77.48494720458984,108.19903564453125,2,0.396387808832656,0.393387808832656,0.393387808832656,1.0,0.1667071674690342,calm,reactive,insufficient_data,0.2477046671414922,0.16506647611598746,0.0,1.9815249195252385,0.0157106922315803,-0.008934549701418826,
OSK,2016-11-10,2017-12-15,55.356903076171875,77.8801498413086,2,0.40687331684983197,0.40387331684983196,0.40387331684983196,1.0,0.16239096830120842,calm,reactive,insufficient_data,0.17180067854147896,0.5606702174476965,0.0,3.0042295397758205,0.02465658617904708,-0.008934549701418826,
LSTR,2016-11-10,2017-12-15,67.02852630615234,87.8813247680664,2,0.31110334078760804,0.30810334078760804,0.30810334078760804,1.0,0.17145216126902774,calm,balanced,insufficient_data,0.15702351234551237,0.2986944854772098,0.0,1.2177088900766078,0.017463798105451175,-0.008934549701418826,
MS,2016-11-10,2017-12-15,29.183313369750977,41.55181121826172,2,0.4238208901025924,0.4208208901025924,0.4208208901025924,1.0,0.15456679166368695,calm,balanced,insufficient_data,0.2519716732350923,0.13792787494951053,0.0,2.9993043275490177,0.020955900487456533,-0.008934549701418826,
SYF,2016-11-10,2017-12-15,25.355117797851562,30.3629093170166,2,0.19750614290537305,0.19450614290537305,0.19450614290537305,1.0,0.159865065566553,calm,n/a,n/a,0.16362239640116427,0.03618102751455465,-0.015612017939291789,1.546566855192417,0.020300155465826704,-0.008934549701418826,
CFG,2016-11-10,2017-12-15,20.718080520629883,29.70446014404297,2,0.43374576203934345,0.43074576203934345,0.43074576203934345,1.0,0.1631768508687556,calm,n/a,n/a,0.27128804299484566,0.18381973818132824,0.0,2.0396512642561127,0.0200174609018794,-0.008934549701418826,
URI,2016-11-11,2017-12-18,88.1290054321289,162.89369201660156,5,0.848355047442938,0.845355047442938,0.845355047442938,1.0,0.1701948307582151,calm,balanced,insufficient_data,0.13673194970734515,0.2301051930082607,0.0,1.1271949327373942,0.04511585283139039,-0.00889254624750091,
BAC,2016-11-11,2017-12-18,15.37160587310791,24.29141616821289,5,0.5802783631546187,0.5772783631546187,0.5772783631546187,1.0,0.15021691164252543,calm,reactive,insufficient_data,0.255487652703525,0.12212096307922482,0.0,1.8665266371786091,0.017546395178441046,-0.00889254624750091,
BK,2016-11-11,2017-12-18,36.66006088256836,43.44359588623047,5,0.18503883627993756,0.18203883627993755,0.18203883627993755,1.0,0.1504794898473555,calm,balanced,insufficient_data,0.16606322323726364,0.11520558662563052,0.0,0.8680395706034988,0.014515403993594377,-0.00889254624750091,
NVDA,2016-11-11,2017-12-18,2.1630873680114746,4.892420291900635,5,1.2617765533891658,1.258776553389166,1.258776553389166,1.0,0.30124845101718695,calm,balanced,insufficient_data,0.41554949662793383,1.9872358429606827,0.0,4.789141573698627,0.07143803187332076,-0.00889254624750091,
MTB,2016-11-11,2017-12-18,103.6052017211914,135.59573364257812,5,0.30877341475069375,0.30577341475069375,0.30577341475069375,1.0,0.15967122547477286,calm,balanced,insufficient_data,0.16275816634848606,0.1313440515369535,0.0,1.4227375941266749,0.013376849817168256,-0.00889254624750091,
SMCI,2016-11-11,2017-12-18,2.549999952316284,2.200000047683716,5,-0.1372548671283884,-0.14025486712838842,-0.14025486712838842,1.0,0.1607479400831502,calm,reactive,insufficient_data,0.18825725121364623,0.0003922822718811503,-0.2606552508704111,1.3455230155252655,0.03323805888874012,-0.00889254624750091,
WFC,2016-11-14,2017-12-19,41.216773986816406,48.071937561035156,6,0.16631975070177596,0.16331975070177596,0.16331975070177596,1.0,0.17031623333163354,calm,balanced,insufficient_data,0.1035035607135153,-0.006143666557788974,-0.01857336149884714,1.8700549183053852,0.022089090905277917,-0.008448457974654211,
AXP,2016-11-14,2017-12-19,63.60227966308594,88.47980499267578,6,0.3911420386402986,0.3881420386402986,0.3881420386402986,1.0,0.16866908630827118,calm,balanced,insufficient_data,0.11359284819437909,0.030235479839017643,0.0,1.2884321453787393,0.022649680567825087,-0.008448457974654211,
EME,2016-11-14,2017-12-19,67.52733612060547,79.58037567138672,6,0.1784912635862641,0.1754912635862641,0.1754912635862641,1.0,0.18762825498970592,calm,balanced,insufficient_data,0.22780696186706106,0.4523406529520151,0.0,0.9916426853786415,0.022428431607937917,-0.008448457974654211,
RJF,2016-11-14,2017-12-19,40.640869140625,52.00462341308594,6,0.27961395788904575,0.27661395788904575,0.27661395788904575,1.0,0.15955431385936042,calm,balanced,insufficient_data,0.25507315318728496,0.254333281058458,0.0,1.1266526380317472,0.02277971594890692,-0.008448457974654211,
REGN,2016-11-14,2017-12-19,441.5370788574219,383.1316833496094,6,-0.13227744238139594,-0.13527744238139594,-0.13527744238139594,1.0,0.17380061635734184,calm,balanced,insufficient_data,0.061793886762970374,-0.2039114420218796,-0.24284183641856427,1.559798451320785,0.0401095224565824,-0.008448457974654211,
RCL,2016-11-14,2017-12-19,75.68094635009766,116.26546478271484,6,0.5362580727370201,0.5332580727370201,0.5332580727370201,1.0,0.18034312704438724,calm,reactive,insufficient_data,0.21174855753206567,-0.09062554316856208,-0.16794215586515193,1.4393766784821853,0.026170472415785285,-0.008448457974654211,
AMP,2016-11-14,2017-12-19,95.22508239746094,146.18939208984375,6,0.5351983785076957,0.5321983785076957,0.5321983785076957,1.0,0.15292682547768308,calm,reactive,insufficient_data,0.19054185673464707,0.04081655287434205,0.0,1.2524614030230539,0.03992338473953609,-0.008448457974654211,
ACM,2016-11-14,2017-12-19,35.40474319458008,35.644290924072266,6,0.006765978450278931,0.003765978450278931,0.003765978450278931,1.0,0.26336068685906483,calm,reactive,insufficient_data,0.14644752117687143,0.2162609030675362,0.0,5.25294744790179,0.044670595230380375,-0.008448457974654211,
BAH,2016-11-14,2017-12-19,29.85356330871582,33.7439079284668,6,0.1303142468964562,0.1273142468964562,0.1273142468964562,1.0,0.16085107824521142,calm,reactive,insufficient_data,0.16365093947483444,0.22771607856007403,0.0,1.3577435034123073,0.01702598298093619,-0.008448457974654211,
SAIC,2016-11-14,2017-12-19,70.12385559082031,68.48472595214844,6,-0.023374779165543313,-0.026374779165543313,-0.026374779165543313,1.0,0.1650597513606693,calm,balanced,insufficient_data,0.3057743738585825,0.8149332704612273,0.0,1.3145371284906169,0.019209829768514316,-0.008448457974654211,
FIX,2016-11-17,2017-12-22,30.506755828857422,42.1768798828125,2,0.3825422840574839,0.3795422840574839,0.3795422840574839,1.0,0.15351705724247863,calm,reserved,insufficient_data,0.11190581875553751,0.06361503905317445,-0.032933698538431866,0.6358183096059234,0.019928777232685345,0.006743543838092059,
MTSI,2016-11-17,2017-12-22,46.58000183105469,33.52000045776367,2,-0.28037786302927903,-0.28337786302927903,-0.28337786302927903,1.0,0.16708241511390007,calm,reactive,insufficient_data,0.12457759271409374,0.30293711415537583,0.0,1.9899083563145028,0.02970849110145412,0.006743543838092059,
BLD,2016-11-17,2017-12-22,36.65999984741211,73.97000122070312,2,1.0177305381501465,1.0147305381501466,1.0147305381501466,1.0,0.1553170439278313,calm,n/a,n/a,0.07570416307919481,0.2931216703395181,-0.05148775161455943,1.183688628091807,0.02238845669705292,0.006743543838092059,
MLI,2016-11-18,2017-12-26,15.207745552062988,15.910696029663086,6,0.04622318772980383,0.043223187729803825,0.043223187729803825,1.0,0.1566898994311535,calm,balanced,insufficient_data,0.09074283480138479,0.2229579912001196,0.0,1.1823198926067717,0.020650025967107827,0.005928827061582709,
PRU,2016-11-18,2017-12-26,64.82401275634766,77.7728271484375,6,0.19975336054496062,0.19675336054496062,0.19675336054496062,1.0,0.1532377166854459,calm,reactive,insufficient_data,0.2872876861468765,0.1877912646603912,0.0,0.6800309813198222,0.019135537452374025,0.005928827061582709,
BBY,2016-11-22,2017-12-27,33.1784782409668,50.1910514831543,1,0.512759298923523,0.509759298923523,0.509759298923523,1.0,0.16018302452744704,calm,balanced,insufficient_data,0.206854905123383,0.5479827103698625,0.0,0.8780081496664189,0.03771039666101445,0.012324606535696558,
TSCO,2016-11-22,2017-12-27,12.868001937866211,13.182674407958984,1,0.024453871829689167,0.021453871829689167,0.021453871829689167,1.0,0.15604646000954214,calm,balanced,insufficient_data,-0.11403538952801529,-0.17337639208969946,-0.22632578027228722,1.0080660167870408,0.013795094806556335,0.012324606535696558,
TEX,2016-11-22,2017-12-27,26.40410614013672,44.107025146484375,1,0.6704608333412794,0.6674608333412794,0.6674608333412794,1.0,0.17232066310338737,calm,balanced,insufficient_data,0.2065306290357556,0.5248457101365209,0.0,1.0241675560108363,0.037302939096213204,0.012324606535696558,
RRX,2016-11-22,2017-12-27,60.64787292480469,67.12306213378906,1,0.10676696307243527,0.10376696307243527,0.10376696307243527,1.0,0.15029607023264913,calm,balanced,insufficient_data,0.14774454879172416,0.10619409792356516,0.0,0.5787208784686155,0.020996402518325644,0.012324606535696558,
MIDD,2016-11-22,2017-12-27,134.25999450683594,134.25999450683594,1,0.0,-0.003,-0.003,1.0,0.17291561482862672,calm,balanced,insufficient_data,0.041340278708135614,0.26006560921089505,0.0,0.8082410287028043,0.017121479697371596,0.012324606535696558,
ENS,2016-11-22,2017-12-27,72.25672912597656,65.01560974121094,1,-0.10021377209229931,-0.10321377209229932,-0.10321377209229932,1.0,0.15571720797436372,calm,balanced,insufficient_data,0.12327544368437948,0.3593090151352978,-0.0017685164856534596,1.5451972542335777,0.02245974814720718,0.012324606535696558,
LUV,2016-11-23,2017-12-28,42.225868225097656,59.324974060058594,1,0.4049438544119217,0.4019438544119217,0.4019438544119217,1.0,0.16689539436700193,calm,balanced,insufficient_data,0.28443616202850075,0.04120621714207462,-0.03649567307943391,0.6231424962857252,0.013117695014733938,0.015555411359447158,
RBC,2016-11-23,2017-12-28,80.73728942871094,120.16055297851562,1,0.4882906501910058,0.4852906501910058,0.4852906501910058,1.0,0.16669784797077702,calm,balanced,insufficient_data,0.08521966308796247,0.22895248341377195,0.0,1.0316749797501812,0.023140615143681688,0.015555411359447158,
LDOS,2016-11-23,2017-12-28,42.87186050415039,57.55693435668945,1,0.3425340929889762,0.3395340929889762,0.3395340929889762,1.0,0.1523816020075022,calm,reactive,insufficient_data,0.23625428164080176,0.20417792464957962,0.0,0.3985300605838866,0.020715115020557753,0.015555411359447158,
DE,2016-11-25,2018-01-02,89.70272827148438,139.83767700195312,5,0.5589010467857327,0.5559010467857327,0.5559010467857327,1.0,0.15705522544341388,calm,reactive,insufficient_data,0.2528574594866462,0.3539100512095701,0.0,1.6321426535362222,0.02513653369465873,0.019572882697096672,
NXST,2016-11-25,2018-01-02,46.6411018371582,61.30055618286133,5,0.31430334551025063,0.31130334551025063,0.31130334551025063,1.0,0.16498209035794953,calm,balanced,insufficient_data,0.13804654541338768,0.03022338905799926,-0.013222927456498224,0.2974591485068075,0.026498269122754454,0.019572882697096672,
THO,2016-11-29,2018-01-03,84.34819030761719,130.81312561035156,6,0.5508705656075978,0.5478705656075978,0.5478705656075978,1.0,0.20926727271501266,calm,reactive,insufficient_data,0.23671533575045567,0.7169451113273919,0.0,5.716687364761899,0.03006449984210109,0.008314702994320244,
ELV,2016-11-30,2018-01-04,125.23773956298828,206.0782012939453,7,0.6454960143248063,0.6424960143248063,0.6424960143248063,1.0,0.15378002319256837,calm,balanced,insufficient_data,0.1325394894673826,0.08854675691845415,-0.02397246386652474,1.142618905427789,0.019635134610234917,0.005786468965195413,
CLH,2016-12-01,2018-01-05,53.599998474121094,54.58000183105469,8,0.018283645239407065,0.015283645239407066,0.015283645239407066,1.0,0.15629744511404603,calm,reactive,insufficient_data,0.1218082847115105,0.28260342904672364,-0.01289135861463686,1.2819415272206018,0.016999676083379066,0.004483578177211012,
DCI,2016-12-01,2018-01-05,38.77834701538086,43.60108184814453,8,0.12436669440424586,0.12136669440424586,0.12136669440424586,1.0,0.18140914493968296,calm,balanced,insufficient_data,0.22780613426523533,0.551680814007623,0.0,4.83093773204625,0.02764267969250479,0.004483578177211012,
SCHW,2016-12-01,2018-01-05,35.15044403076172,46.510108947753906,8,0.3231727288295658,0.3201727288295658,0.3201727288295658,1.0,0.15276977374065723,calm,reactive,insufficient_data,0.28382061021506777,0.21257674522411474,0.0,1.2961777259550984,0.018295489641828526,0.004483578177211012,
CACI,2016-12-02,2018-01-08,129.89999389648438,138.25,3,0.0642802655569763,0.0612802655569763,0.0612802655569763,1.0,0.21162222441532036,calm,reactive,insufficient_data,0.31451117483951974,0.27804008930084745,-0.005740528396765421,0.6044032444959444,0.021389501156541497,0.030143617527832456,
HII,2016-12-02,2018-01-08,151.0571746826172,199.4864959716797,3,0.320602588991991,0.317602588991991,0.317602588991991,1.0,0.16626071198961137,calm,reactive,insufficient_data,0.1138466485587657,0.37739798406480385,0.0,0.9052322889334774,0.028469886523439403,0.030143617527832456,
KBR,2016-12-06,2018-01-10,15.020873069763184,17.78807258605957,2,0.1842236135971831,0.1812236135971831,0.1812236135971831,1.0,0.17954128470745317,calm,reactive,insufficient_data,0.17099901981368126,-0.026534905312518786,-0.026534905312518786,0.6449472967258898,0.03423516898942253,0.04006072352637213,
BC,2016-12-07,2018-01-11,46.33742141723633,49.069244384765625,1,0.05895500621260563,0.05595500621260563,0.05595500621260563,1.0,0.15608390572228545,calm,balanced,insufficient_data,0.22251037245217598,0.08095776860833825,0.0,0.9729220047145639,0.021553594784442926,0.05437092303639046,
CDW,2016-12-07,2018-01-11,48.62099838256836,65.78941345214844,1,0.3531070039840094,0.3501070039840094,0.3501070039840094,1.0,0.1594080706872745,calm,reactive,insufficient_data,0.23844041098213054,0.26293888545275723,0.0,0.8634600626387074,0.017740180974283124,0.05437092303639046,
NYT,2016-12-08,2018-01-12,12.826773643493652,18.847652435302734,2,0.4693993173305242,0.4663993173305242,0.4663993173305242,1.0,0.1598862762202486,calm,reactive,insufficient_data,0.13426684415966106,0.05377213583238172,0.0,1.2701575333629573,0.0163650806085051,0.046072637310198505,
SNX,2016-12-08,2018-01-12,56.890960693359375,62.45655822753906,2,0.09782920636861969,0.09482920636861969,0.09482920636861969,1.0,0.15317276667535396,calm,balanced,insufficient_data,0.24226896309241974,0.39327513393351365,0.0,1.1105904404873477,0.01073743212846026,0.046072637310198505,
BLDR,2016-12-08,2018-01-12,12.039999961853027,22.790000915527344,2,0.8928572248948601,0.8898572248948601,0.8898572248948601,1.0,0.1613716767480305,calm,reactive,insufficient_data,-0.0163398540036791,-0.002485479182245176,-0.1418389029931032,1.0799023897438087,0.024613722932906847,0.046072637310198505,
BX,2016-12-08,2018-01-12,19.83283233642578,25.310890197753906,2,0.27621157525074724,0.27321157525074724,0.27321157525074724,1.0,0.18212363915454788,calm,balanced,insufficient_data,0.17566178855758485,0.044245466249696275,0.0,2.18189035577938,0.025762385163767536,0.046072637310198505,
NCLH,2016-12-08,2018-01-12,44.02000045776367,57.849998474121094,2,0.31417532650021296,0.31117532650021296,0.31117532650021296,1.0,0.1679945224357715,calm,reactive,insufficient_data,0.2146798680729538,-0.24790703270381165,-0.26375648463434354,1.2619574150801116,0.025249245162195365,0.046072637310198505,
TSLA,2017-01-03,2018-02-07,14.465999603271484,23.0,9,0.5899350636508072,0.5869350636508072,0.5869350636508072,1.0,0.15636049895507198,calm,balanced,shake_out,0.10365696827751103,-0.02882336893488391,-0.1824656018657551,1.3978618964459337,0.016697336538389954,0.04832992300026784,
ILMN,2017-01-10,2018-02-14,160.5447540283203,217.0330810546875,2,0.351854081861825,0.348854081861825,0.348854081861825,1.0,0.29813267334537685,calm,reactive,transition,0.1959421135273416,-0.02134720198114326,-0.11349840700427749,3.8690043178673426,0.04151473619844773,0.06372301808717862,
THC,2017-01-11,2018-02-15,18.020000457763672,19.489999771118164,3,0.08157598646015374,0.07857598646015374,0.07857598646015374,1.0,0.16717929040874252,calm,reactive,declining,-0.21754233953570845,-0.20371183711730922,-0.4474087666210135,1.487379114842595,0.030537770573285064,0.06998357317628723,
CSX,2017-01-19,2018-02-23,13.372300148010254,16.661911010742188,1,0.24600187150461283,0.24300187150461283,0.24300187150461283,1.0,0.25034195149731825,calm,balanced,shake_out,0.5042419965598011,1.0887433485129336,0.0,7.767238554973071,0.055190162019910706,0.05222809108827109,
WYNN,2017-01-27,2018-03-05,92.6275634765625,151.22621154785156,5,0.6326264652974085,0.6296264652974085,0.6296264652974085,1.0,0.15765244793433114,calm,reactive,declining,0.055619553769614694,0.5658921307499964,-0.04588257048896072,3.2211883473792517,0.022853285255874174,0.08664499708368179,
IDXX,2017-02-02,2018-03-09,139.07000732421875,203.1699981689453,2,0.460918871567239,0.457918871567239,0.457918871567239,1.0,0.18350033049637787,calm,balanced,transition,0.28139693069588123,0.9609420602765215,0.0,3.227358751846381,0.031882551841611796,0.07005802279907258,
AVGO,2017-02-03,2018-03-12,15.967351913452148,20.75734519958496,5,0.2999867048773033,0.2969867048773033,0.2969867048773033,1.0,0.15269950112242567,calm,balanced,growth,0.17140459979170353,0.6306547052079328,0.0,0.7374453165549165,0.01538220651857956,0.07378145925242463,
FTNT,2017-02-03,2018-03-12,7.544000148773193,10.935999870300293,5,0.44962879833435676,0.44662879833435676,0.44662879833435676,1.0,0.19847247769461868,calm,reactive,shake_out,0.20395793118111794,0.5021904410952747,0.0,4.295573830069558,0.032040662695630225,0.07378145925242463,
FN,2017-02-07,2018-03-14,43.040000915527344,32.47999954223633,2,-0.2453531865395786,-0.2483531865395786,-0.2483531865395786,1.0,0.16858129545924416,calm,reactive,growth,0.104156013878139,0.5149595616575793,-0.06698461047129001,3.4189409990739437,0.02413485266060835,0.057947523754792396,
HAS,2017-02-08,2018-03-15,70.89571380615234,66.19029998779297,3,-0.06637092097309605,-0.06937092097309605,-0.06937092097309605,1.0,0.1616181380480603,calm,reactive,mature,0.1493128229775913,0.372071033036661,0.0,1.0645789408934911,0.036546074696380465,0.06016307775221197,
ANET,2017-02-17,2018-03-26,7.441249847412109,16.936250686645508,6,1.2759954354355587,1.2729954354355588,1.2729954354355588,1.0,0.2531819374446745,calm,reactive,insufficient_data,0.25617217864535835,0.8204892168310038,0.0,7.099622219953273,0.042576088836129095,0.0672828014587219,
BMY,2017-02-24,2018-04-02,40.67381286621094,45.89280319213867,6,0.12831327967935158,0.12531327967935157,0.12531327967935157,1.0,0.17137344690548073,calm,reactive,mature,0.008032097000435945,-0.07064443733977444,-0.25483365208942843,0.8151662094001394,0.010997360825295567,0.07378923837082918,
CDNS,2017-02-24,2018-04-02,31.290000915527344,35.849998474121094,6,0.14573337888050042,0.14273337888050042,0.14273337888050042,1.0,0.15714896313473808,calm,balanced,mature,0.17675820744521586,0.446602040201761,0.0,0.6775051625774386,0.027797294261432872,0.07378923837082918,
HRB,2017-03-15,2018-04-19,17.22032928466797,19.23163414001465,1,0.11679828080508514,0.11379828080508514,0.11379828080508514,1.0,0.1508125908398198,calm,reactive,transition,0.05126927869777109,-0.06284525383091755,-0.07949514019471027,0.7334883358520441,0.03597481458895578,0.05632683555238893,
MU,2017-03-24,2018-04-30,27.727418899536133,44.84369659423828,4,0.6173051215736671,0.6143051215736671,0.6143051215736671,1.0,0.2207672102865211,calm,reactive,transition,0.24802472568770484,1.7389214694082722,0.0,3.5003135346500973,0.023840642915290543,0.04180595837178225,
LITE,2017-03-27,2018-05-01,54.150001525878906,52.650001525878906,5,-0.02770083024435621,-0.03070083024435621,-0.03070083024435621,1.0,0.1881525231947859,calm,n/a,n/a,0.3778626609950304,1.044939670014275,0.0,0.9838480766492003,0.03330945869784527,0.04104909068944007,
VRTX,2017-03-29,2018-05-03,108.01000213623047,149.63999938964844,1,0.38542724220032,0.38242724220032,0.38242724220032,1.0,0.2223077685736208,calm,reactive,transition,0.4422486716051435,0.3587873322293793,0.0,6.792219591022147,0.048368523265385925,0.04575180643057286,
PVH,2017-03-31,2018-05-07,102.120361328125,149.727294921875,3,0.4661845392495547,0.4631845392495547,0.4631845392495547,1.0,0.15010479352518274,calm,reactive,declining,0.11352856443454096,0.06116076231329859,-0.09166143169297525,0.5753936561827887,0.021661667757640217,0.04130452653288885,
CRUS,2017-04-04,2018-05-09,63.470001220703125,39.0,2,-0.38553648574251664,-0.38853648574251665,-0.38853648574251665,1.0,0.17102505839636956,calm,reactive,growth,0.09885739378633618,0.735101094686663,-0.0076610048590273205,1.6924615543307158,0.014280929534420431,0.040222140109113846,
WSM,2017-04-10,2018-05-15,22.36521339416504,20.230379104614258,6,-0.0954533387151919,-0.09845333871519191,-0.09845333871519191,1.0,0.159303929877193,calm,balanced,transition,0.128128089509723,-0.003800926243730962,-0.08014752390921098,0.7652920435382493,0.015475869187870516,0.03627827850927212,
CMG,2017-04-13,2018-05-18,9.27239990234375,8.638999938964844,2,-0.06831025085736475,-0.07131025085736475,-0.07131025085736475,1.0,0.1514076254340724,calm,reactive,declining,0.13390568100645805,-0.012082129911169082,-0.012082129911169082,1.1083427193192033,0.012877577861429287,0.02882904083811244,
TNL,2017-04-26,2018-05-31,32.277381896972656,35.61618423461914,1,0.10344092802519511,0.10044092802519511,0.10044092802519511,1.0,0.16585021044398285,calm,reactive,transition,0.28071244922129024,0.42582623915863116,0.0,4.659157558307408,0.0208631819714332,0.04764634595251982,
TER,2017-04-27,2018-06-01,34.65192794799805,37.84868621826172,1,0.09225340290043982,0.08925340290043982,0.08925340290043982,1.0,0.15875031969092435,calm,balanced,mature,0.27356066801474976,0.9125600912507981,0.0,3.8109519335996076,0.019315671613936273,0.0479129513998926,
ALGN,2017-04-28,2018-06-04,134.6199951171875,343.20001220703125,3,1.5493984894909083,1.5463984894909084,1.5463984894909084,1.0,0.16425102926025165,calm,reactive,mature,0.41511614636728766,0.8648010883010178,0.0,5.2455293438989585,0.028446233431513188,0.04531198855278773,
BBWI,2017-05-03,2018-06-07,32.15514373779297,24.347200393676758,2,-0.24282097470269692,-0.24582097470269693,-0.24582097470269693,1.0,0.18412418394330887,calm,reactive,mature,-0.07920699714059998,-0.31329822680533315,-0.31329822680533315,1.2980685661065277,0.026599256199425467,0.041450713210687384,
OLLI,2017-05-03,2018-06-07,39.5,73.75,2,0.8670886075949367,0.8640886075949367,0.8640886075949367,1.0,0.1552201131978263,calm,n/a,n/a,0.27419354838709675,0.526865045172163,0.0,0.961901839499992,0.016133851519949654,0.041450713210687384,
MKSI,2017-05-04,2018-06-08,75.02421569824219,97.05070495605469,1,0.29359172972105574,0.29059172972105574,0.29059172972105574,1.0,0.15600478118858283,calm,reactive,transition,0.214542385215585,1.273143657622088,0.0,1.1812106495906483,0.019068805147178975,0.04133496358323585,
WST,2017-05-04,2018-06-08,92.97039031982422,94.43350982666016,1,0.01573747837136863,0.01273747837136863,0.01273747837136863,1.0,0.16617984288789955,calm,balanced,mature,0.1159151829314582,0.3641904096607551,0.0,0.8168424630615128,0.024019676617363137,0.04133496358323585,
KTOS,2017-05-08,2018-06-12,9.300000190734863,11.430000305175781,4,0.2290322656727397,0.2260322656727397,0.2260322656727397,1.0,0.16744326447571645,calm,reactive,transition,0.10059176339125231,1.172897134309089,0.0,2.425175814245865,0.04728898237015154,0.03595690239835658,
ANF,2017-05-10,2018-06-14,12.378616333007812,23.628490447998047,1,0.9088151544847733,0.9058151544847733,0.9058151544847733,1.0,0.2107989785244238,calm,reactive,declining,0.1532563655834549,-0.3778621870934271,-0.40316455323694644,4.825760851288703,0.03394786938808892,0.026544461628570604,
EW,2017-05-10,2018-06-14,36.869998931884766,50.52000045776367,1,0.3702197429160905,0.3672197429160905,0.3672197429160905,1.0,0.1568923826996257,calm,balanced,growth,0.23600399015033147,0.05262648318220653,-0.08857949272763632,0.5750962911671788,0.024552336089532955,0.026544461628570604,
SPXC,2017-05-12,2018-06-18,27.729999542236328,36.86000061035156,5,0.32924634759582583,0.3262463475958258,0.3262463475958258,1.0,0.16404320401169695,calm,reactive,transition,0.09001568239407032,0.7418341337528223,-0.019795028461227493,0.8219063077181396,0.046538420745673104,0.01860921949617711,
NOVT,2017-05-12,2018-06-18,31.75,65.75,5,1.0708661417322833,1.0678661417322834,1.0678661417322834,1.0,0.1535702664706735,calm,balanced,mature,0.28803247429393086,1.1510839774834656,0.0,0.9159581067766303,0.019342362894950067,0.01860921949617711,
CYTK,2017-05-12,2018-06-18,14.399999618530273,8.25,5,-0.42708331815622436,-0.43008331815622436,-0.43008331815622436,1.0,0.18534333446435047,calm,reactive,shake_out,0.27433622791769263,0.9199999491373698,-0.15294119890998392,0.44239030121531314,0.04581146327704509,0.01860921949617711,
BRKR,2017-05-17,2018-06-21,25.114099502563477,28.814546585083008,1,0.14734540181868017,0.14434540181868016,0.14434540181868016,1.0,0.15566172691570868,calm,balanced,transition,0.08201748482244242,0.004030910407598398,-0.022242735595164098,0.9243259298372991,0.01447717360936237,-0.002450478197656536,
ADSK,2017-05-19,2018-06-25,109.91000366210938,129.75,4,0.18051128811608175,0.17751128811608174,0.17751128811608174,1.0,0.1914383749293913,calm,reactive,transition,0.25539691411698495,0.9560421133355479,0.0,4.196719675294431,0.03566835692067397,0.006078506696917785,
BF-B,2017-05-22,2018-06-26,38.458797454833984,42.665977478027344,1,0.10939447672887526,0.10639447672887525,0.10639447672887525,1.0,0.18921183438315886,calm,balanced,mature,0.17078402490551725,0.21109655563864393,0.0,3.586282104313165,0.019304598464870513,0.010241594907163254,
TPR,2017-05-22,2018-06-26,35.82337188720703,38.33880615234375,1,0.07021768562313957,0.06721768562313957,0.06721768562313957,1.0,0.15042303615386096,calm,balanced,declining,0.1922619185158534,0.21879224490050198,-0.004353292248828522,0.6921353127325012,0.029457354310937132,0.010241594907163254,
RH,2017-05-22,2018-06-26,57.810001373291016,145.5800018310547,1,1.518249409665549,1.515249409665549,1.515249409665549,1.0,0.18331806027499575,calm,reactive,transition,0.7695134561789692,0.8294304011208449,-0.03633939396868335,0.5841436898673088,0.03293189847082523,0.010241594907163254,
MCK,2017-05-23,2018-06-27,148.24398803710938,136.352294921875,1,-0.08021703458394258,-0.08321703458394258,-0.08321703458394258,1.0,0.15975430717516753,calm,balanced,transition,0.059081976584534734,-0.1240689762058399,-0.19446015672481454,1.5246338215712383,0.02168897100586302,0.014714605810337344,
INTU,2017-05-24,2018-06-28,129.05145263671875,192.94940185546875,2,0.4951354511182715,0.4921354511182715,0.4921354511182715,1.0,0.17358973606080602,calm,balanced,mature,0.11003937662826524,0.3277391780434822,0.0,2.9824482117738773,0.016557502562220144,0.003518394204436781,
PCTY,2017-05-26,2018-07-02,47.189998626708984,60.38999938964844,3,0.2797203040279048,0.2767203040279048,0.2767203040279048,1.0,0.15610691583137992,calm,reactive,insufficient_data,0.28828821323146925,0.27713119492111526,-0.0016924440507710692,0.9031586804338237,0.026640361985359292,0.013721486775272851,
DECK,2017-05-31,2018-07-05,11.5600004196167,19.126667022705078,2,0.6545559107634764,0.6515559107634764,0.6515559107634764,1.0,0.15106052013397775,calm,reactive,declining,0.2842066242240118,0.2904186972833216,0.0,1.3357055780699154,0.045321492140974404,0.018328973783427793,
PANW,2017-06-01,2018-07-06,23.165000915527344,35.19333267211914,1,0.5192459003327423,0.5162459003327423,0.5162459003327423,1.0,0.218993042842192,calm,reactive,growth,0.2133566284617503,-0.012364059224984625,-0.15327441851255952,5.996761271627035,0.04176716605345214,0.028387916393474155,
COO,2017-06-05,2018-07-10,60.147830963134766,61.2613525390625,4,0.01851307949259584,0.015513079492595842,0.015513079492595842,1.0,0.15061637403528966,calm,balanced,mature,0.23965639565619257,0.4777109443759304,0.0,1.8138511882409742,0.019433360782800398,0.02676388661651319,
AMD,2017-06-06,2018-07-11,12.029999732971191,16.270000457763672,5,0.35245227089836995,0.34945227089836994,0.34945227089836994,1.0,0.1623059890483461,calm,reactive,growth,-0.1575630281564333,1.667405570388139,-0.20855263921527656,1.7067964124780508,0.04676274073095183,0.023535207148766668,
EXEL,2017-06-21,2018-07-26,24.020000457763672,21.690000534057617,1,-0.0970024928934986,-0.1000024928934986,-0.1000024928934986,1.0,0.17412642336904155,calm,reactive,growth,0.12875938358581362,2.1033593240395674,0.0,2.207474301643533,0.038851846906088915,0.03266387549643124,
HALO,2017-06-23,2018-07-30,14.890000343322754,17.219999313354492,3,0.15648078685751,0.15348078685751,0.15348078685751,1.0,0.15314879966995892,calm,reactive,transition,0.14274755552335172,0.7642181378694486,0.0,1.207162815420309,0.020896504885061094,0.029661405748334868,
PODD,2017-06-27,2018-08-01,49.0,83.87000274658203,1,0.711632709113919,0.708632709113919,0.708632709113919,1.0,0.157633073694477,calm,reactive,transition,0.14192496327764914,0.6902380264527348,-0.024293134031231012,2.24437662484458,0.022109817932261046,0.025665069553745035,
AYI,2017-06-29,2018-08-03,192.69419860839844,133.0338134765625,1,-0.3096117348767743,-0.3126117348767743,-0.3126117348767743,1.0,0.1804409795216837,calm,reactive,transition,0.16587671555749917,-0.1974701296354091,-0.2874930052100254,3.0496841225213562,0.027311137366944578,0.02836864420628893,
AVAV,2017-06-29,2018-08-03,36.5,75.0199966430664,1,1.0553423737826413,1.0523423737826414,1.0523423737826414,1.0,0.15048993417844445,calm,reactive,transition,0.3379765059121864,0.3129496763201838,0.0,2.106333973128599,0.026798319006888113,0.02836864420628893,
CTRA,2017-06-30,2018-08-06,18.220457077026367,17.247840881347656,3,-0.05338044987384283,-0.05638044987384283,-0.05638044987384283,1.0,0.15708667785243102,calm,reactive,declining,0.005667267506016982,-0.024417327130356714,-0.04985711205215981,0.9423459110825653,0.015891709840205954,0.027961909551287745,
STRL,2017-07-06,2018-08-10,12.84000015258789,15.579999923706055,2,0.2133956182676462,0.2103956182676462,0.2103956182676462,1.0,0.2666961345517001,calm,reactive,transition,0.42508322157738365,1.3910615318851334,-0.06753814627881416,0.9488985463809381,0.040421114397893344,0.023778760124770315,
LNTH,2017-07-14,2018-08-20,17.549999237060547,14.5,3,-0.17378913787185968,-0.17678913787185968,-0.17678913787185968,1.0,0.15227133245678154,calm,reactive,insufficient_data,0.46249993642171217,2.6792451377854465,-0.04878056849118084,0.46508884623221197,0.028169452865572733,0.043903630035107444,
EQT,2017-07-19,2018-08-23,31.297439575195312,25.83679962158203,1,-0.17447561294889735,-0.17747561294889735,-0.17747561294889735,1.0,0.16832848832655004,calm,reactive,declining,-0.013977069695341182,-0.16570535690588728,-0.16570535690588728,0.7443890186268369,0.021611036139712065,0.03567763966096016,
FCX,2017-07-25,2018-08-29,13.424960136413574,13.319579124450684,1,-0.007849633137982814,-0.010849633137982814,-0.010849633137982814,1.0,0.21297708530931903,calm,reactive,transition,0.18580541881859425,0.17271330298310605,-0.12632185866266732,3.972246397626571,0.03701985776371906,0.037180708605074386,
BA,2017-07-27,2018-08-31,227.0887908935547,331.5569152832031,2,0.46003206049309897,0.45703206049309897,0.45703206049309897,1.0,0.17821337746585772,calm,balanced,mature,0.32419945832579633,0.8709884042021301,0.0,3.127584578346561,0.022956264427973626,0.03655162966249503,
CGNX,2017-08-01,2018-09-05,48.97113800048828,49.10715866088867,5,0.0027775678890500366,-0.00022243211094996346,-0.00022243211094996346,1.0,0.17579495466204742,calm,balanced,shake_out,0.18254306233340167,1.1611992421865747,0.0,5.379116384265373,0.027064717121264705,0.03207921154758009,
NEM,2017-08-01,2018-09-05,29.15677261352539,24.02590560913086,5,-0.17597513525946284,-0.17897513525946285,-0.17897513525946285,1.0,0.15212110607703191,calm,reactive,shake_out,0.13325316480000904,-0.18950315232035275,-0.18950315232035275,1.0052008933254248,0.018638873658377013,0.03207921154758009,
TPL,2017-08-02,2018-09-06,36.160728454589844,83.54674530029297,6,1.3104276067117908,1.307427606711791,1.307427606711791,1.0,0.21122870106597846,calm,reactive,growth,0.22522867895400078,1.1900329926331739,0.0,3.142715067130781,0.017101362382173465,0.03364740963948698,
ORLY,2017-08-02,2018-09-06,13.977333068847656,22.979999542236328,6,0.6440904304880306,0.6410904304880306,0.6410904304880306,1.0,0.15537605011788982,calm,reactive,transition,-0.1802150325927302,-0.2686619178554662,-0.27822915997735453,0.7967722973334046,0.02131836729953511,0.03364740963948698,
ARWR,2017-08-07,2018-09-11,2.0399999618530273,19.81999969482422,1,8.715686306592273,8.712686306592273,8.712686306592273,1.0,0.23918780171201742,calm,reactive,declining,0.19999994390151232,-0.6542373001900802,-0.7475247548124555,3.6769475918449612,0.05305226159154776,0.037646916827170473,
RL,2017-08-08,2018-09-12,74.7919692993164,115.77589416503906,1,0.5479722656012114,0.5449722656012114,0.5449722656012114,1.0,0.20287508272443155,calm,balanced,transition,0.1644881661074753,-0.04644479405607482,-0.2066209950503307,3.9216197840077163,0.031654678119895925,0.030220724736819138,
NBIX,2017-08-08,2018-09-12,53.650001525878906,121.66999816894531,1,1.267847058872047,1.264847058872047,1.264847058872047,1.0,0.15010650538856904,calm,reactive,growth,0.013028747230634963,0.09646436115398616,-0.02044913132232784,1.0940771955223494,0.02623213873045639,0.030220724736819138,
CPRI,2017-08-08,2018-09-12,45.25,73.05000305175781,1,0.6143647083261394,0.6113647083261394,0.6113647083261394,1.0,0.3115572024734705,calm,reactive,declining,0.24074577695140542,-0.09698664041420102,-0.12577276917771674,5.577888961680204,0.048825925629593314,0.030220724736819138,
CROX,2017-08-10,2018-09-14,8.899999618530273,21.420000076293945,3,1.4067416847632628,1.4037416847632629,1.4037416847632629,1.0,0.16999158897795447,calm,reactive,declining,0.41269830937769125,0.05200940643017726,-0.016574648513063672,2.3831223473474625,0.02111987080772957,0.034441619593977624,
CHTR,2017-08-10,2018-09-14,398.67999267578125,318.1300048828125,3,-0.20204171082764733,-0.20504171082764733,-0.20504171082764733,1.0,0.16695298049540352,calm,reactive,transition,0.2732905730494031,0.5449120221946024,-0.00553754366301229,1.105317538505899,0.019599890712311545,0.034441619593977624,
APPF,2017-08-18,2018-09-24,41.099998474121094,81.25,4,0.9768857181627304,0.9738857181627304,0.9738857181627304,1.0,0.1770285584556458,calm,reactive,insufficient_data,0.47576294115483697,1.2594830823214371,0.0,1.049013367281986,0.02360136723504429,0.0043394105231362445,
DXCM,2017-08-24,2018-09-28,18.875,35.7599983215332,3,0.8945694474984478,0.8915694474984478,0.8915694474984478,1.0,0.1504151106062318,calm,reactive,shake_out,0.1293941918222703,-0.16685061011159952,-0.21189981633706567,0.4891763585244819,0.020608425218966334,0.003666539877426267,
QLYS,2017-08-24,2018-09-28,46.0,89.0999984741211,3,0.9369564885678499,0.9339564885678499,0.9339564885678499,1.0,0.15085653233657012,calm,reactive,shake_out,0.07351229026953932,0.31729674719479917,-0.018142977626575907,0.7357413798995318,0.03643030425805518,0.003666539877426267,
WING,2017-08-24,2018-09-28,27.499853134155273,58.482608795166016,3,1.1266516773694928,1.123651677369493,1.123651677369493,1.0,0.16560806468900915,calm,balanced,insufficient_data,0.19979211032815236,0.1413041421843919,-0.02586446517836305,0.5542972371149785,0.020669852534752703,0.003666539877426267,
DELL,2017-08-30,2018-10-04,18.95545768737793,24.690866470336914,9,0.30257295168230525,0.29957295168230524,0.29957295168230524,1.0,0.15863264045654873,calm,n/a,n/a,0.09435319193170288,0.6613696723924556,0.0,1.163466075500025,0.02046284769489381,0.010048824314245586,
AN,2017-08-31,2018-10-05,45.369998931884766,39.20000076293945,10,-0.1359929097245186,-0.1389929097245186,-0.1389929097245186,1.0,0.15739350994266194,calm,reactive,transition,0.14339714170735007,-0.05518537069173357,-0.14589608727096826,0.9378220985363842,0.018348236740677898,0.015555928273843111,
ATI,2017-09-01,2018-10-08,21.59000015258789,28.56999969482422,13,0.32329779957874005,0.32029779957874005,0.32029779957874005,1.0,0.15439979856643338,calm,reactive,transition,0.27525101969357135,0.2670187202228642,-0.03096950236950391,1.1185779995322367,0.02821065516347185,0.01841458235656135,
OPCH,2017-09-01,2018-10-08,12.239999771118164,12.15999984741211,13,-0.00653594160147164,-0.009535941601471639,-0.009535941601471639,1.0,0.15585802899295054,calm,reactive,declining,0.2803346478941804,0.15909084135836093,-0.08108107721096369,0.3229535255844005,0.035563301950089596,0.01841458235656135,
GILD,2017-09-08,2018-10-15,61.82899475097656,54.80876541137695,20,-0.11354267310789046,-0.11654267310789046,-0.11654267310789046,1.0,0.15190963783239514,calm,balanced,transition,0.31306871208586085,0.1214391085776485,-0.00432937131601685,1.0435208527121334,0.01932135763710712,0.011909742058800354,
ABBV,2017-09-08,2018-10-15,59.22607421875,64.75311279296875,20,0.09332103549198245,0.09032103549198245,0.09032103549198245,1.0,0.18509281554765228,calm,reactive,mature,0.21964690966814104,0.3991648498690752,0.0,2.737971651674082,0.01730590392343157,0.011909742058800354,
GAP,2017-09-12,2018-10-17,20.473669052124023,20.925580978393555,22,0.022072835363266208,0.01907283536326621,0.01907283536326621,1.0,0.16011407651531656,calm,reactive,transition,0.21140518319541224,0.24731418571493302,-0.07348545962172248,2.1227024506711665,0.02312051645125193,0.01753442901705693,
CNC,2017-09-13,2018-10-18,49.08000183105469,72.94999694824219,1,0.48634870062462165,0.48334870062462165,0.48334870062462165,1.0,0.15754305323044077,calm,reactive,transition,0.25331976563575354,0.48367591034954516,0.0,3.0651216209266847,0.01928506553278295,0.025170017255931265,
DLB,2017-09-13,2018-10-18,52.68973922729492,62.73509216308594,1,0.19065102775432252,0.18765102775432252,0.18765102775432252,1.0,0.16017348057301195,calm,balanced,mature,0.18724356240311746,0.2082178201972522,0.0,6.3195229179210965,0.025122305645962323,0.025170017255931265,
ALV,2017-09-14,2018-10-19,74.75907897949219,66.57711029052734,2,-0.10944448220408531,-0.11244448220408532,-0.11244448220408532,1.0,0.15414843315399526,calm,balanced,mature,0.1769659059850326,0.22881683631289307,0.0,7.569348530431848,0.028349122327741238,0.024638594487172094,
PII,2017-09-14,2018-10-19,82.95591735839844,71.98910522460938,2,-0.1322004804842145,-0.1352004804842145,-0.1352004804842145,1.0,0.16784948634325125,calm,reactive,transition,0.2201114878591972,0.5191222475055373,0.0,2.7114834620216803,0.01740893207321847,0.024638594487172094,
GNRC,2017-09-15,2018-10-22,45.279998779296875,55.130001068115234,5,0.21753539210168937,0.21453539210168937,0.21453539210168937,1.0,0.17897780419056736,calm,reactive,transition,0.27441599591839183,0.3071593411409821,0.0,2.0843438426300187,0.024397856941804966,0.026999375834360295,
OLED,2017-09-19,2018-10-24,134.0933837890625,94.32215881347656,1,-0.29659349217518916,-0.29959349217518916,-0.29959349217518916,1.0,0.1801891766454169,calm,reactive,shake_out,0.21048678325412817,1.3835219147494922,0.0,1.759275259864373,0.03031572705384665,0.027707213032150513,
CF,2017-09-21,2018-10-26,29.000965118408203,36.86262893676758,3,0.27108283418365375,0.26808283418365375,0.26808283418365375,1.0,0.1769611981386604,calm,reactive,transition,0.33655369159049786,0.6118337369227438,0.0,0.7841239926980791,0.02464431569560189,0.02454640191432156,
PSTG,2017-09-22,2018-10-29,15.640000343322754,18.6200008392334,3,0.19053711192422762,0.18753711192422762,0.18753711192422762,1.0,0.1907674901952759,calm,n/a,n/a,0.2030769494863658,0.14831134175745664,0.0,1.3071751206031315,0.019399315410906556,0.0341034100080404,
DVN,2017-09-26,2018-10-31,26.06233024597168,23.030529022216797,1,-0.11632886219847871,-0.11932886219847871,-0.11932886219847871,1.0,0.161072689912584,calm,reactive,transition,0.12862258104669055,-0.03163435572474349,-0.2426130174518364,1.0660036155840287,0.016010011986472172,0.027924989132319444,
VICR,2017-09-27,2018-11-01,23.100000381469727,39.599998474121094,1,0.7142856199209102,0.7112856199209102,0.7112856199209102,1.0,0.1555347091690995,calm,balanced,transition,0.23860594391208556,0.9913792777430015,0.0,2.7441443747600154,0.03242387919673332,0.03062642291746709,
HAL,2017-09-28,2018-11-02,38.69842529296875,29.954002380371094,1,-0.22596327489807344,-0.22896327489807344,-0.22896327489807344,1.0,0.15634881319084867,calm,balanced,transition,0.09573226983466743,0.053393642605260805,-0.20315628208721315,1.2654799042650202,0.01182135887048204,0.04162674907926123,
CRS,2017-10-02,2018-11-06,43.31894302368164,40.439964294433594,1,-0.06646004099578706,-0.06946004099578706,-0.06946004099578706,1.0,0.16217543391774727,calm,reactive,transition,0.3397418934225849,0.25426838124639306,0.0,1.1590777058835313,0.017736540985670922,0.04189211981832397,
HQY,2017-10-02,2018-11-06,51.45000076293945,95.37999725341797,1,0.853838597454837,0.850838597454837,0.850838597454837,1.0,0.15703739286773263,calm,reactive,insufficient_data,0.06180990235697981,0.3585952525501912,-0.055443370480700915,0.5853289851218386,0.02469897831206178,0.04189211981832397,
VTRS,2017-10-04,2018-11-08,30.636390686035156,30.109573364257812,1,-0.01719580244214214,-0.020195802442142138,-0.020195802442142138,1.0,0.15361531166167794,calm,reactive,transition,-0.020217602652330413,-0.006047763295401021,-0.1651942538218617,4.723671030030435,0.041332323173522194,0.0386738934756472,
GM,2017-10-06,2018-11-12,39.035499572753906,32.23093795776367,3,-0.17431726734553432,-0.17731726734553432,-0.17731726734553432,1.0,0.16153942502375687,calm,balanced,transition,0.24863436819998208,0.4491933003224986,0.0,1.2907166698692192,0.012874735574539033,0.036620646727892,
KBH,2017-10-09,2018-11-13,23.634693145751953,18.891130447387695,1,-0.2007033757160014,-0.2037033757160014,-0.2037033757160014,1.0,0.16149470245292114,calm,balanced,transition,0.11458295199041446,0.6655913669917657,0.0,0.7620277083976463,0.023538897312820505,0.03480488773694512,
GTLS,2017-10-10,2018-11-14,42.90999984741211,65.41000366210938,1,0.5243533883641864,0.5213533883641864,0.5213533883641864,1.0,0.15123734180333348,calm,reactive,transition,0.22355290050786492,0.30227614123988666,0.0,1.7553180944073274,0.01563866989365976,0.03658839930986857,
TRU,2017-10-13,2018-11-19,47.80740737915039,59.161460876464844,3,0.23749569616415012,0.2344956961641501,0.2344956961641501,1.0,0.15524800948958173,calm,balanced,insufficient_data,0.09387383345611222,0.5147999835616173,-0.004412467174013557,0.6399604422668673,0.01842824442826753,0.032610142419805754,
GWW,2017-10-17,2018-11-21,182.3917999267578,275.18084716796875,1,0.508734752760112,0.505734752760112,0.505734752760112,1.0,0.17611304866572625,calm,reactive,transition,0.22450794480733238,0.023138685918960844,-0.19273137177050614,5.534683396769317,0.031007132192655256,0.03319576626963627,
AEIS,2017-10-24,2018-11-28,89.79220581054688,45.98442077636719,1,-0.48787959532489933,-0.49087959532489933,-0.49087959532489933,1.0,0.15095933486510976,calm,balanced,growth,0.2650920830138601,0.9239498923532383,0.0,0.8896377849007361,0.011096811625320504,0.037466344215247194,
FCN,2017-10-27,2018-12-03,42.400001525878906,69.7699966430664,3,0.6455187295331153,0.6425187295331153,0.6425187295331153,1.0,0.16315561998697165,calm,reserved,transition,0.30622312759586867,0.08801642796340392,-0.09012869282763214,3.9044727123512515,0.02913605165225264,0.042086048273964005,
IBKR,2017-10-27,2018-12-03,12.707721710205078,13.901016235351562,3,0.09390310492778542,0.09090310492778542,0.09090310492778542,1.0,0.15593358071977817,calm,reactive,mature,0.3250753452576416,0.624554017652577,0.0,1.10129677658392,0.01395569797480321,0.042086048273964005,
ADBE,2017-10-30,2018-12-04,176.02999877929688,245.82000732421875,4,0.3964665626818715,0.3934665626818715,0.3934665626818715,1.0,0.15642666898724675,calm,reactive,mature,0.18586631557609423,0.6373360178734051,-0.007330982001547359,0.6175376985222936,0.029892775459019482,0.03705098906129578,
XYZ,2017-10-30,2018-12-04,35.75,63.5099983215332,4,0.7765034495533762,0.7735034495533762,0.7735034495533762,1.0,0.15677362556126878,calm,n/a,n/a,0.3921339398424626,2.1919643400731146,0.0,1.3789307388369523,0.013836145544034579,0.03705098906129578,
TREX,2017-10-31,2018-12-06,27.362499237060547,31.315000534057617,6,0.14444957175708906,0.14144957175708905,0.14144957175708905,1.0,0.226165273824047,calm,balanced,shake_out,0.3838665067152951,1.055399003722858,0.0,5.053392720699231,0.06096366472994617,0.04054276140563262,
SSD,2017-11-01,2018-12-06,52.89500427246094,53.41408157348633,6,0.009813352095627614,0.006813352095627614,0.006813352095627614,1.0,0.15053259815724213,calm,balanced,mature,0.30822546249598903,0.3806487445265112,0.0,2.5202094156821055,0.034593330781152634,0.04257851070687124,
INTC,2017-11-01,2018-12-06,38.98184585571289,41.62824630737305,6,0.06788802309299369,0.06488802309299369,0.06488802309299369,1.0,0.15311845344055464,calm,reactive,mature,0.27657809321861326,0.3904834708879863,0.0,1.6446629897081508,0.018432867284106706,0.04257851070687124,
QCOM,2017-11-03,2018-12-10,49.461185455322266,48.018131256103516,10,-0.02917548752490462,-0.03217548752490462,-0.03217548752490462,1.0,0.15265974451290287,calm,reactive,transition,0.18540697108861814,-0.037938569268637035,-0.08133645271019485,6.057970266267264,0.036695385882773705,0.06001671859016633,
BIO,2017-11-07,2018-12-12,262.2200012207031,254.25,1,-0.030394329889408378,-0.03339432988940838,-0.03339432988940838,1.0,0.15978385012197355,calm,balanced,mature,0.21240985158449988,0.5241804897340647,0.0,1.4520659768072794,0.04804162034868014,0.05113579011005709,
TKO,2017-11-08,2018-12-13,24.594694137573242,67.27548217773438,1,1.7353656768984909,1.732365676898491,1.732365676898491,1.0,0.161512415449031,calm,reactive,transition,0.27188383502472946,0.5718661058610075,0.0,0.7762813203069622,0.03702646568177734,0.05116051144189959,
PEN,2017-11-08,2018-12-13,113.55000305175781,126.33000183105469,1,0.11254952387338601,0.10954952387338601,0.10954952387338601,1.0,0.18711421947645862,calm,n/a,n/a,0.32034887269485823,0.831451662125126,0.0,3.486387208297321,0.022770925196585835,0.05116051144189959,
HAE,2017-11-09,2018-12-14,54.91999816894531,102.8499984741211,1,0.8727239967804288,0.8697239967804288,0.8697239967804288,1.0,0.16151032660258,calm,reactive,transition,0.3119922925983938,0.4250128921719525,0.0,2.2247782521179413,0.026970206525652934,0.06362529652163329,
GMED,2017-11-09,2018-12-14,34.22999954223633,44.56999969482422,1,0.30207421241210897,0.29907421241210896,0.29907421241210896,1.0,0.15413864669072494,calm,balanced,transition,0.12784181588134502,0.587662355757862,0.0,2.8738989651971107,0.019840307079140005,0.06362529652163329,
PLNT,2017-11-10,2018-12-17,30.1200008392334,53.310001373291016,4,0.7699203150038105,0.7669203150038105,0.7669203150038105,1.0,0.15049980976773913,calm,n/a,n/a,0.2800679966120041,0.39605061780870465,0.0,1.2012921043137872,0.04344207286052906,0.06462451684958292,
LSCC,2017-11-13,2018-12-18,6.510000228881836,6.980000019073486,1,0.07219658581676858,0.06919658581676857,0.06919658581676857,1.0,0.15593567431635802,calm,reactive,shake_out,0.12241379565489563,-0.15891467423889027,-0.15891467423889027,1.062538451435405,0.019333381506407187,0.06443415260122953,
MAT,2017-11-14,2018-12-19,18.540000915527344,10.270000457763672,1,-0.4460625700852854,-0.4490625700852854,-0.4490625700852854,1.0,0.20888529985042834,calm,reserved,declining,0.13672602836324566,-0.39627202025183994,-0.404036461542593,1.398717669613129,0.06743512518003467,0.0515227692929785,
NTAP,2017-11-16,2018-12-21,42.691280364990234,46.38074493408203,1,0.0864219704246072,0.0834219704246072,0.0834219704246072,1.0,0.16974842504769938,calm,reactive,transition,0.3746452151224371,0.4677177872303815,0.0,4.381137115778906,0.03816073141055051,0.06013600972410371,
WMS,2017-11-16,2018-12-21,19.91948127746582,21.935693740844727,1,0.10121812085838666,0.09821812085838666,0.09821812085838666,1.0,0.1753483015290081,calm,balanced,insufficient_data,0.13953868495390953,0.051529506434203176,-0.13313872650671643,0.7339128697042366,0.02466914807600306,0.06013600972410371,
BURL,2017-11-17,2018-12-24,104.7300033569336,150.27999877929688,4,0.43492785221368635,0.43192785221368635,0.43192785221368635,1.0,0.16823144851635274,calm,reactive,growth,0.18943781632092493,0.3437259440127365,0.0,1.4451530854355294,0.01933656463172572,0.05558627376187619,
DY,2017-11-20,2018-12-26,98.22000122070312,53.439998626708984,6,-0.45591531294498977,-0.4589153129449898,-0.4589153129449898,1.0,0.1501183771741852,calm,reactive,growth,0.19692912677179342,0.05669719683149066,-0.09881637631122997,5.082174895569404,0.02732114873327035,0.056418315261476115,
FSLR,2017-11-22,2018-12-27,60.5099983215332,42.29999923706055,1,-0.3009419862765458,-0.3039419862765458,-0.3039419862765458,1.0,0.23266180048524554,calm,reactive,declining,0.2582657128204844,1.03190050122021,-0.020715367778421312,0.4858211677775397,0.05489455809637361,0.05675885125094271,
AMZN,2017-11-24,2018-12-31,59.29999923706055,75.09850311279297,4,0.2664165949239823,0.2634165949239823,0.2634165949239823,1.0,0.17280097041501238,calm,balanced,transition,0.20946360826956045,0.5197918241112598,0.0,0.896,0.00942445328520212,0.0529079864455102,
CPRT,2017-11-24,2018-12-31,10.614999771118164,11.944999694824219,4,0.12529439023868716,0.12229439023868716,0.12229439023868716,1.0,0.1541433901260562,calm,balanced,mature,0.29886818195768305,0.554457194007064,0.0,1.0674305498310115,0.028853856691704323,0.0529079864455102,
LIVN,2017-11-27,2019-01-02,86.62999725341797,91.02999877929688,6,0.05079073837446413,0.047790738374464126,0.047790738374464126,1.0,0.15822800869145168,calm,n/a,n/a,0.3608230829573216,0.9306886408650752,0.0,0.8784520007514559,0.019947105390133574,0.05042089624070467,
ROST,2017-11-29,2019-01-03,69.84858703613281,77.38316345214844,7,0.10787013360940256,0.10487013360940256,0.10487013360940256,1.0,0.16759560000327844,calm,reactive,mature,0.28402330182926305,0.1345639280385702,0.0,1.8016483124985156,0.02599670151301695,0.06510947977057202,
DKS,2017-11-29,2019-01-03,22.844707489013672,25.917768478393555,7,0.13451960331983948,0.13151960331983947,0.13151960331983947,1.0,0.16728850544315463,calm,reactive,transition,0.08588271580425832,-0.4929176930281425,-0.5200096469308277,1.3835061509740019,0.028170009216326636,0.06510947977057202,
NWSA,2017-11-29,2019-01-03,14.881733894348145,10.411948204040527,7,-0.30035382449656445,-0.30335382449656445,-0.30335382449656445,1.0,0.15671957529381408,calm,balanced,transition,0.2302828976835205,0.4366471862312806,0.0,0.9060758770023533,0.016036066468503352,0.06510947977057202,
AZO,2017-11-30,2019-01-04,686.760009765625,835.6300048828125,1,0.21677149659310135,0.21377149659310135,0.21377149659310135,1.0,0.1514037831996369,calm,balanced,mature,0.2690517478132244,-0.12039551055927888,-0.15201203414598485,1.250807539300246,0.015157704949370842,0.07402538365166067,
KR,2017-11-30,2019-01-04,21.714767456054688,23.66517448425293,1,0.08981938361280561,0.08681938361280561,0.08681938361280561,1.0,0.18321712294619788,calm,reserved,mature,0.14215350783470426,-0.21028845426175602,-0.267386440732282,4.539201060538481,0.021718725744102996,0.07402538365166067,
HRL,2017-12-04,2019-01-08,29.800209045410156,34.14815139770508,1,0.14590308227937054,0.14290308227937054,0.14290308227937054,1.0,0.17005529618613996,calm,reactive,mature,0.1960339533910982,0.13836390096631912,0.0,1.0894450171165324,0.01341521425208322,0.06082119659132745,
WBD,2017-12-04,2019-01-08,20.850000381469727,27.239999771118164,1,0.3064747852631935,0.3034747852631935,0.3034747852631935,1.0,0.2264793034669991,calm,balanced,transition,0.0024039012616927646,-0.23877324402754052,-0.29608373427685053,2.1700278927212375,0.0273020342467882,0.06082119659132745,
SJM,2017-12-05,2019-01-09,90.05109405517578,78.62734985351562,1,-0.12685847208764212,-0.12985847208764212,-0.12985847208764212,1.0,0.15779201454159486,calm,reactive,mature,0.0984038996615686,-0.04947511325918441,-0.15563683900583114,0.9936385083250697,0.026301788286295983,0.05331109759816122,
DVA,2017-12-06,2019-01-10,69.19999694824219,55.15999984741211,1,-0.20289014046245157,-0.20589014046245158,-0.20589014046245158,1.0,0.15477607123621212,calm,reactive,transition,0.15757775780028394,0.08108099732548069,-0.01269795172135435,3.7992388979990888,0.03272727488666931,0.05239411944740535,
VZ,2017-12-12,2019-01-16,33.49882125854492,38.04817199707031,1,0.13580629310546066,0.13280629310546066,0.13280629310546066,1.0,0.15064558050296975,calm,balanced,mature,0.09096297459494895,0.06521658042589795,0.0,1.254481867250454,0.011686685882746574,0.06281699128821217,
AXON,2017-12-12,2019-01-16,25.15999984741211,49.630001068115234,1,0.9725755711091566,0.9695755711091566,0.9695755711091566,1.0,0.15842762039679908,calm,reactive,shake_out,0.14000907092502346,0.06700593421620882,-0.07973666031488413,0.7218519356699105,0.01355805604998127,0.06281699128821217,
CAR,2017-12-13,2019-01-17,40.569580078125,25.00682258605957,2,-0.38360657078767313,-0.38660657078767313,-0.38660657078767313,1.0,0.1901873453027968,calm,reactive,transition,0.1260549348030784,0.18217052152430613,0.0,0.75800606435596,0.019609304175633772,0.061640874885910746,
DRI,2017-12-20,2019-01-24,75.30835723876953,87.5279541015625,1,0.16226083413358783,0.15926083413358783,0.15926083413358783,1.0,0.16478571454368313,calm,balanced,mature,0.2183456309816807,0.30095557624200997,-0.010549158906084766,1.4157006786429225,0.01835424151120155,0.06869055071090813,
UTHR,2017-12-26,2019-01-30,150.02999877929688,116.12000274658203,1,-0.22602143776991213,-0.22902143776991213,-0.22902143776991213,1.0,0.19407147425455565,calm,balanced,transition,0.2241351319183098,0.045286700029830707,-0.10919130500880947,1.5544938374186401,0.023558793799931834,0.05985476205093865,
TGT,2017-12-26,2019-01-30,52.13043975830078,59.199947357177734,1,0.13561189262270257,0.13261189262270257,0.13261189262270257,1.0,0.15157865190209766,calm,reactive,mature,0.12926884049503884,-0.06907512921089642,-0.07046218408514782,0.35414614956522206,0.026653021576912538,0.05985476205093865,
LULU,2017-12-26,2019-01-30,79.4000015258789,148.61000061035156,1,0.8716624402320066,0.8686624402320066,0.8686624402320066,1.0,0.15900829685388046,calm,reactive,transition,0.26372750615828,0.23215391864820956,0.0,0.6090363219685816,0.016132950961644063,0.05985476205093865,
BBY,2017-12-27,2019-01-31,50.1910514831543,44.62971496582031,2,-0.11080334746923048,-0.11380334746923049,-0.11380334746923049,1.0,0.15940287878128653,calm,balanced,transition,0.20782052707283816,0.6031346780229243,0.0,0.5033637095109612,0.01553686728033195,0.05840811278372193,
XPO,2017-12-27,2019-01-31,31.877357482910156,21.0210018157959,2,-0.3405663619681928,-0.3435663619681928,-0.3435663619681928,1.0,0.15892761137844816,calm,reactive,shake_out,0.36953935128430704,1.1183635397800709,0.0,1.3138445726413022,0.03549084746753247,0.05840811278372193,
NDSN,2017-12-28,2019-02-01,134.4281463623047,120.83548736572266,1,-0.10111467995658963,-0.10411467995658963,-0.10411467995658963,1.0,0.15432493104116352,calm,reactive,mature,0.21526992455294436,0.3122029118631049,0.0,0.4346166180535406,0.03191808845262827,0.05902891919762432,
FANG,2018-01-05,2019-02-11,99.9146499633789,75.45558166503906,3,-0.24479961954833118,-0.24779961954833118,-0.24779961954833118,1.0,0.15547293588719632,calm,balanced,growth,0.28033902358212814,0.25390701373379176,-0.0011526851316965292,0.7424883946334745,0.017531944788264864,0.07353904636258424,
TSCO,2018-01-08,2019-02-12,13.952013969421387,17.08247947692871,1,0.22437373660665494,0.22137373660665494,0.22137373660665494,1.0,0.15138488893838753,calm,reactive,transition,0.36751657312928354,0.06985506540525432,-0.002391642038565789,0.8162308166650744,0.013028939259017179,0.07714050741108225,
SLB,2018-01-08,2019-02-12,59.10895538330078,36.405879974365234,1,-0.3840885913431237,-0.3870885913431237,-0.3870885913431237,1.0,0.15638200148324186,calm,reserved,transition,0.12027751834479194,-0.10229489528377222,-0.11984292080865311,1.0637483179899205,0.015778912343467406,0.07714050741108225,
IPGP,2018-01-08,2019-02-12,258.8399963378906,147.14999389648438,1,-0.4315021017679421,-0.43450210176794213,-0.43450210176794213,1.0,0.1573018456461964,calm,reactive,growth,0.31631406194723843,1.6460846160847633,0.0,2.3967711318546643,0.02006566635734776,0.07714050741108225,
ARES,2018-01-10,2019-02-14,16.313295364379883,17.450708389282227,2,0.06972306940422879,0.06672306940422879,0.06672306940422879,1.0,0.1680440805767199,calm,reactive,shake_out,0.21962780444493113,0.341969637085076,0.0,3.225182846280246,0.01363075561806432,0.07451795244658488,
BKR,2018-01-12,2019-02-19,29.59491539001465,21.41526985168457,4,-0.27638685330014146,-0.27938685330014146,-0.27938685330014146,1.0,0.16999824492860938,calm,reactive,declining,0.10696162796836406,-0.10904368725268132,-0.14658725301164532,0.8777731430316114,0.01747098448111315,0.08783957099667417,
STX,2018-01-12,2019-02-19,37.24797058105469,35.10561752319336,4,-0.05751596729812136,-0.060515967298121365,-0.060515967298121365,1.0,0.17648195725655808,calm,reactive,transition,0.5184581486870503,0.4785639368197374,0.0,1.5741772671442258,0.021488806736497796,0.08783957099667417,
BG,2018-01-22,2019-02-26,63.966373443603516,42.797943115234375,4,-0.3309305997632094,-0.3339305997632094,-0.3339305997632094,1.0,0.16272447952003474,calm,reserved,declining,0.18094208726099748,0.2290557576894774,-0.00028688600091109073,5.427285392087152,0.029683278624267777,0.10786229939299719,
NFLX,2018-01-23,2019-02-27,25.02899932861328,36.2869987487793,1,0.44979822294756366,0.44679822294756366,0.44679822294756366,1.0,0.17877380284616973,calm,balanced,growth,0.28215764796876797,0.7863821212641402,0.0,3.092437256182296,0.026979280360376653,0.10886189310255978,
SW,2018-01-23,2019-02-27,27.96507453918457,22.191879272460938,1,-0.20644304947709868,-0.2094430494770987,-0.2094430494770987,1.0,0.18029866937575434,calm,herd,mature,0.25041964217029844,0.41352121083985227,0.0,5.473684210526316,0.024876142525135068,0.10886189310255978,
NYT,2018-01-29,2019-03-05,21.73297119140625,31.5032901763916,4,0.4495620455636906,0.4465620455636906,0.4465620455636906,1.0,0.1687920318400119,calm,reactive,mature,0.2999950826631703,0.7718856963714424,0.0,1.1082411816934377,0.025416185239876658,0.10629377460173206,
KDP,2018-01-29,2019-03-05,15.522950172424316,21.789165496826172,4,0.4036742535921716,0.40067425359217157,0.40067425359217157,1.0,0.18321300947804098,calm,reserved,mature,0.37147048628284574,0.3235639036800899,0.0,10.889764488971615,0.051959646396970184,0.10629377460173206,
HCA,2018-02-07,2019-03-14,91.33241271972656,124.1247787475586,7,0.3590441230153698,0.3560441230153698,0.3560441230153698,1.0,0.15961760920136975,normal,reserved,mature,0.2506353927776255,0.18554260824044233,-0.037558551073676893,0.7118544733223632,0.021138570727383368,0.03847727274231372,
EBAY,2018-02-08,2019-03-15,36.3846435546875,32.318416595458984,8,-0.11175667979588211,-0.11475667979588211,-0.11475667979588211,1.0,0.15865414691231564,crisis,reserved,mature,0.1442121114732804,0.23852676592350863,-0.11192889409634821,1.1426629575532041,0.03768596280306857,-0.00148561913311962,
THC,2018-02-15,2019-03-22,19.489999771118164,29.1299991607666,1,0.4946125963497321,0.4916125963497321,0.4916125963497321,1.0,0.1944189275706837,normal,reactive,declining,0.4798784858171903,0.0005133587842316434,-0.14027350218234502,0.9580062763634656,0.028879100845593184,0.05772733654833928,
POOL,2018-02-16,2019-03-25,135.73471069335938,145.92828369140625,3,0.07509923545698904,0.07209923545698904,0.07209923545698904,1.0,0.15267545841503471,normal,balanced,transition,0.23430291206633624,0.2969054286485948,0.0,1.6855249333225573,0.02715836229336342,0.05124601867038936,
NVDA,2018-02-20,2019-03-27,6.157677173614502,4.380061149597168,2,-0.28868288705266587,-0.2916828870526659,-0.2916828870526659,1.0,0.15494316460729618,normal,reactive,growth,0.15888912859936655,1.2512866340509592,0.0,0.9082251123502416,0.036073038913178423,0.0458899718358583,
ENSG,2018-02-20,2019-03-27,24.584745407104492,45.169559478759766,2,0.8373002742467563,0.8343002742467563,0.8343002742467563,1.0,0.15438433423502795,normal,reserved,transition,0.10541992063129269,0.45947458635439986,0.0,0.8981636271846287,0.02248442772885537,0.0458899718358583,
HII,2018-02-20,2019-03-27,224.89979553222656,174.43594360351562,2,-0.2243837163537119,-0.2273837163537119,-0.2273837163537119,1.0,0.15894718917370443,normal,reactive,transition,0.13688184068463594,0.26613650379595266,0.0,1.310333277507955,0.028179727616000346,0.0458899718358583,
NOC,2018-02-21,2019-03-28,306.9342956542969,238.26051330566406,3,-0.2237409873088303,-0.2267409873088303,-0.2267409873088303,1.0,0.1501146528345762,normal,reserved,transition,0.1626754699457702,0.4648960151383117,-0.01706287612827484,0.9766590823597299,0.022451102813455866,0.03800699319068257,
SYNA,2018-02-21,2019-03-28,46.959999084472656,37.709999084472656,3,-0.19697615375504807,-0.19997615375504807,-0.19997615375504807,1.0,0.16277212613702735,normal,reactive,declining,0.18855988558418013,-0.17178133240578553,-0.26910507261521155,0.6588167520026221,0.03006513181771031,0.03800699319068257,
SWKS,2018-02-22,2019-03-29,88.77619934082031,69.4546127319336,4,-0.21764376885193404,-0.22064376885193404,-0.22064376885193404,1.0,0.17506487798416093,normal,balanced,shake_out,0.0033906904803440163,0.13874573376752064,-0.07248851518359967,0.6983159874626839,0.034594774699345986,0.03941695002804213,
ZBRA,2018-02-22,2019-03-29,135.24000549316406,209.52999877929688,4,0.5493196559348552,0.5463196559348552,0.5463196559348552,1.0,0.1559929413729065,normal,balanced,shake_out,0.24381496659394664,0.5043381890737058,0.0,3.8810534795134006,0.031245069373961466,0.03941695002804213,
GDDY,2018-02-23,2019-04-01,61.47999954223633,75.58000183105469,3,0.22934291466823709,0.22634291466823708,0.22634291466823708,1.0,0.15644558310462708,normal,balanced,insufficient_data,0.2186322817144437,0.6634199422387113,0.0,3.228573902229778,0.03199649624808502,0.04577776051275628,
PEGA,2018-02-26,2019-04-02,27.930452346801758,33.121273040771484,4,0.18584807111310941,0.1828480711131094,0.1828480711131094,1.0,0.15721302219455707,normal,reactive,growth,0.13232792287402617,0.3290449801953832,-0.10692667249826993,3.568954863556022,0.02522161614625715,0.05846379772828847,
HPE,2018-02-27,2019-04-03,14.598788261413574,12.705564498901367,5,-0.12968362364130137,-0.13268362364130137,-0.13268362364130137,1.0,0.1527142047614346,normal,balanced,insufficient_data,0.35607958911368853,0.4429819546412821,0.0,1.3787101053911914,0.033588153878140174,0.03652390043679343,
AMAT,2018-02-28,2019-04-04,52.619625091552734,39.69961166381836,6,-0.24553602206885516,-0.24853602206885517,-0.24853602206885517,1.0,0.15570240983812764,normal,balanced,shake_out,0.11143959587644958,0.5754862089323534,-0.02074479915815075,0.7504126422282053,0.03411524903074213,0.027102250462068378,
CIEN,2018-03-06,2019-04-10,25.709999084472656,37.349998474121094,2,0.4527421160694758,0.4497421160694758,0.4497421160694758,1.0,0.17775575462489432,normal,reactive,transition,0.2384392486038731,-0.017577416525802025,-0.06509094238281254,4.29659923033308,0.025236914453622084,0.034562316511234537,
LRCX,2018-03-07,2019-04-11,18.92081069946289,17.5330810546875,3,-0.07334409010364362,-0.07634409010364362,-0.07634409010364362,1.0,0.1542154975572822,normal,balanced,transition,0.13844352243863067,0.8180151104879982,-0.027622986903138358,1.45563126905865,0.027974765073667845,0.028399037838251928,
BLKB,2018-03-07,2019-04-11,107.3834457397461,81.7521743774414,3,-0.23868922426296968,-0.24168922426296968,-0.24168922426296968,1.0,0.16414733815306876,normal,reactive,transition,0.1396353756381672,0.48207131251001,0.0,1.109534428001892,0.017973451023458955,0.028399037838251928,
LOPE,2018-03-07,2019-04-11,104.43000030517578,118.02999877929688,3,0.1302307616046905,0.1272307616046905,0.1272307616046905,1.0,0.15335385331194168,normal,reserved,mature,0.111548735469434,0.5827522732946575,0.0,1.2755395683453237,0.025097491138248343,0.028399037838251928,
GWRE,2018-03-07,2019-04-11,91.16999816894531,102.26000213623047,3,0.12164093660213182,0.11864093660213182,0.11864093660213182,1.0,0.1653835637602393,normal,balanced,mature,0.25113208086466887,0.5776085261221937,0.0,3.188447653429603,0.0224818095713336,0.028399037838251928,
WDAY,2018-03-07,2019-04-11,137.5800018310547,195.8699951171875,3,0.42368071311491673,0.4206807131149167,0.4206807131149167,1.0,0.15822146860546263,normal,reactive,transition,0.3121602654578193,0.6597901175547132,0.0,1.2616965920100167,0.02464081773300358,0.028399037838251928,
WDC,2018-03-12,2019-04-16,71.0111312866211,39.21135330200195,4,-0.4478139892781908,-0.45081398927819083,-0.45081398927819083,1.0,0.18000225873181458,calm,reactive,declining,0.2375844928355606,0.3911373976654926,0.0,1.5514622484546983,0.016691733993599446,0.045128308942651074,
BKNG,2018-03-12,2019-04-16,86.62532806396484,72.31703186035156,4,-0.16517451100500213,-0.16817451100500214,-0.16817451100500214,1.0,0.18261423807503518,calm,reactive,mature,0.2659689252021491,0.24841009656849145,0.0,0.8858377998712299,0.016391192569822938,0.045128308942651074,
KEYS,2018-03-12,2019-04-16,54.619998931884766,90.5199966430664,4,0.6572683708022702,0.6542683708022702,0.6542683708022702,1.0,0.175946497862422,calm,balanced,transition,0.3060736329619036,0.42091573577563945,0.0,0.9282461861540481,0.018760008342635314,0.045128308942651074,
MCHP,2018-03-15,2019-04-22,41.96828842163086,42.730716705322266,5,0.01816677096839725,0.01516677096839725,0.01516677096839725,1.0,0.1505045689384657,calm,reactive,transition,0.10100376694065005,0.33870601127791455,-0.027034964882827972,0.4590729343204591,0.016301996673494874,0.021251586479406503,
JBL,2018-03-16,2019-04-22,29.890777587890625,29.64893913269043,5,-0.008090738171300349,-0.011090738171300348,-0.011090738171300348,1.0,0.16797165307527703,calm,balanced,mature,0.17637349814427794,0.10172027620029156,0.0,4.8417045834385,0.024170102899986237,0.026306481084329647,
COHR,2018-03-19,2019-04-23,45.20000076293945,41.38999938964844,1,-0.08429206435799275,-0.08729206435799275,-0.08729206435799275,1.0,0.17916565434842102,calm,reactive,growth,-0.04641351671135119,0.22993199354937288,-0.1463644926975024,1.264235942993074,0.02821323080944473,0.012566920546794869,
FN,2018-03-20,2019-04-24,33.36000061035156,60.58000183105469,1,0.8159472638695575,0.8129472638695575,0.8129472638695575,1.0,0.15280368594821406,calm,reactive,shake_out,0.1281704753007058,-0.1779201797664255,-0.2882440501261162,0.7140463691340493,0.0189378897987137,0.012057749368656667,
TWLO,2018-03-20,2019-04-24,40.88999938964844,129.99000549316406,1,2.179017056333629,2.1760170563336287,2.1760170563336287,1.0,0.21281927723836488,calm,reactive,insufficient_data,0.6806411639075702,0.38141888049591066,-0.0031692117665647057,0.5771304742226477,0.02384968165983513,0.012057749368656667,
ENTG,2018-03-26,2019-04-30,36.15359115600586,39.71431350708008,4,0.09848875968391058,0.09548875968391057,0.09548875968391057,1.0,0.15870667581635026,crisis,balanced,transition,0.2232975497706764,0.6453121232274928,-0.006605026045908513,1.0051433885630776,0.02094819399964741,-0.010786812405774504,
MPC,2018-03-27,2019-05-01,56.820098876953125,48.02315902709961,1,-0.1548209176633738,-0.1578209176633738,-0.1578209176633738,1.0,0.1519513155222097,crisis,reactive,shake_out,0.11210820990801218,0.5282397166830195,-0.010857620535525747,0.8931250421673076,0.015929656363557237,-0.02281184906694822,
CVLT,2018-04-02,2019-05-07,63.400001525878906,51.689998626708984,1,-0.18470035674037133,-0.18770035674037133,-0.18770035674037133,1.0,0.25106167998971013,crisis,balanced,transition,0.17125439266292708,0.24803154484353174,0.0,2.1056777832326716,0.027213572666246594,-0.05216983466581959,
APA,2018-04-06,2019-05-13,30.832744598388672,25.032705307006836,4,-0.18811297427232432,-0.19111297427232432,-0.19111297427232432,1.0,0.15138110950661932,crisis,reactive,declining,-0.12374738103792315,-0.260297703254752,-0.2744094884386159,0.901300627557783,0.017540885851847435,-0.0523100362005019,
COP,2018-04-09,2019-05-14,46.66257858276367,49.03400421142578,5,0.05082071545737654,0.04782071545737654,0.04782071545737654,1.0,0.15665599432088162,crisis,reactive,transition,0.02984538320467478,0.2513412545396012,0.0,1.3470499356451342,0.01939031317761623,-0.055789266796554604,
EOG,2018-04-13,2019-05-20,81.94677734375,69.67462158203125,4,-0.14975763732891612,-0.15275763732891612,-0.15275763732891612,1.0,0.15313495482072986,normal,reserved,transition,-0.026549166620445375,0.16865409554477706,-0.061306426209416176,0.7208487280092768,0.01983918708945992,-0.0506534879843179,
OXY,2018-04-13,2019-05-20,60.723812103271484,46.008331298828125,4,-0.2423346014478983,-0.24533460144789832,-0.24533460144789832,1.0,0.16405797692864132,normal,reserved,transition,-0.01167153192628334,0.2053032217196502,-0.040189630040533775,0.9850016983325179,0.019998388127303163,-0.0506534879843179,
KEX,2018-04-18,2019-05-23,87.55000305175781,80.91000366210938,2,-0.07584236617014173,-0.07884236617014173,-0.07884236617014173,1.0,0.15064763739361378,normal,reactive,declining,0.12604505532807475,0.2697607966172624,0.0,0.7152790484903934,0.021546489750534376,-0.04596126123864008,
VLO,2018-04-23,2019-05-28,79.62930297851562,57.269775390625,5,-0.28079521924138073,-0.28379521924138074,-0.28379521924138074,1.0,0.15027726729865168,normal,reactive,transition,0.11723410919362443,0.6992399701803522,0.0,0.6208814001122456,0.01589989751779187,-0.07051487532033751,
PSX,2018-04-23,2019-05-28,81.4905776977539,62.83324432373047,5,-0.22895080512526156,-0.23195080512526156,-0.23195080512526156,1.0,0.1501668650646601,normal,balanced,mature,0.05354477746276709,0.48514064444651783,0.0,0.9519967336781118,0.01225383341341054,-0.07051487532033751,
SAIC,2018-04-25,2019-05-30,76.22917175292969,69.78024291992188,7,-0.08459922474180581,-0.08759922474180581,-0.08759922474180581,1.0,0.1519836291138367,normal,reactive,mature,0.12580419736432624,0.16977290634684428,0.0,0.7142857142857143,0.021926314947603807,-0.06484838728679554,
ULTA,2018-04-26,2019-05-31,243.61000061035156,333.3800048828125,1,0.36849884671215105,0.36549884671215105,0.36549884671215105,1.0,0.1576296102261766,normal,balanced,mature,0.09684823915227914,-0.13515334086666542,-0.22350431237205515,0.8207190683490597,0.01806996513696731,-0.05555264480700273,
MTSI,2018-05-02,2019-06-06,20.610000610351562,15.010000228881836,1,-0.27171277125809856,-0.27471277125809856,-0.27471277125809856,1.0,0.19538622994375748,calm,reactive,transition,-0.3211462386030267,-0.5487190401429455,-0.6856794157957207,4.324875103605076,0.0682249830815072,-0.02206563409450224,
FFIV,2018-05-03,2019-06-07,168.32000732421875,140.42999267578125,1,-0.16569637259292436,-0.16869637259292436,-0.16869637259292436,1.0,0.17325075797748307,calm,reactive,transition,0.19046614365104753,0.33143497676118505,0.0,1.2122335495829473,0.013036126557820332,-0.01936484615596812,
LYV,2018-05-04,2019-06-10,45.5,61.75,4,0.3571428571428572,0.3541428571428572,0.3541428571428572,1.0,0.16768611174705764,calm,reserved,mature,0.055684492131013785,0.31693201171459884,-0.06359333490192054,3.0951640284061113,0.03025517132198419,0.03193332889383971,
SMCI,2018-05-04,2019-06-10,2.125,1.8459999561309814,4,-0.13129413829130288,-0.13429413829130288,-0.13429413829130288,1.0,0.2318645630276555,calm,reactive,declining,0.14247310949289838,-0.12190085412960672,-0.2272727272727273,3.7415025274533726,0.043721097314819615,0.03193332889383971,
CHDN,2018-05-07,2019-06-11,45.01094055175781,55.01982879638672,1,0.2223656764763613,0.2193656764763613,0.2193656764763613,1.0,0.15558603806036841,calm,reserved,transition,0.1402825022388945,0.6661005141969139,0.0,1.022582513028373,0.021706714673698696,0.020262958521491292,
TTWO,2018-05-09,2019-06-13,115.98999786376953,110.72000122070312,1,-0.04543492318411824,-0.04843492318411824,-0.04843492318411824,1.0,0.15453269441902717,calm,reserved,growth,0.07617367950879661,0.6888467872506463,-0.08431357432350628,1.4417263596259369,0.020755982672575068,0.01308707609749793,
SGI,2018-05-16,2019-06-20,11.93578052520752,17.419981002807617,3,0.45947564686011577,0.45647564686011577,0.45647564686011577,1.0,0.1502175393790138,calm,reactive,transition,-0.08422779535173408,0.06765637250774637,-0.25565580530964604,1.0434493414351933,0.01857806093190182,0.007822029223161886,
CMG,2018-05-18,2019-06-24,8.638999938964844,14.482600212097168,7,0.6764209184416925,0.6734209184416925,0.6734209184416925,1.0,0.2708390878641059,calm,balanced,declining,0.36770943402123324,-0.10936304349129877,-0.10936304349129877,0.532197977647685,0.05697067552168699,-0.012495933285351812,
MU,2018-05-22,2019-06-26,57.57120132446289,36.124629974365234,9,-0.372522560876017,-0.375522560876017,-0.375522560876017,1.0,0.1755845194784274,calm,reactive,transition,0.2151090651315164,1.0866034853401123,-0.03466877063417417,2.4953641986051776,0.0330821634725263,-0.0072296149368212825,
LITE,2018-05-23,2019-06-27,63.29999923706055,52.43000030517578,1,-0.17172194412161468,-0.17472194412161468,-0.17472194412161468,1.0,0.1876195009930278,calm,reactive,insufficient_data,0.0377049055255827,0.12633449070703784,-0.13524587600982652,0.57769460586362,0.03077422140054169,0.007170663002948663,
SAIA,2018-05-24,2019-06-28,81.58000183105469,64.66999816894531,1,-0.20728123660904751,-0.21028123660904752,-0.21028123660904752,1.0,0.18099828652826236,calm,balanced,transition,0.1473980813199045,0.7394456114471497,0.0,0.8758783195703399,0.02000913423511818,0.018706595417686822,
TTMI,2018-05-25,2019-07-01,17.1200008392334,10.149999618530273,3,-0.4071262195694628,-0.4101262195694628,-0.4101262195694628,1.0,0.18438464797455764,calm,reactive,growth,0.053538513183593706,0.050951496443128796,-0.1161590037437008,1.0861553942877347,0.03536104703636643,0.011176991407338521,
CLH,2018-05-30,2019-07-05,54.16999816894531,71.41999816894531,7,0.31844195279831333,0.31544195279831333,0.31544195279831333,1.0,0.15756760474822062,calm,reactive,transition,0.06070096911387424,-0.07259033880402677,-0.08697123719636413,0.9206352619864303,0.014430454619855263,-0.0015065712818070898,
ODFL,2018-05-30,2019-07-05,50.94673156738281,48.49971389770508,7,-0.04803090589709913,-0.05103090589709913,-0.05103090589709913,1.0,0.1560002647033416,calm,balanced,mature,0.1358717395327571,0.7804354310567494,0.0,1.0071164759931537,0.013252786630136251,-0.0015065712818070898,
LFUS,2018-05-30,2019-07-05,205.19540405273438,165.92770385742188,7,-0.191367347512427,-0.194367347512427,-0.194367347512427,1.0,0.1600079694179221,calm,reactive,transition,0.04668195318775337,0.37781211687414595,-0.005888959166275631,1.1740993978977448,0.018906331165834452,-0.0015065712818070898,
EXPD,2018-05-31,2019-07-05,68.09129333496094,69.8125991821289,7,0.025279382471123935,0.022279382471123935,0.022279382471123935,1.0,0.15092300290280733,calm,reactive,mature,0.18856767988800516,0.3922671584370705,-0.006005490275743375,1.5174688752527223,0.020808688883907963,-0.007895712524329634,
NXPI,2018-06-01,2019-07-08,100.78329467773438,85.4217758178711,10,-0.1524212808182489,-0.1554212808182489,-0.1554212808182489,1.0,0.20708496291397496,calm,reserved,shake_out,-0.07841561526976637,0.04443403601807483,-0.09315106654669503,0.8047350323408825,0.033269750451711835,-0.001588134795982521,
ALGN,2018-06-04,2019-07-09,343.20001220703125,275.4100036621094,1,-0.1975233278955374,-0.2005233278955374,-0.2005233278955374,1.0,0.23043647013492924,calm,reactive,growth,0.26297204879937675,1.3059867498800202,0.0,0.7552585805396876,0.01484785298185733,-0.014246887821934062,
WSM,2018-06-05,2019-07-10,25.461286544799805,27.378128051757812,2,0.07528455027538672,0.07228455027538672,0.07228455027538672,1.0,0.19074763489100421,calm,balanced,transition,0.17454263256231783,0.3442939208904594,0.0,1.0395137836755306,0.025333218432587144,-0.01229598438493762,
FIVE,2018-06-07,2019-07-12,99.05000305175781,128.25999450683594,1,0.29490146951146157,0.29190146951146156,0.29190146951146156,1.0,0.3386144334067366,calm,balanced,transition,0.4489467841923769,0.8709861280915423,0.0,5.664224293831453,0.05410349954476309,0.007597850090615532,
BBWI,2018-06-08,2019-07-15,23.98410415649414,18.46161460876465,4,-0.23025623603432255,-0.23325623603432255,-0.23325623603432255,1.0,0.1567362208545874,calm,reactive,transition,-0.08348476689629758,-0.2514301586795107,-0.3949052536594182,0.9498513069021229,0.0209827475368785,0.011538457437014538,
MTN,2018-06-08,2019-07-15,212.3726043701172,182.57191467285156,4,-0.14032266443052988,-0.14332266443052988,-0.14332266443052988,1.0,0.1509765301675602,calm,reserved,transition,0.22831642896768667,0.3913718268131303,0.0,2.8250955670310507,0.014628637852383273,0.011538457437014538,
UFPI,2018-06-12,2019-07-17,35.95539093017578,34.007225036621094,6,-0.05418285945876555,-0.057182859458765556,-0.057182859458765556,1.0,0.1514624620810564,calm,reactive,growth,0.17473905167405324,0.36442734161559187,0.0,0.6578164573099217,0.008463437020136523,0.027251145595979853,
TSLA,2018-06-13,2019-07-18,22.985332489013672,16.902666091918945,1,-0.2646325172804034,-0.2676325172804034,-0.2676325172804034,1.0,0.16720453859000728,calm,balanced,shake_out,0.11022377889225576,-0.09425735272619806,-0.10446760972914215,1.106778312998141,0.030391264227735207,0.021601486478156406,
PTC,2018-06-20,2019-07-25,99.98999786376953,72.9000015258789,1,-0.27092706187272,-0.27392706187272,-0.27392706187272,1.0,0.15305209542403245,calm,reactive,mature,0.2690696370339076,0.7422895787973287,0.0,1.1133271367651112,0.01726342574624656,0.05921256984670631,
MUSA,2018-06-20,2019-07-25,77.81133270263672,82.78005981445312,1,0.06385608547285604,0.060856085472856036,0.060856085472856036,1.0,0.185473608213979,calm,reserved,mature,0.10016439544223354,0.1455922459652781,-0.09493178368745325,1.9430216472875463,0.021934888244509603,0.05921256984670631,
BCO,2018-06-21,2019-07-26,75.6390609741211,86.22016143798828,1,0.13988936837128874,0.13688936837128873,0.13688936837128873,1.0,0.190474686487331,calm,reserved,transition,0.16510859164731717,0.2506599790971402,-0.06060993970909134,1.1881857577527124,0.03923869611453242,0.05557006133037423,
CPB,2018-06-25,2019-07-30,31.731056213378906,32.758201599121094,4,0.03237034969258623,0.029370349692586232,0.029370349692586232,1.0,0.20334832087580446,calm,balanced,mature,0.007679490773393249,-0.1909417364865259,-0.2024295003358325,3.8772815870872948,0.024305165889773727,0.05236114446951312,
RH,2018-06-26,2019-07-31,145.5800018310547,139.39999389648438,1,-0.0424509400799582,-0.0454509400799582,-0.0454509400799582,1.0,0.3585558920813465,calm,reactive,transition,0.6704532333005775,1.2818182378047625,-0.09504565021584443,0.2659135088613105,0.0747035465133309,0.04154224003148066,
MKC,2018-06-29,2019-08-05,49.7948112487793,67.68705749511719,3,0.35931949128086127,0.35631949128086127,0.35631949128086127,1.0,0.15010419202476086,calm,reserved,mature,0.11410773773092608,0.2142510238205424,0.0,1.7402043521575536,0.02037996760952057,0.043732562773079575,
VRTX,2018-07-03,2019-08-07,167.72999572753906,175.64999389648438,2,0.047218734696747866,0.04421873469674786,0.04421873469674786,1.0,0.1677543125261911,calm,balanced,transition,0.04070234927791749,0.3002325250196827,-0.05306841808925822,0.532601021584939,0.03893132013937792,0.02120911110825241,
KKR,2018-07-03,2019-08-07,24.297260284423828,22.882740020751953,2,-0.05821727417468037,-0.06121727417468037,-0.06121727417468037,1.0,0.18602489171305966,calm,balanced,transition,0.3171497046826741,0.4955739505809178,0.0,3.371281271361157,0.014484376564462002,0.02120911110825241,
CHD,2018-07-05,2019-08-09,49.427120208740234,70.76860046386719,1,0.43177672834261394,0.42877672834261393,0.42877672834261393,1.0,0.155799716892203,calm,reactive,mature,0.10491337228479347,0.06347612357936683,0.0,1.1802678840455303,0.009951361238521786,0.03573557091257862,
BIIB,2018-07-06,2019-08-12,357.4800109863281,230.9600067138672,3,-0.3539218988031745,-0.3569218988031745,-0.3569218988031745,1.0,0.17790857974323476,calm,reserved,transition,0.3366736753027395,0.3050050032653242,-0.02834930437325156,6.62064774930418,0.047833345450435764,0.03597238671177183,
REGN,2018-07-06,2019-08-12,367.10992431640625,293.88458251953125,3,-0.19946434826905746,-0.20246434826905746,-0.20246434826905746,1.0,0.18519628630698565,calm,balanced,transition,0.13692029101934278,-0.25560924940063945,-0.2909135943706259,1.2054929594401222,0.01594244713985577,0.03597238671177183,
GATX,2018-07-20,2019-08-26,75.40167236328125,63.59269332885742,4,-0.15661428539049893,-0.15961428539049893,-0.15961428539049893,1.0,0.21704906224797083,calm,reactive,transition,0.33296243088654376,0.4657172795927038,0.0,2.835593146444609,0.028853338261584836,0.050578618072525394,
IQV,2018-07-25,2019-08-29,125.23999786376953,155.97999572753906,1,0.2454487255517772,0.2424487255517772,0.2424487255517772,1.0,0.1806772816690644,calm,reserved,mature,0.2780896070421828,0.3657579283722132,0.0,2.0282281238722786,0.018076832118989875,0.07204686455225873,
GLW,2018-07-26,2019-08-30,27.307018280029297,23.325868606567383,1,-0.14579217813661793,-0.14879217813661794,-0.14879217813661794,1.0,0.15426593008667014,calm,reactive,mature,0.26808659140560676,0.16705051421822792,-0.02256911315988952,1.5614287822926913,0.02798649123218248,0.07655359946882578,
HWM,2018-07-26,2019-08-30,15.970846176147461,19.511552810668945,1,0.22169812391090127,0.21869812391090127,0.21869812391090127,1.0,0.17858849366455148,calm,n/a,n/a,0.23512389888777507,-0.14012328018453413,-0.30295028045325045,1.7756984115691452,0.0370418416446477,0.07655359946882578,
AMD,2018-07-27,2019-09-03,18.940000534057617,30.899999618530273,4,0.631467726886616,0.628467726886616,0.628467726886616,1.0,0.16469357568158488,calm,reactive,growth,0.7328453801679025,0.35770615003724116,0.0,2.6569474015533014,0.03785614425083069,0.07190475421241516,
FIX,2018-07-30,2019-09-03,52.31193923950195,36.253353118896484,4,-0.30697745780525876,-0.30997745780525876,-0.30997745780525876,1.0,0.15874215681846493,calm,balanced,growth,0.2829572851557567,0.6565907846235592,0.0,2.820158417946946,0.025266833164685844,0.05225618935945686,
FAST,2018-07-31,2019-09-04,11.73024845123291,12.698264122009277,5,0.08252303221033852,0.07952303221033852,0.07952303221033852,1.0,0.15246350414906185,calm,reactive,mature,0.11529241063352935,0.36110426873518153,-0.010448011552764758,0.48224791560261565,0.02443048508126399,0.05375235724702043,
MEDP,2018-07-31,2019-09-04,61.369998931884766,81.38999938964844,5,0.32621803497151913,0.32321803497151913,0.32321803497151913,1.0,0.3572034203153609,calm,n/a,n/a,0.5699667099597558,1.066329877286201,0.0,6.248786014891551,0.07029979909898706,0.05375235724702043,
TRMB,2018-08-02,2019-09-06,40.650001525878906,37.939998626708984,7,-0.06666673548449098,-0.06966673548449098,-0.06966673548449098,1.0,0.17944560840786034,calm,reactive,shake_out,0.1977019201730168,0.07426007827589398,-0.09826974545781952,2.58301107839444,0.03637767257654579,0.04797628049868652,
BRKR,2018-08-03,2019-09-09,34.069480895996094,41.31229019165039,3,0.2125893645918593,0.20958936459185928,0.20958936459185928,1.0,0.15243331102142194,calm,reactive,mature,0.13414175441733311,0.2622791921964942,-0.03319810253256539,1.8264278480855374,0.02175412498567874,0.04306904572879211,
MIDD,2018-08-08,2019-09-12,120.43000030517578,120.38999938964844,1,-0.0003321507550110292,-0.0033321507550110293,-0.0033321507550110293,1.0,0.15323456722692744,calm,balanced,mature,0.14859324804759177,-0.05001180488898738,-0.13203603383657092,3.382252001961105,0.03387495615208905,0.05393793086123222,
UAL,2018-08-08,2019-09-12,82.79000091552734,89.37999725341797,1,0.07959894027075265,0.07659894027075265,0.07659894027075265,1.0,0.16203169890270902,calm,balanced,transition,0.21696313980711524,0.23456611884289869,0.0,0.3455216602378026,0.021275876108246085,0.05393793086123222,
FLS,2018-08-10,2019-09-16,42.73122787475586,42.92169189453125,3,0.004457255951868078,0.0014572559518680776,0.0014572559518680776,1.0,0.1632865474286747,calm,balanced,declining,0.14136674003906746,0.3138707663407012,0.0,1.909588300151865,0.01891895052804849,0.04159733224480533,
TTD,2018-08-10,2019-09-16,12.793000221252441,21.084999084472656,3,0.6481668662402653,0.6451668662402653,0.6451668662402653,1.0,0.34779767346779245,calm,n/a,n/a,0.5903780137988759,1.3494949160578344,0.0,8.359591017893976,0.08873584615385649,0.04159733224480533,
TTEK,2018-08-13,2019-09-17,13.192557334899902,16.227224349975586,1,0.23002871528537572,0.22702871528537572,0.22702871528537572,1.0,0.15645017446913992,calm,balanced,mature,0.3054513217914998,0.6802495778241147,0.0,0.750296353113451,0.023893099280890763,0.04016261223461326,
TECH,2018-08-13,2019-09-17,42.79691696166992,48.013702392578125,1,0.12189629069730645,0.11889629069730645,0.11889629069730645,1.0,0.15386800000348913,calm,balanced,mature,0.1616655860030487,0.5274325966097504,-0.013545232768296556,1.212811387900356,0.021089235933683833,0.04016261223461326,
WST,2018-08-13,2019-09-17,112.53345489501953,140.80502319335938,1,0.2512281198930033,0.2482281198930033,0.2482281198930033,1.0,0.15823995043688133,calm,reserved,mature,0.29224336918589544,0.3608644330383899,-0.008610778649984607,0.5231641979199496,0.026838153844161383,0.04016261223461326,
LLY,2018-08-17,2019-09-23,95.38748168945312,105.4408950805664,3,0.10539552164552934,0.10239552164552934,0.10239552164552934,1.0,0.1673716345096464,calm,reserved,mature,0.2831974747055399,0.4057403540664186,0.0,0.8297740540200419,0.013588097792211536,0.044860938135605766,
RBA,2018-08-20,2019-09-24,33.36913299560547,35.003623962402344,4,0.04898212270040481,0.045982122700404804,0.045982122700404804,1.0,0.1529814249008894,calm,balanced,transition,0.12820467183466522,0.3812038088146279,0.0,0.9610995918260892,0.018980051264322742,0.0498726603560844,
EHC,2018-08-21,2019-09-25,58.6122932434082,46.52458190917969,1,-0.2062316736871228,-0.2092316736871228,-0.2092316736871228,1.0,0.15176312641460754,calm,reserved,mature,0.27337245946843236,0.8779585983689786,-0.0023331266123763905,0.5431875799509135,0.019050492913907216,0.06435273456712753,
LUV,2018-08-21,2019-09-25,55.371585845947266,50.42595291137695,1,-0.08931716256655287,-0.09231716256655287,-0.09231716256655287,1.0,0.15712566158428776,calm,reactive,mature,0.19147070776352604,0.15300804759928743,-0.07255301550810833,0.8678008624068992,0.02318794453575871,0.06435273456712753,
AAON,2018-08-21,2019-09-25,27.283803939819336,30.846172332763672,1,0.13056714528523794,0.12756714528523794,0.12756714528523794,1.0,0.15149445297594877,calm,balanced,mature,0.4155142240933585,0.3369472648444385,0.0,1.3337438739640264,0.012285281176711182,0.06435273456712753,
ANF,2018-08-22,2019-09-26,26.10306167602539,14.979155540466309,1,-0.42615331004546264,-0.42915331004546264,-0.42915331004546264,1.0,0.1612003924922412,calm,reactive,transition,0.10703499771604386,2.073372538953539,-0.0338346188455283,0.723119322647723,0.03617840497188969,0.05059087819049801,
ADSK,2018-08-24,2019-09-30,157.1999969482422,147.6999969482422,4,-0.06043257114774536,-0.06343257114774536,-0.06343257114774536,1.0,0.1601017770736107,calm,balanced,transition,0.17735164707948825,0.36731317108079264,0.0,4.0665559789295145,0.036578032558718804,0.051220944122509104,
AVAV,2018-08-24,2019-09-30,85.31999969482422,53.560001373291016,4,-0.37224564504375945,-0.37524564504375946,-0.37524564504375946,1.0,0.1500568369129285,calm,reactive,growth,0.4584615332448585,1.1972700404713525,-0.0099791205303571,0.9739950466755573,0.0113102995846437,0.051220944122509104,
MASI,2018-08-24,2019-09-30,117.30000305175781,148.7899932861328,4,0.2684568577588209,0.2654568577588209,0.2654568577588209,1.0,0.16178493599389684,calm,reactive,transition,0.16138616882928525,0.43101136153370456,0.0,0.591434186310087,0.019217836014663186,0.051220944122509104,
FTNT,2018-08-24,2019-09-30,16.077999114990234,15.35200023651123,4,-0.045154802739236555,-0.04815480273923656,-0.04815480273923656,1.0,0.18790730311468054,calm,reserved,shake_out,0.2966128717426446,1.1621838885724651,0.0,0.5483562867794313,0.0327096889712405,0.051220944122509104,
PCTY,2018-08-24,2019-09-30,75.2699966430664,97.58000183105469,4,0.29639971014989275,0.29339971014989275,0.29339971014989275,1.0,0.20503160673524604,calm,reactive,shake_out,0.2505399295634101,0.6138507210137802,0.0,0.7142857142857143,0.02870393828310559,0.051220944122509104,
PODD,2018-08-27,2019-10-01,97.6500015258789,162.8300018310547,5,0.6674859117938874,0.6644859117938874,0.6644859117938874,1.0,0.1502852092111509,calm,reactive,shake_out,0.02897787097769533,0.6920811484149274,-0.04198958860475488,1.093383018645113,0.017360663480905012,0.05456023279336031,
NOVT,2018-08-28,2019-10-02,78.0,80.0999984741211,1,0.026923057360526803,0.023923057360526804,0.023923057360526804,1.0,0.18907545730491696,calm,reactive,transition,0.1685393258426966,1.0499343380808352,-0.001919405284070752,1.1884081947776215,0.02177641033732499,0.05410359722837166,
MANH,2018-08-28,2019-10-02,57.70000076293945,80.37999725341797,1,0.39306752496692887,0.39006752496692887,0.39006752496692887,1.0,0.15396311950062536,calm,reserved,transition,0.29925694575974626,0.39675620539304535,0.0,2.1506228765571915,0.010129219336491854,0.05410359722837166,
OLLI,2018-08-28,2019-10-02,83.05000305175781,55.02000045776367,1,-0.33750754441905906,-0.34050754441905906,-0.34050754441905906,1.0,0.1557260634245069,calm,balanced,insufficient_data,0.10292164257514047,0.9180139610874443,0.0,1.130059986669629,0.012488034544271243,0.05410359722837166,
NTNX,2018-08-28,2019-10-02,60.54999923706055,25.15999984741211,1,-0.5844756372513289,-0.5874756372513289,-0.5874756372513289,1.0,0.16122740839453,calm,n/a,n/a,0.06190808051486507,1.72870652455043,-0.049599747179752574,1.4860143852037904,0.021186603169076522,0.05410359722837166,
BR,2018-08-29,2019-10-03,118.53648376464844,108.83084869384766,1,-0.08187888456410686,-0.08487888456410686,-0.08487888456410686,1.0,0.15361983043449415,calm,reactive,transition,0.13498457046817625,0.7903284462938824,0.0,1.1117004349209716,0.02574317380709435,0.051108242615546695,
CYTK,2018-08-31,2019-10-07,7.900000095367432,11.529999732971191,5,0.4594936194662067,0.4564936194662067,0.4564936194662067,1.0,0.1949139175608547,calm,reactive,transition,-0.07602340127100804,-0.46440677319542834,-0.4952076493335188,1.305737397782627,0.02731414514996659,0.04407652632143977,
RGEN,2018-09-06,2019-10-11,57.720001220703125,77.45999908447266,9,0.3419957977528447,0.3389957977528447,0.3389957977528447,1.0,0.16128219273759192,calm,reactive,shake_out,0.29795366845709514,0.3413897945187505,0.0,1.2797895884786863,0.010742481129010393,0.03689979224169626,
DCI,2018-09-07,2019-10-14,49.47036361694336,46.253273010253906,12,-0.06503066424980986,-0.06803066424980986,-0.06803066424980986,1.0,0.15763336540793677,calm,reactive,mature,0.16286615976503005,0.2995834793921308,0.0,2.531814640299781,0.01708619867839843,0.032054002608914,
TXRH,2018-09-07,2019-10-14,66.25479888916016,43.841575622558594,12,-0.338288299751651,-0.341288299751651,-0.341288299751651,1.0,0.1580857590412329,calm,reserved,mature,0.15967328061254915,0.6414185703364803,0.0,1.9152115129015996,0.010369979491364327,0.032054002608914,
LNTH,2018-09-10,2019-10-15,15.699999809265137,19.104999542236328,1,0.21687896651831662,0.21387896651831662,0.21387896651831662,1.0,0.16699063517307272,calm,reactive,insufficient_data,0.08275860753552666,-0.06268657855133508,-0.3539094525846459,1.1926969636832705,0.025357643235300535,0.035065430227095185,
ARWR,2018-09-11,2019-10-16,19.81999969482422,34.5099983215332,2,0.7411704769372485,0.7381704769372485,0.7381704769372485,1.0,0.22561240146735126,calm,reactive,transition,0.4435542866446416,4.761627722424778,-0.02364529853577635,0.7174026880781986,0.09413160453523939,0.04115002886998642,
CROX,2018-09-14,2019-10-21,21.420000076293945,32.849998474121094,5,0.5336133686795368,0.5306133686795368,0.5306133686795368,1.0,0.15032516673793844,calm,reactive,transition,0.1339333387184718,1.353846063557465,0.0,0.8648130852312187,0.020474772520556107,0.056448551928848234,
AVGO,2018-09-20,2019-10-25,20.03888511657715,24.631820678710938,3,0.2292011524300963,0.2262011524300963,0.2262011524300963,1.0,0.15398472651757306,calm,balanced,growth,-0.0013801406317679454,0.06258718863045587,-0.10257671170462423,0.9670390264311747,0.023271553667150013,0.08561177910311057,
EW,2018-09-25,2019-10-30,56.116668701171875,79.71333312988281,1,0.420492965367671,0.417492965367671,0.417492965367671,1.0,0.1730687962874569,calm,reactive,mature,0.15181993627138102,0.5222895385130566,0.0,2.1380482019978215,0.01950471214198659,0.0692593273071549,
WING,2018-10-17,2019-11-21,63.33976364135742,66.42388153076172,1,0.0486916545326439,0.0456916545326439,0.0456916545326439,1.0,0.15062245204087096,calm,balanced,insufficient_data,0.462954150551383,1.430864844226261,-0.004040906439951697,1.1397535220975434,0.022164323609613994,-0.012951229778795703,
GE,2018-10-23,2019-11-27,58.746700286865234,54.60004425048828,1,-0.07058534379171033,-0.07358534379171033,-0.07358534379171033,1.0,0.16759128652452224,calm,reactive,declining,-0.06009192000186514,-0.40056660119389265,-0.40056660119389265,0.7563035334952469,0.027012207415449005,-0.02684386075569689,
LAD,2018-10-26,2019-12-02,85.67607116699219,152.76382446289062,3,0.783039562646809,0.780039562646809,0.780039562646809,1.0,0.1552815440808116,crisis,reactive,shake_out,0.05380422012136199,-0.18738146469457884,-0.2779602530529567,0.7909355651812153,0.038635868110383734,-0.06395695953111524,
CBOE,2018-10-29,2019-12-03,98.79381561279297,110.56692504882812,4,0.11916848603335684,0.11616848603335683,0.11616848603335683,1.0,0.15833522776621664,crisis,reactive,transition,0.1751944196633175,-0.016134535864836264,-0.19940598610060156,0.985894580549369,0.014007946779843674,-0.07337563482645926,
AKAM,2018-10-30,2019-12-04,72.55000305175781,86.43000030517578,1,0.19131628765771191,0.1883162876577119,0.1883162876577119,1.0,0.1630135750036058,crisis,balanced,transition,-0.041231600273355595,0.3885168048183314,-0.12145796266530273,4.076109604119983,0.04534106280524134,-0.06150888466222548,
DECK,2018-10-30,2019-12-04,21.491666793823242,26.926666259765625,1,0.252888690211055,0.24988869021105498,0.24988869021105498,1.0,0.24986400805280395,crisis,balanced,transition,0.10336276333064909,0.8896542321171805,0.0,1.7290696032754482,0.03310689820507332,-0.06150888466222548,
CMCSA,2018-10-31,2019-12-05,29.10833740234375,34.30281066894531,2,0.17845310760288613,0.17545310760288613,0.17545310760288613,1.0,0.15815923831183745,crisis,balanced,mature,0.09401174145851732,0.0793221378498683,-0.09773585450025557,1.0379405161819197,0.024983367115624797,-0.051076027375668076,
DXCM,2018-10-31,2019-12-05,33.192501068115234,56.70000076293945,2,0.7082171857608393,0.7052171857608392,0.7052171857608392,1.0,0.1588023300975822,crisis,reactive,transition,0.06771215039533884,1.9596523064206983,-0.09600320905217019,1.3589958879631423,0.029855563886398286,-0.051076027375668076,
OLED,2018-11-01,2019-12-06,122.472412109375,183.4608917236328,1,0.4979772878139408,0.4949772878139408,0.4949772878139408,1.0,0.16652683127255288,normal,reactive,growth,0.28238159101010996,-0.100267262486467,-0.3684172921429788,2.561972594663171,0.05354793318532875,-0.03967295742122179,
VRSN,2018-11-02,2019-12-09,162.98643493652344,186.236328125,4,0.14264925297330078,0.13964925297330077,0.13964925297330077,1.0,0.15805747636831607,normal,reactive,transition,0.07912650137438249,0.5210620840620748,0.0,3.96757790234773,0.04747035778710118,-0.03890189799928734,
VICR,2018-11-02,2019-12-09,40.15999984741211,40.40999984741211,4,0.006225099625245978,0.0032250996252459778,0.0032250996252459778,1.0,0.15167439195736443,normal,reactive,shake_out,-0.35897846976391257,0.940096539479996,-0.3685534463691339,0.432996632996633,0.05115376939390947,-0.03890189799928734,
CRUS,2018-11-02,2019-12-09,41.5,73.8499984741211,4,0.7795180355209903,0.7765180355209903,0.7765180355209903,1.0,0.19852369177313609,normal,reactive,growth,-0.014953739666340282,-0.26444520831547236,-0.2800138716265673,3.0986639547163906,0.030296879478120483,-0.03890189799928734,
SBUX,2018-11-02,2019-12-09,54.62385177612305,75.05008697509766,4,0.37394351615283283,0.37094351615283283,0.37094351615283283,1.0,0.1931437134023417,normal,reserved,mature,0.24868988114293034,0.17448478702873693,0.0,3.0579728524640326,0.02656724389810577,-0.03890189799928734,
MTZ,2018-11-02,2019-12-09,47.72999954223633,62.02000045776367,4,0.2993924377242474,0.2963924377242474,0.2963924377242474,1.0,0.1931612991503,normal,reactive,growth,0.01661339226031666,0.11388567659022142,-0.1282191864431721,4.898396952524974,0.028670076031278437,-0.03890189799928734,
TNL,2018-11-02,2019-12-09,31.9920711517334,37.49968719482422,4,0.17215565747428663,0.16915565747428662,0.16915565747428662,1.0,0.15774075796948353,normal,balanced,mature,-0.016265952704921927,-0.09583447074617302,-0.2308460333705169,1.552214749784266,0.05148479819691429,-0.03890189799928734,
RL,2018-11-05,2019-12-10,118.4433364868164,101.14839935302734,1,-0.14601865876780762,-0.14901865876780762,-0.14901865876780762,1.0,0.15113268577980116,normal,balanced,transition,0.005965250322273352,0.5837047780849263,-0.033549118306682724,1.1798236543776204,0.029295213525728895,-0.029632157804237114,
CDNS,2018-11-07,2019-12-12,46.150001525878906,66.87999725341797,1,0.4491873248566327,0.4461873248566327,0.4461873248566327,1.0,0.15162314845796918,normal,balanced,transition,0.01562506427437671,0.0471976819936073,-0.023487025710463127,0.6217898072186583,0.03984776410546389,-0.0015896509056965158,
PG,2018-11-08,2019-12-13,75.41429138183594,106.4836196899414,2,0.41198196971441314,0.40898196971441314,0.40898196971441314,1.0,0.15065692554164722,normal,reserved,transition,0.10129378345761197,0.07746551107141442,-0.0016392396190580971,0.5019468806274943,0.021721853969871963,-0.0119195913597272,
KTOS,2018-11-08,2019-12-13,15.550000190734863,18.350000381469727,2,0.18006431873892725,0.17706431873892725,0.17706431873892725,1.0,0.15421519351630797,normal,reactive,growth,0.22440948222617618,0.4546305707317251,0.0,2.471488536015523,0.038654088561010984,-0.0119195913597272,
VTRS,2018-11-09,2019-12-16,29.947473526000977,15.423556327819824,5,-0.48497971575369136,-0.48797971575369137,-0.48797971575369137,1.0,0.15065026079389093,normal,balanced,transition,-0.031454785527001206,-0.031708639975973285,-0.22439147404190662,0.6958181979984952,0.04177941489682331,-0.024251481823231003,
WTW,2018-11-09,2019-12-16,144.54541015625,184.4630584716797,5,0.2761599159203998,0.2731599159203998,0.2731599159203998,1.0,0.15125118822866476,normal,reactive,mature,0.07874045248227768,0.0055505794830457145,-0.014881916482607727,0.8097558518742366,0.018159647263773008,-0.024251481823231003,
RBC,2018-11-09,2019-12-16,150.60044860839844,154.79591369628906,5,0.02785825093257155,0.02485825093257155,0.02485825093257155,1.0,0.15170578632913248,normal,balanced,transition,0.10451863594885924,0.305127455456939,-0.04894858468994079,0.6430317848410758,0.03503804569021157,-0.024251481823231003,
AAL,2018-11-12,2019-12-17,36.27345657348633,28.17587661743164,1,-0.2232370642607444,-0.2262370642607444,-0.2262370642607444,1.0,0.16078640613650957,normal,balanced,transition,-0.07572545956051202,-0.18635137611962727,-0.36349773556296716,0.8330044463151824,0.032583752964300744,-0.045792014801652625,
GNTX,2018-11-13,2019-12-18,19.364547729492188,26.138748168945312,2,0.349824872446467,0.346824872446467,0.346824872446467,1.0,0.1598778791388319,normal,balanced,mature,-0.10721053724775043,0.202671022814098,-0.1160436689716492,0.6070284014508905,0.022394928696735508,-0.04917289491215082,
EL,2018-11-14,2019-12-19,131.7349090576172,188.24339294433594,3,0.4289560321630732,0.4259560321630732,0.4259560321630732,1.0,0.1587666861965801,crisis,reactive,mature,0.0752437033189981,0.17512980238187126,-0.08097712549971603,0.8604236333964468,0.016830804803976553,-0.05599233578868479,
MLM,2018-11-14,2019-12-19,177.60110473632812,261.59930419921875,3,0.47295989283173,0.46995989283173,0.46995989283173,1.0,0.1528827835016625,crisis,reactive,growth,-0.08714782291025436,-0.0829690387199773,-0.21372546317463093,0.7207944116347932,0.03176696845665784,-0.05599233578868479,
GEN,2018-11-15,2019-12-20,11.57080364227295,12.896830558776855,1,0.11460110788323985,0.11160110788323985,0.11160110788323985,1.0,0.17314018033487086,normal,reactive,mature,0.18858295416406334,-0.16477055411159336,-0.20332631489369968,0.9172515762003925,0.038038279423075326,-0.04437553996303256,
OSK,2018-11-15,2019-12-20,60.047576904296875,85.46454620361328,1,0.4232805153790913,0.4202805153790913,0.4202805153790913,1.0,0.1712395884148073,normal,reactive,growth,-0.02155339492014474,-0.19279287779778276,-0.29042246181669673,0.8190962595866236,0.05708070266129797,-0.04437553996303256,
ON,2018-11-15,2019-12-20,18.399999618530273,24.1200008392334,1,0.3108696380049174,0.3078696380049174,0.3078696380049174,1.0,0.17322612808160442,normal,reactive,growth,-0.10895883978520571,-0.1397849395248303,-0.3134328305097218,0.9396087993412258,0.04547140267012069,-0.04437553996303256,
PHM,2018-11-16,2019-12-23,23.016157150268555,36.502628326416016,4,0.585956686344145,0.582956686344145,0.582956686344145,1.0,0.15371194448642272,normal,balanced,mature,-0.12247088785365134,-0.21641767057424433,-0.28296331394194274,0.8169620109834117,0.029474606493296734,-0.048151252725115556,
VMC,2018-11-19,2019-12-24,97.3208999633789,135.2612762451172,1,0.38984818570332735,0.38684818570332735,0.38684818570332735,1.0,0.16386563641926855,normal,balanced,transition,-0.08522613143165836,-0.15359058532760161,-0.2584996704067076,0.5029075578930255,0.04671594088171539,-0.07111788094897564,
IP,2018-11-19,2019-12-24,31.632801055908203,33.01469421386719,1,0.043685450286764294,0.04068545028676429,0.04068545028676429,1.0,0.15611132841949904,normal,balanced,transition,-0.11006971900335438,-0.11414487223957759,-0.2629215734273256,0.7684663797397099,0.02965749838773148,-0.07111788094897564,
EXEL,2018-11-19,2019-12-24,17.700000762939453,18.75,1,0.05932198823737078,0.05632198823737078,0.05632198823737078,1.0,0.18340858507544644,normal,reactive,growth,-0.042725744616433636,-0.309941480460979,-0.4449670397709411,1.0599254752264973,0.053515052364449534,-0.07111788094897564,
TER,2018-11-20,2019-12-26,34.04287338256836,67.85752868652344,3,0.9932961569944874,0.9902961569944874,0.9902961569944874,1.0,0.1554070158267153,crisis,reactive,transition,-0.15210424893477814,-0.1919472111553785,-0.2900642074864954,0.9648936187489545,0.03158827095918259,-0.08822376557539013,
STRL,2018-11-20,2019-12-26,12.859999656677246,14.770000457763672,3,0.14852261680230328,0.14552261680230327,0.14552261680230327,1.0,0.1582111896788589,crisis,reactive,growth,-0.13517150264633404,-0.26640050468029386,-0.28436281869414015,0.8432586946164841,0.033579966637146054,-0.08822376557539013,
MOS,2018-11-20,2019-12-26,30.338369369506836,19.113609313964844,3,-0.36998560861428575,-0.37298560861428576,-0.37298560861428576,1.0,0.15035794341278488,crisis,reactive,transition,0.1260751170637795,0.47515005804225874,-0.0619091683298183,0.8272348106562223,0.030279893510884632,-0.08822376557539013,
WHR,2018-11-21,2019-12-26,86.45476531982422,107.98826599121094,3,0.24907245530917033,0.24607245530917032,0.24607245530917032,1.0,0.1565093730033459,normal,reserved,transition,-0.05597291830505313,-0.2539983749884629,-0.3315389212054929,0.9709636825070812,0.026186578524823055,-0.09063365769910425,
CTRA,2018-11-21,2019-12-26,18.988008499145508,13.018416404724121,3,-0.31438747748032814,-0.31738747748032814,-0.31738747748032814,1.0,0.1934982752207235,normal,reactive,transition,0.07170885457283371,-0.11557139333962563,-0.11557139333962563,0.5454595542658794,0.027588693222716596,-0.09063365769910425,
ITT,2018-11-21,2019-12-26,50.349857330322266,69.16549682617188,3,0.373697970431353,0.370697970431353,0.370697970431353,1.0,0.16450886243622317,normal,balanced,mature,-0.08797880564582083,0.05749013849294293,-0.12012121195152459,0.4105214967460782,0.024798845012642512,-0.09063365769910425,
NVR,2018-11-21,2019-12-26,2482.5400390625,3810.550048828125,3,0.5349400166239136,0.5319400166239135,0.5319400166239135,1.0,0.1598890378255609,normal,balanced,transition,-0.06620878056234547,-0.27352056339771,-0.3290432326858108,0.9339906874828814,0.02034519397071384,-0.09063365769910425,
ADI,2018-11-21,2019-12-26,78.22847747802734,107.16510772705078,3,0.36989893171768684,0.36689893171768684,0.36689893171768684,1.0,0.15002173547389192,normal,reactive,mature,-0.10041116664202798,0.03202628588567924,-0.11672418024522069,0.9509897519778349,0.025662106882728204,-0.09063365769910425,
MPWR,2018-11-21,2019-12-26,116.35724639892578,170.5891571044922,3,0.4660810768900001,0.4630810768900001,0.4630810768900001,1.0,0.17898070784826417,normal,balanced,transition,-0.17119789886351466,0.0026986620101208114,-0.18171003930493324,0.3707816347221552,0.029256374134883075,-0.09063365769910425,
OC,2018-11-21,2019-12-26,44.553199768066406,58.40931701660156,3,0.31100161875391397,0.30800161875391396,0.30800161875391396,1.0,0.16845473710316194,normal,reactive,transition,-0.10768949849834475,-0.4127110636069098,-0.46919487497484447,1.8007917693495594,0.024641288432532087,-0.09063365769910425,
GM,2018-11-21,2019-12-26,32.10449981689453,34.69074630737305,3,0.08055713389801955,0.07755713389801955,0.07755713389801955,1.0,0.15886095225951308,normal,balanced,mature,-0.031870391219287364,-0.1656718872634233,-0.19872981187102068,0.4745907255867862,0.024029215378784555,-0.09063365769910425,
CMI,2018-11-23,2019-12-30,120.57600402832031,153.7733154296875,7,0.2753227034590562,0.2723227034590562,0.2723227034590562,1.0,0.15031574252837154,crisis,reactive,shake_out,0.03109281378818185,-0.07150849646907231,-0.22508344352572773,0.26219478570785915,0.014821322912980994,-0.09257421593216808,
OPCH,2018-11-23,2019-12-30,12.920000076293945,14.680000305175781,7,0.13622292712762007,0.13322292712762007,0.13322292712762007,1.0,0.15983606891697327,crisis,reactive,transition,0.12543559159211437,0.2716535699146536,-0.009202445238506662,1.1714803403388359,0.03532180947725523,-0.09257421593216808,
AGCO,2018-11-23,2019-12-30,47.74284744262695,64.54153442382812,7,0.35185766834264176,0.34885766834264176,0.34885766834264176,1.0,0.161522928229666,crisis,reactive,mature,-0.031171946277906204,-0.1643754288538728,-0.21977904079366772,0.24784127611891107,0.018787136445353365,-0.09257421593216808,
DELL,2018-11-23,2019-12-30,26.53713035583496,23.478790283203125,7,-0.1152475807151232,-0.1182475807151232,-0.1182475807151232,1.0,0.15854760751359712,crisis,n/a,n/a,0.07544236750540723,0.2837554557834603,-0.01674719275299852,0.6268224323574766,0.0197147650815765,-0.09257421593216808,
TAP,2018-11-26,2019-12-31,53.01742935180664,45.90645980834961,8,-0.1341251288566052,-0.13712512885660522,-0.13712512885660522,1.0,0.155889912560838,normal,reserved,mature,-0.026371104726361172,-0.162065105237144,-0.22346892389703232,0.8116067634598151,0.028697109522666336,-0.07860365147376114,
FLEX,2018-11-26,2019-12-31,6.330068111419678,9.510172843933105,8,0.5023808080005334,0.4993808080005334,0.4993808080005334,1.0,0.16000299128040063,normal,balanced,mature,-0.3908628940842035,-0.5495978545911578,-0.5716470905973883,0.6573941908151735,0.03747502335435621,-0.07860365147376114,
NCLH,2018-11-26,2019-12-31,51.560001373291016,58.40999984741211,8,0.13285489316665355,0.12985489316665355,0.12985489316665355,1.0,0.15254173766638315,normal,reactive,transition,-0.038239119823190504,-0.07282861342581348,-0.15378301140577577,0.5153435095705646,0.01829124664033233,-0.07860365147376114,
GHC,2018-11-27,2020-01-02,610.193359375,598.1193237304688,2,-0.01978722884971784,-0.02278722884971784,-0.02278722884971784,1.0,0.1636065028815838,normal,reserved,transition,0.17768985483447453,0.14666374268066806,0.0,1.1127755189385833,0.01634022876216036,-0.07406654802605828,
WYNN,2018-11-27,2020-01-02,105.08138275146484,138.11485290527344,2,0.3143608248088847,0.3113608248088847,0.3113608248088847,1.0,0.18273156927817993,normal,reactive,transition,-0.2054265363663813,-0.2695663937984647,-0.4308273896900666,0.8164689558157643,0.04944194761848046,-0.07406654802605828,
BLD,2018-11-27,2020-01-02,50.83000183105469,103.11000061035156,2,1.0285263996853984,1.0255263996853985,1.0255263996853985,1.0,0.16045003752581818,normal,balanced,insufficient_data,-0.1800290296054099,-0.2504054909140332,-0.4158142675198331,0.43066060343920604,0.029590178141048834,-0.07406654802605828,
MOG-A,2018-11-28,2020-01-02,79.1017074584961,83.031982421875,2,0.04968634798991012,0.046686347989910115,0.046686347989910115,1.0,0.1623277175082807,normal,balanced,transition,0.07624398182139225,0.03446091494946946,-0.0697158241873801,1.0754246885617214,0.02935200185449007,-0.050131570206359055,
HGV,2018-11-28,2020-01-02,32.27000045776367,34.880001068115234,2,0.080880092139064,0.077880092139064,0.077880092139064,1.0,0.16819769319910444,normal,n/a,n/a,-0.012243579234781254,-0.17256409082657254,-0.31775896451855656,0.9873235278244279,0.04994687566041701,-0.050131570206359055,
ALK,2018-11-29,2020-01-03,70.97191619873047,66.54263305664062,3,-0.0624089552505146,-0.0654089552505146,-0.0654089552505146,1.0,0.16569048430754268,normal,balanced,mature,0.09315205226204548,0.07582005794494817,-0.02408352081594667,1.7090246795996458,0.01802277636270463,-0.048730910727944665,
ABBV,2018-11-30,2020-01-06,68.4489517211914,68.5811767578125,6,0.00193173209079478,-0.0010682679092052201,-0.0010682679092052201,1.0,0.1560143260192235,normal,reserved,mature,0.011770916362517703,0.016882297576549465,-0.21070923939364317,1.5861456635328348,0.019875512458403834,-0.038830932562152864,
NXST,2018-12-11,2020-01-15,71.13660430908203,106.8828353881836,2,0.5025012288158635,0.49950122881586345,0.49950122881586345,1.0,0.15582956188601854,crisis,balanced,shake_out,0.09938160487019032,0.24363488578893655,-0.008831419263864104,0.7205971771220099,0.032006041537120264,-0.08724038191341243,
QLYS,2018-12-12,2020-01-16,81.08999633789062,85.33999633789062,1,0.05241090383443647,0.04941090383443647,0.04941090383443647,1.0,0.17046503151357678,crisis,balanced,shake_out,-0.10841122530177427,0.4102608058763586,-0.16445137776405372,1.4525108170197172,0.03283486529303278,-0.08719454366969082,
NOW,2018-12-13,2020-01-17,37.630001068115234,62.50400161743164,2,0.6610151433238389,0.6580151433238389,0.6580151433238389,1.0,0.1614905512042683,normal,reactive,shake_out,0.01155914775152822,0.525087192749818,-0.08031086295544498,0.6876333638164914,0.03386376467273317,-0.08851937496573536,
EQT,2018-12-17,2020-01-21,17.449716567993164,7.152928829193115,6,-0.5900833803619911,-0.5930833803619912,-0.5930833803619912,1.0,0.15691925834319576,crisis,reactive,declining,-0.2793963729255823,-0.36346548332514994,-0.409448753330642,0.8289956384020496,0.030289202433161598,-0.13098061921704862,
KBH,2018-12-17,2020-01-21,17.460878372192383,34.42221450805664,6,0.9713907728076452,0.9683907728076452,0.9683907728076452,1.0,0.1560438006455598,crisis,balanced,growth,-0.2363773512633871,-0.3749353736638087,-0.49644872198105894,1.0512296657549896,0.020661935104952987,-0.13098061921704862,
TKO,2018-12-18,2020-01-22,67.16590118408203,57.8218879699707,1,-0.1391184075458487,-0.1421184075458487,-0.1421184075458487,1.0,0.21630324836232212,crisis,reserved,growth,-0.20320585058726626,1.2528678833277698,-0.238296739821389,0.6544986430483045,0.031525603098910567,-0.12783929070208921,
LSCC,2018-12-18,2020-01-22,6.980000019073486,22.739999771118164,1,2.2578796144669115,2.2548796144669114,2.2548796144669114,1.0,0.28362843471545596,crisis,reactive,declining,-0.09585489523695878,0.18909713035006015,-0.19025520745459124,0.7879754042359371,0.03444806594091102,-0.12783929070208921,
ADBE,2018-12-19,2020-01-23,224.64999389648438,351.760009765625,2,0.5658135736594374,0.5628135736594374,0.5628135736594374,1.0,0.15892922281265776,crisis,reactive,transition,-0.16125299817776417,0.2839343449115945,-0.1845438968386407,1.2568180135414182,0.03296754801660851,-0.14014463411648204,
CRM,2018-12-19,2020-01-23,129.26220703125,181.3179473876953,2,0.4027143087836995,0.3997143087836995,0.3997143087836995,1.0,0.21724230971351371,crisis,reactive,mature,-0.17441931403927902,0.2580085979650186,-0.18244723992290146,0.8814946326885844,0.03340346009168814,-0.14014463411648204,
PANW,2018-12-19,2020-01-23,29.831666946411133,40.81666564941406,2,0.3682328152408012,0.3652328152408012,0.3652328152408012,1.0,0.17692131508552272,crisis,reactive,transition,-0.22069833078090084,0.20175908919353192,-0.24230620617328902,0.66225272507065,0.026391079741341434,-0.14014463411648204,
PYPL,2018-12-19,2020-01-23,83.58312225341797,117.2630615234375,2,0.40295143758693763,0.39995143758693763,0.39995143758693763,1.0,0.1673352993621903,crisis,reactive,insufficient_data,-0.06674815599097739,0.12791943196566558,-0.09713130000515902,1.2649781041171002,0.02516332953925379,-0.14014463411648204,
PLNT,2018-12-19,2020-01-23,53.529998779296875,78.1500015258789,2,0.4599290735665773,0.4569290735665773,0.4569290735665773,1.0,0.17183989347730783,crisis,reactive,insufficient_data,-0.003536903147593806,0.5693344421416342,-0.05889596037114431,1.2024600981051268,0.02281155922142425,-0.14014463411648204,
XYZ,2018-12-19,2020-01-23,59.029998779296875,69.29000091552734,2,0.17380996693885886,0.17080996693885886,0.17080996693885886,1.0,0.1518558717940419,crisis,reactive,insufficient_data,-0.3809124307923488,0.5988624514328673,-0.40379762139509956,1.108854838972614,0.044375872555999535,-0.14014463411648204,
SNX,2018-12-20,2020-01-24,36.812965393066406,66.71186065673828,3,0.8121838310070839,0.8091838310070839,0.8091838310070839,1.0,0.17010954068742504,crisis,reactive,mature,-0.0793752461283439,-0.4063229634999558,-0.4220194794383041,1.4259501040968277,0.02926539628915556,-0.15091348267511995,
BURL,2018-12-26,2020-01-30,160.41000366210938,218.27999877929688,1,0.36076300602227995,0.35776300602227995,0.35776300602227995,1.0,0.15172746651955277,crisis,balanced,growth,0.006336322486190982,0.32187890959321397,-0.0867114312255951,0.4904809429361901,0.0411009346091548,-0.15622364946476452,
GTLS,2018-12-27,2020-01-31,64.16999816894531,63.97999954223633,1,-0.00296086383248384,-0.00596086383248384,-0.00596086383248384,1.0,0.16607314991730868,crisis,reactive,shake_out,-0.14882612165458786,0.3711538293814671,-0.1807736924690777,1.019419989642672,0.0360439430654582,-0.1486609440547556,
INCY,2019-01-03,2020-02-07,68.05999755859375,74.13999938964844,3,0.0893329716302198,0.0863329716302198,0.0863329716302198,1.0,0.17052790155418185,crisis,reactive,declining,0.06062021973893361,-0.3260051961176673,-0.3260051961176673,2.4164687964887817,0.02829847224233851,-0.15134361014420683,
URI,2019-01-04,2020-02-10,106.42155456542969,145.67376708984375,3,0.36883705265065614,0.36583705265065614,0.36583705265065614,1.0,0.1724912576393449,crisis,reactive,shake_out,-0.2789708360471007,-0.3597093849129608,-0.41853233343476826,1.195228858227078,0.03618591822586131,-0.12095798963084281,
AMKR,2019-01-07,2020-02-11,6.520174026489258,12.31485366821289,4,0.888730825002801,0.885730825002801,0.885730825002801,1.0,0.18881781682354576,crisis,balanced,transition,0.052552431540926925,-0.35092602886214985,-0.39096443916849233,1.576715611348329,0.03563463405160656,-0.08471540019868284,
DLTR,2019-01-07,2020-02-11,97.95999908447266,88.19000244140625,4,-0.0997345522088211,-0.1027345522088211,-0.1027345522088211,1.0,0.15908585533625685,crisis,balanced,mature,0.1630059976295708,-0.11858917021375626,-0.1580575817002593,2.0202974913883245,0.020603763930538855,-0.08471540019868284,
ROST,2019-01-08,2020-02-12,85.26303100585938,112.95503997802734,1,0.3247833046219637,0.3217833046219637,0.3217833046219637,1.0,0.16901602633916746,normal,reactive,mature,-0.026796205447821908,0.1390738574832142,-0.11165598604225657,1.4129585540360137,0.022482172804319526,-0.05642936935434284,
PAG,2019-01-09,2020-02-13,38.16071319580078,45.30546188354492,1,0.18722786052463913,0.18422786052463913,0.18422786052463913,1.0,0.15352801622254952,normal,balanced,transition,0.04533085609461862,-0.07858260397168437,-0.1457571801009181,1.28794287841359,0.01471793795223935,-0.06583352773084983,
LEA,2019-01-09,2020-02-13,123.98924255371094,110.52362060546875,1,-0.10860314710293528,-0.11160314710293529,-0.11160314710293529,1.0,0.16920131613696054,normal,balanced,transition,0.07892785169679573,-0.22651141733849978,-0.29177657267567525,1.0227715263686488,0.02249460247239628,-0.06583352773084983,
BYD,2019-01-10,2020-02-14,24.7166690826416,31.852279663085938,1,0.28869628656620416,0.28569628656620416,0.28569628656620416,1.0,0.15319534111701513,normal,reactive,transition,-0.17493081209445405,-0.2694451795226298,-0.34138387192488073,0.9307829760350022,0.040270837812437954,-0.05603849959297913,
TPL,2019-01-10,2020-02-14,61.684539794921875,77.2533950805664,1,0.2523947708356937,0.24939477083569372,0.24939477083569372,1.0,0.1740770905451749,normal,reactive,growth,-0.20275671629619796,0.2442731744477511,-0.2889827322458194,0.49254698639014904,0.045322730909917244,-0.05603849959297913,
NBIX,2019-01-11,2020-02-18,86.83000183105469,104.75,5,0.20638025787229952,0.20338025787229952,0.20338025787229952,1.0,0.1980037861448396,normal,reactive,transition,-0.24026598009014422,0.09911394722854028,-0.31005162587340196,0.7393022324914097,0.0352907216152467,-0.07603772279987409,
BDC,2019-01-14,2020-02-18,49.1496696472168,47.65672302246094,5,-0.030375516976448247,-0.03337551697644825,-0.03337551697644825,1.0,0.16027787033399707,normal,balanced,transition,-0.21658454995398058,-0.4112281519808636,-0.42029679377915663,1.0168182759854605,0.02851504496475538,-0.08066319593997284,
BWA,2019-01-14,2020-02-18,30.969844818115234,27.488718032836914,5,-0.11240375293201665,-0.11540375293201666,-0.11540375293201666,1.0,0.17580877902397607,normal,balanced,declining,0.043821207718782285,-0.30132552262510715,-0.30952956244045016,1.1313969670040813,0.0198967002101924,-0.08066319593997284,
THO,2019-01-14,2020-02-18,53.365821838378906,75.06824493408203,5,0.40667270451544835,0.40367270451544834,0.40367270451544834,1.0,0.17237576485994513,normal,reactive,transition,-0.2337480106356501,-0.5943653805693851,-0.5957086104994678,1.6898488966385397,0.030418149634426208,-0.08066319593997284,
CVNA,2019-01-14,2020-02-18,35.5,94.30999755859375,5,1.656619649537852,1.6536196495378521,1.6536196495378521,1.0,0.16570819470036835,normal,reactive,insufficient_data,-0.2081195951366569,0.6945106781475394,-0.49872917039006326,2.073336079594281,0.051828439825584285,-0.08066319593997284,
VC,2019-01-15,2020-02-19,69.37654113769531,84.95652770996094,6,0.2245713942605354,0.2215713942605354,0.2215713942605354,1.0,0.15808696973882858,normal,reactive,transition,-0.06529571966237535,-0.4676805803194318,-0.4942926554295686,1.9759648873649969,0.03458056342370797,-0.05723819833711952,
GIS,2019-01-17,2020-02-21,32.952274322509766,42.91168212890625,1,0.30223734206998865,0.29923734206998864,0.29923734206998864,1.0,0.15793727485584186,normal,balanced,declining,-0.014980926193136401,-0.23385630922747236,-0.2534554378135272,0.6823857460320711,0.014205474880302838,-0.04351420489075031,
KNX,2019-01-18,2020-02-24,30.33533477783203,35.36214065551758,3,0.16570794139904987,0.16270794139904987,0.16270794139904987,1.0,0.15669159064866892,normal,reactive,transition,0.08268580410111426,-0.2941534542404399,-0.3407869596245975,1.715415796311982,0.03230687243807108,-0.0255337093815301,
WAT,2019-01-23,2020-02-27,229.50999450683594,198.82000732421875,1,-0.1337196109849721,-0.1367196109849721,-0.1367196109849721,1.0,0.19336750213504966,normal,balanced,mature,0.24978215677217608,0.08777661752452959,0.0,3.6657545197392696,0.034405031623275094,-0.02471572182495696,
SYF,2019-01-23,2020-02-27,24.55467414855957,25.600688934326172,1,0.04259941628376129,0.03959941628376129,0.03959941628376129,1.0,0.1941843016375217,normal,reactive,declining,0.027097811366215696,-0.24394692220882697,-0.25203185760292923,5.206705681322937,0.028007732143532117,-0.02471572182495696,
WMB,2019-01-24,2020-02-28,17.840961456298828,13.612828254699707,1,-0.23699020997023457,-0.23999020997023457,-0.23999020997023457,1.0,0.15498275932529912,normal,reserved,transition,0.10517183871805869,-0.1572651784222885,-0.1572651784222885,0.9073331034035754,0.0147943180191505,-0.0061533550890845445,
BWXT,2019-01-28,2020-03-03,41.31257629394531,50.404823303222656,4,0.22008424128731674,0.21708424128731674,0.21708424128731674,1.0,0.15744793402473967,normal,balanced,transition,-0.20817971640142252,-0.2936307206055322,-0.357861823392737,0.7128660218699105,0.01650580140526539,-0.014455883536044434,
DOV,2019-01-29,2020-03-04,77.57212829589844,102.18048858642578,1,0.31723198565158484,0.31423198565158483,0.31423198565158483,1.0,0.16232337953136194,normal,balanced,mature,0.046026557823342085,0.05149326539818455,-0.030295036338421566,2.1612981921883017,0.023761008365638263,-0.026455335132692603,
TRGP,2019-01-29,2020-03-04,34.403839111328125,29.986230850219727,1,-0.1284045145895888,-0.1314045145895888,-0.1314045145895888,1.0,0.1525914300076147,normal,balanced,shake_out,-0.15502218652798383,-0.038223604299368996,-0.24025177238587514,0.9659240854474068,0.023741014724866772,-0.026455335132692603,
APTV,2019-01-31,2020-03-06,78.09773254394531,76.29000091552734,1,-0.023147043704511705,-0.026147043704511704,-0.026147043704511704,1.0,0.19162837508182817,normal,reactive,transition,-0.0041529839874346886,-0.16210772704904264,-0.23122516850233188,1.8340137402414338,0.02391080010228021,-0.006962740640869769,
FND,2019-01-31,2020-03-06,34.290000915527344,52.439998626708984,1,0.5293087555142899,0.5263087555142899,0.5263087555142899,1.0,0.17981755656044185,normal,reactive,insufficient_data,0.07223268937950333,-0.26886994030039646,-0.40365215799082876,0.7381090067948533,0.0321528660879074,-0.006962740640869769,
MLI,2019-02-05,2020-03-11,13.853888511657715,11.563668251037598,1,-0.16531245063022937,-0.16831245063022937,-0.16831245063022937,1.0,0.17237097680120894,crisis,balanced,transition,0.1532276765020788,0.007052976700705704,-0.0783788644857012,1.989113487786865,0.032119422605115314,-0.027076376231780608,
ELV,2019-02-06,2020-03-12,282.04241943359375,234.77487182617188,1,-0.16759020753809306,-0.17059020753809306,-0.17059020753809306,1.0,0.17392015616707474,crisis,reserved,mature,0.08623110621444718,0.3416927399086682,0.0,0.9884030305845785,0.02241861088264393,-0.026798904318915184,
RMBS,2019-02-07,2020-03-13,10.050000190734863,10.329999923706055,1,0.02786066941862586,0.02486066941862586,0.02486066941862586,1.0,0.15235046156953624,normal,reactive,declining,0.1407491160110652,-0.1714756722244205,-0.29075510680142747,0.6718190935061074,0.025566545348135458,-0.02695422191012442,
HQY,2019-02-07,2020-03-13,72.16999816894531,53.9900016784668,1,-0.25190518153984587,-0.25490518153984587,-0.25490518153984587,1.0,0.21342003663413078,normal,reactive,growth,-0.2562094292807092,0.44542354752327373,-0.28146160479190374,2.7304161985916653,0.025498342701813413,-0.02695422191012442,
COLM,2019-02-08,2020-03-16,97.38597106933594,55.33489990234375,3,-0.43179803728663413,-0.43479803728663413,-0.43479803728663413,1.0,0.24497052712651363,normal,reserved,mature,0.16915953721170185,0.47328401985773816,0.0,4.477289777438503,0.035518234850208115,-0.0067272957016358825,
MAT,2019-02-08,2020-03-16,15.229999542236328,7.860000133514404,3,-0.4839133046776004,-0.4869133046776004,-0.4869133046776004,1.0,0.21002495464925278,normal,reactive,declining,0.12481533125144972,-0.04812502861022949,-0.15011163630608304,6.7632211506678335,0.05653583824990591,-0.0067272957016358825,
TDG,2019-02-11,2020-03-17,318.2088928222656,261.8177795410156,1,-0.17721413371293504,-0.18021413371293504,-0.18021413371293504,1.0,0.1511841359803977,normal,reactive,mature,0.24039467772256629,0.5173599188981075,0.0,0.76996022118499,0.020555413353020982,-0.004547782704811487,
WWD,2019-02-12,2020-03-18,90.68531799316406,53.5994758605957,1,-0.4089508969397221,-0.4119508969397221,-0.4119508969397221,1.0,0.1675986945918443,normal,reserved,mature,0.18650675291228702,0.33869676730960974,0.0,1.60795212121911,0.03163567363265124,0.0159720982150926,
MSI,2019-02-15,2020-03-23,125.99635314941406,115.37850952148438,3,-0.08427103930014868,-0.08727103930014868,-0.08727103930014868,1.0,0.15590512425458483,normal,balanced,mature,0.10253640345586068,0.3297948031484903,0.0,0.8617014043045073,0.033201980664952155,0.03154167003138486,
SPXC,2019-02-19,2020-03-25,37.38999938964844,27.6200008392334,1,-0.2612997782802826,-0.2642997782802826,-0.2642997782802826,1.0,0.1761986568209213,crisis,balanced,growth,0.2717687032241394,0.208467961999254,-0.009536440009312863,2.7157565629885183,0.02869863326244989,0.05218617080704968,
GRMN,2019-02-20,2020-03-26,70.5003662109375,65.17328643798828,1,-0.07556102271881204,-0.07856102271881205,-0.07856102271881205,1.0,0.17512846823722705,normal,reactive,mature,0.28577484305109624,0.32326640000257756,0.0,6.35428735324198,0.03909251969310732,0.050857955873501615,
CHTR,2019-02-20,2020-03-26,349.760009765625,454.1700134277344,1,0.2985189865818987,0.2955189865818987,0.2955189865818987,1.0,0.15127553800746754,normal,balanced,mature,0.1447273678864276,-0.02511352544513845,-0.041910885594943936,1.4172610221348487,0.03350500459831218,0.050857955873501615,
CAR,2019-02-21,2020-03-27,32.731197357177734,13.919071197509766,2,-0.5747460428771205,-0.5777460428771205,-0.5777460428771205,1.0,0.27332022783925497,crisis,reactive,declining,0.2272889585950444,-0.11575967564099354,-0.31578939394205197,8.700161802265232,0.04371088537455447,0.054061377917726805,
TEX,2019-02-21,2020-03-27,32.63192367553711,12.477371215820312,2,-0.617632986032812,-0.620632986032812,-0.620632986032812,1.0,0.1589077068979807,crisis,balanced,shake_out,0.13714801040443825,-0.17378542513054207,-0.20776123765487498,1.0466111747171252,0.023453368880750034,0.054061377917726805,
ERIE,2019-02-22,2020-03-30,153.25157165527344,153.8806610107422,3,0.004104945539376459,0.0011049455393764588,0.0011049455393764588,1.0,0.1962225140915102,normal,reserved,mature,0.3365674373364347,0.6292232526050796,0.0,1.2684189565909996,0.014749486671066563,0.04459405370609848,
MO,2019-02-22,2020-03-30,29.405075073242188,23.365571975708008,3,-0.20538982071941592,-0.20838982071941592,-0.20838982071941592,1.0,0.15060195615674865,normal,reserved,transition,-0.016102519114286507,-0.14350464283452358,-0.20520440738093915,0.6638608334687331,0.01565057135070151,0.04459405370609848,
PM,2019-02-22,2020-03-30,60.070579528808594,53.92487716674805,3,-0.10230802516418536,-0.10530802516418536,-0.10530802516418536,1.0,0.17457665769862002,normal,balanced,transition,0.05548735534601512,-0.1066556306794394,-0.1559946085333873,0.6919750890250039,0.014319145126685128,0.04459405370609848,
FCX,2019-02-26,2020-04-01,12.06413745880127,5.878025531768799,2,-0.5127686872068467,-0.5157686872068467,-0.5157686872068467,1.0,0.1723373856481777,crisis,balanced,shake_out,0.10585238295841637,-0.31578589537794255,-0.31908319542929386,0.5494766363846602,0.030224831965846927,0.01826300940226888,
ANET,2019-02-26,2020-04-01,17.533124923706055,12.048125267028809,2,-0.3128363985624222,-0.3158363985624222,-0.3158363985624222,1.0,0.17143175982370346,crisis,reactive,growth,0.1917162534110266,0.0795843455456493,-0.09090021716751806,0.627948904829491,0.024373097330881152,0.01826300940226888,
BIO,2019-03-01,2020-04-06,317.4100036621094,381.2900085449219,3,0.20125391180428687,0.19825391180428686,0.19825391180428686,1.0,0.21631015966626402,normal,balanced,mature,0.14402591348693194,0.19858770063964526,-0.026797456378763407,3.1969923297695573,0.04020745391547464,0.004773497299410456,
MAS,2019-03-01,2020-04-06,35.63981246948242,31.909488677978516,3,-0.10466732378847665,-0.10766732378847665,-0.10766732378847665,1.0,0.17715633311121604,normal,balanced,transition,0.2341577508407029,-0.008340952556036063,-0.046391772570253176,2.017223132576733,0.020996230443624985,0.004773497299410456,
NYT,2019-03-05,2020-04-08,31.5032901763916,30.174531936645508,1,-0.04217839572648374,-0.045178395726483744,-0.045178395726483744,1.0,0.2036056968492334,crisis,reserved,mature,0.29984269797681007,0.4044510856080301,0.0,1.2023416491386885,0.02504245547016288,0.034755819977720925,
EA,2019-03-07,2020-04-13,96.51577758789062,106.17127990722656,4,0.10004066237298148,0.09704066237298148,0.09704066237298148,1.0,0.22214830489775994,crisis,reactive,transition,0.18667091787080703,-0.21868377611466117,-0.3328410446027934,0.7259600643365609,0.04445532285888954,0.04216139778774752,
XRAY,2019-03-21,2020-04-24,44.07038879394531,34.97571563720703,2,-0.2063669825846367,-0.2093669825846367,-0.2093669825846367,1.0,0.1734158115500908,normal,balanced,declining,0.4139494739694445,-0.06808666202892866,-0.06808666202892866,0.5002670188508661,0.041620186294905166,0.21427406925738923,
BBY,2019-03-22,2020-04-27,53.19755935668945,58.30888748168945,5,0.09608200426505586,0.09308200426505586,0.09308200426505586,1.0,0.1595498780798626,normal,reactive,shake_out,0.36925860297029334,0.07047324005157773,-0.13375494496388596,0.8463888255127132,0.033575174212368025,0.13494752861160597,
THC,2019-03-22,2020-04-27,29.1299991607666,19.969999313354492,5,-0.31445245833543134,-0.31745245833543134,-0.31745245833543134,1.0,0.19164353105080997,normal,reactive,declining,0.6156404909259188,0.21022017158689188,-0.2507716471063687,0.5092056347971892,0.03814359200048719,0.13494752861160597,
CAG,2019-03-25,2020-04-28,20.415756225585938,26.568500518798828,1,0.3013723432640716,0.2983723432640716,0.2983723432640716,1.0,0.16769490168162496,normal,reserved,declining,0.3023796391574769,-0.20787104319829064,-0.281960296738031,1.4949135871018047,0.031837565345441465,0.12436768263828779,
APPF,2019-03-29,2020-05-04,79.4000015258789,105.26000213623047,3,0.3256926966421152,0.3226926966421152,0.3226926966421152,1.0,0.17936043738770394,calm,balanced,growth,0.4095508422672507,0.9436965603849323,-0.1260318892740956,1.2558259968928016,0.021140922176083644,0.1578951777763793,
XPO,2019-04-04,2020-05-08,20.256664276123047,23.656408309936523,2,0.16783336029421325,0.16483336029421325,0.16483336029421325,1.0,0.15723536252874737,calm,reactive,growth,-0.055931665062303515,-0.40622467656731465,-0.4886502620562889,0.6459309446842192,0.027885056026646305,0.11390115749949281,
MKSI,2019-04-05,2020-05-11,93.9051513671875,96.1674575805664,3,0.02409139626997514,0.02109139626997514,0.02109139626997514,1.0,0.1512007481481258,calm,reactive,shake_out,0.37362416735794257,-0.0943524616598459,-0.18213938999683044,0.8440819423368741,0.027020671455403152,0.11403202211541985,
AXON,2019-04-08,2020-05-12,60.31999969482422,83.4800033569336,4,0.3839523172957944,0.3809523172957944,0.3809523172957944,1.0,0.18509633045579277,calm,reactive,growth,0.2198179729863896,0.46017907745275743,-0.19455200712470744,1.2797231632479806,0.025185366481555505,0.11536210111431133,
DKS,2019-04-12,2020-05-18,32.631797790527344,24.866899490356445,3,-0.2379549649705467,-0.2409549649705467,-0.2409549649705467,1.0,0.1536955092043681,calm,reactive,transition,0.22392031711761207,0.2643740341744283,-0.016998550014168945,0.9101769006201752,0.017804322527920757,0.10297954263134246,
LULU,2019-04-12,2020-05-18,169.8800048828125,255.64999389648438,3,0.50488572255951,0.50188572255951,0.50188572255951,1.0,0.1514141066701878,calm,reactive,growth,0.17045614990493485,0.8523607739472188,-0.008694580596539714,0.48208708200290507,0.03678429603252026,0.10297954263134246,
DIS,2019-04-16,2020-05-20,125.37902069091797,117.16091918945312,1,-0.06554606549148245,-0.06854606549148246,-0.06854606549148246,1.0,0.15077201513603286,calm,balanced,transition,0.1745025901525532,0.2915714709442614,-0.01620703948323099,0.757286864068144,0.027728447399514584,0.10412859068662228,
QCOM,2019-04-16,2020-05-20,59.787109375,70.69762420654297,1,0.18248941863219104,0.17948941863219103,0.17948941863219103,1.0,0.21289963090789096,calm,reactive,mature,0.3127501375751429,0.32716349105406173,-0.040578991350181726,5.632214465334698,0.05453967754007537,0.10412859068662228,
PVH,2019-04-17,2020-05-21,130.91580200195312,43.94226837158203,1,-0.6643471017278231,-0.6673471017278231,-0.6673471017278231,1.0,0.19242683046411493,calm,balanced,transition,0.27037895420292934,-0.17717368777360776,-0.21235312462159717,0.8369337287781917,0.03691079035685121,0.09919657590615949,
PII,2019-04-17,2020-05-21,79.47682189941406,68.99976348876953,1,-0.13182533171626198,-0.134825331716262,-0.134825331716262,1.0,0.1590850866324164,calm,reactive,transition,0.16937598510337915,-0.1838189851424331,-0.23239764938227792,1.3051916939393693,0.01993464743518805,0.09919657590615949,
STZ,2019-04-22,2020-05-26,182.7831268310547,160.07606506347656,4,-0.12422952906679463,-0.12722952906679463,-0.12722952906679463,1.0,0.16599621664663078,calm,reactive,transition,0.23699893223955004,-0.08380968741209138,-0.10978285207920524,0.9385633815453036,0.01891691034535181,0.09126899234685348,
AYI,2019-04-22,2020-05-26,140.77108764648438,88.35603332519531,4,-0.37234246888052713,-0.37534246888052714,-0.37534246888052714,1.0,0.1534831638255923,calm,balanced,declining,0.21314730531709425,0.12999076527338604,-0.1250592385767112,0.5769345742242771,0.021065598649612584,0.09126899234685348,
HAS,2019-04-23,2020-05-27,77.67850494384766,58.62411117553711,1,-0.24529815271399225,-0.24829815271399225,-0.24829815271399225,1.0,0.15687227341030502,calm,reserved,mature,0.11706417996123974,0.20122594578396047,-0.0636635718094366,6.20669350123868,0.03355973826163819,0.10962415540930492,
TREX,2019-04-24,2020-05-28,38.57500076293945,59.880001068115234,1,0.5523007098847383,0.5493007098847383,0.5493007098847383,1.0,0.16360272033699066,calm,balanced,growth,0.1564983148656085,0.48322603924191565,-0.13460459668659208,0.3516664344341156,0.02135015832491217,0.10880681818181825,
SLAB,2019-04-24,2020-05-28,110.04000091552734,90.91000366210938,1,-0.17384584782131351,-0.17684584782131352,-0.17684584782131352,1.0,0.2702011257171373,calm,reactive,mature,0.2286735586781894,0.23640450466884655,0.0,5.403285603651403,0.04010810460454925,0.10880681818181825,
AN,2019-04-26,2020-06-01,42.310001373291016,39.380001068115234,3,-0.0692507731050418,-0.0722507731050418,-0.0722507731050418,1.0,0.17116998999728264,calm,balanced,declining,0.0918710031817036,-0.07841425585027573,-0.17136701458408188,2.593456276026175,0.020592725514990546,0.08719343834964155,
IR,2019-04-30,2020-06-03,31.873300552368164,30.62693977355957,1,-0.03910359947696063,-0.04210359947696063,-0.04210359947696063,1.0,0.1634056127952925,calm,balanced,insufficient_data,0.38328712108745244,0.08896147565233603,-0.0004685792603852379,3.806573676587638,0.0386620835751596,0.08109008922802019,
TMHC,2019-05-01,2020-06-04,20.6299991607666,19.90999984741211,1,-0.03490059828619685,-0.03790059828619685,-0.03790059828619685,1.0,0.15552820367497805,calm,balanced,transition,0.07002066525112638,-0.14752072271171368,-0.14752072271171368,1.7881846595275914,0.020616796903142328,0.06795121182554897,
MNST,2019-05-03,2020-06-08,31.55500030517578,35.20000076293945,3,0.11551261044246619,0.11251261044246619,0.11251261044246619,1.0,0.16678109531536134,calm,reserved,transition,0.09890301715119243,0.20646145963542106,-0.02937551724587062,2.061739550455125,0.02560990610942377,0.08853858554972271,
KBR,2019-05-03,2020-06-08,21.671220779418945,25.146251678466797,3,0.16035233706575824,0.15735233706575824,0.15735233706575824,1.0,0.15291216661822357,calm,balanced,transition,0.37426646370706074,0.4586716413848211,0.0,1.6940873549290976,0.01753890173788617,0.08853858554972271,
OKTA,2019-05-03,2020-06-08,106.06999969482422,185.1300048828125,3,0.7453568908782233,0.7423568908782233,0.7423568908782233,1.0,0.16462344110299473,calm,reactive,insufficient_data,0.3148630482510273,1.3291611234609908,0.0,0.7823840332945831,0.02197657523630751,0.08853858554972271,
BLDR,2019-05-06,2020-06-09,16.81999969482422,22.709999084472656,1,0.3501783291625673,0.3471783291625673,0.3471783291625673,1.0,0.16331653779604005,calm,balanced,transition,0.3150898940571476,-0.09472552401016254,-0.19017817409161264,1.4703178355660624,0.03813540281507958,0.08293945729134689,
LDOS,2019-05-08,2020-06-11,67.51995849609375,92.81649780273438,1,0.37465276741993425,0.37165276741993425,0.37165276741993425,1.0,0.15162644400120495,calm,balanced,mature,0.2019762988645435,0.230117186701855,-0.0037608411658394125,1.0211072235953356,0.023254274752421377,0.0490722010415201,
MCK,2019-05-09,2020-06-12,128.0356903076172,143.05589294433594,1,0.11731262275878995,0.11431262275878995,0.11431262275878995,1.0,0.16059840472759399,calm,reserved,declining,0.006285154543878013,-0.05975264312473816,-0.09841616367046546,1.514386636249908,0.017652244848624855,0.042749239984246845,
HAE,2019-05-14,2020-06-17,99.93000030517578,88.01000213623047,1,-0.11928347976126175,-0.12228347976126175,-0.12228347976126175,1.0,0.16454914164939088,calm,reactive,transition,0.1373776418276298,0.1438873581387632,-0.14318783624727194,1.2855365099755127,0.022578196546447306,0.019659935444699794,
APO,2019-05-14,2020-06-17,26.52086067199707,46.137569427490234,1,0.7396708952287554,0.7366708952287554,0.7366708952287554,1.0,0.15186318832061127,calm,balanced,transition,0.10772344980232051,0.15698920525982518,-0.06451664556017145,1.661240167008507,0.021476198286980275,0.019659935444699794,
ENSG,2019-05-15,2020-06-18,51.37369918823242,41.59994125366211,2,-0.19024828052111675,-0.19324828052111676,-0.19324828052111676,1.0,0.16286522483051527,calm,reactive,transition,0.04621968434515189,0.6878086396737906,-0.0014274212886639104,1.0952967321130707,0.015657444419440062,0.02379430851705977,
RMD,2019-05-16,2020-06-19,106.91886138916016,164.47030639648438,3,0.5382721463694806,0.5352721463694806,0.5352721463694806,1.0,0.16375569640871002,calm,balanced,transition,0.1369110294023994,0.1236086051286458,-0.030473049199825963,0.7659243039890666,0.01609488977384848,0.0365566041885963,
IDXX,2019-05-16,2020-06-19,251.97000122070312,314.6700134277344,3,0.24883919475839367,0.24583919475839366,0.24583919475839366,1.0,0.1665384507239049,calm,balanced,transition,0.22321469246751846,0.2635142088770772,-0.009785449294450466,1.0517021297016114,0.015111930647384477,0.0365566041885963,
CNC,2019-05-16,2020-06-19,55.56999969482422,64.22000122070312,3,0.15565955683610633,0.15265955683610632,0.15265955683610632,1.0,0.17978014162426076,calm,reserved,transition,-0.12501966362069494,-0.016982117551791576,-0.24332791602014892,1.2596608097577617,0.02655027982724719,0.0365566041885963,
TWLO,2019-05-16,2020-06-19,142.3699951171875,210.2899932861328,3,0.47706680128097956,0.47406680128097956,0.47406680128097956,1.0,0.1684566317868475,calm,reactive,insufficient_data,0.25812999743529375,1.6502232293754973,0.0,1.574564801794338,0.03452835238183529,0.0365566041885963,
AIG,2019-05-20,2020-06-23,43.80280685424805,27.887590408325195,7,-0.36333782213729016,-0.36633782213729016,-0.36633782213729016,1.0,0.1501842734835189,calm,reserved,declining,0.20501824951569003,-0.022443797922643394,-0.03534876632871875,0.836703970664472,0.01863914675136753,0.01577901847633445,
DGX,2019-05-20,2020-06-23,84.43506622314453,95.1728744506836,7,0.1271723788213921,0.1241723788213921,0.1241723788213921,1.0,0.15201137953818777,calm,balanced,mature,0.11995151057864994,-0.029141527984479665,-0.14144118235965353,0.6333124753390753,0.009984095929412826,0.01577901847633445,
LH,2019-05-20,2020-06-23,135.55801391601562,132.8401336669922,7,-0.020049572655345127,-0.023049572655345126,-0.023049572655345126,1.0,0.15785841834615918,calm,reactive,transition,0.12577334166983256,-0.06026912648767213,-0.12575912387856614,0.968626578016472,0.013376495186383784,0.01577901847633445,
DY,2019-05-21,2020-06-24,57.04999923706055,37.88999938964844,8,-0.33584575115937043,-0.33884575115937043,-0.33884575115937043,1.0,0.21624954737814894,calm,reactive,declining,-0.07983872198289443,-0.5090361382498851,-0.5090361382498851,4.7165147827399485,0.06522236741212638,0.025219301886591383,
LHX,2019-05-23,2020-06-26,165.5027313232422,151.28952026367188,2,-0.0858790120618046,-0.0888790120618046,-0.0888790120618046,1.0,0.1628555277477672,calm,balanced,mature,0.15234875377918344,0.25040905454763873,0.0,1.1567448629543644,0.01727878416616796,0.013557240332123577,
FICO,2019-05-30,2020-07-06,297.55999755859375,416.8500061035156,4,0.40089396936304245,0.39789396936304244,0.39789396936304244,1.0,0.15979158629765103,calm,balanced,transition,0.2124027479871926,0.6143662420498168,-0.005281864720440899,0.6829484465015511,0.01925432894683632,0.006281966680523388,
ARMK,2019-05-30,2020-07-06,23.200408935546875,15.064343452453613,4,-0.35068629633624515,-0.35368629633624515,-0.35368629633624515,1.0,0.17631302896691953,calm,reactive,transition,0.17411224365001665,-0.09631714028489158,-0.18363694802253527,2.895123499974544,0.024841513381930556,0.006281966680523388,
PEN,2019-05-30,2020-07-06,146.3000030517578,191.25999450683594,4,0.30731367407540144,0.30431367407540144,0.30431367407540144,1.0,0.22205508548288125,calm,balanced,growth,0.04500002179827001,-0.07900536713596051,-0.11840912478361165,0.9648015989179041,0.03329195664297541,0.006281966680523388,
TGT,2019-06-03,2020-07-07,69.1109619140625,100.80555725097656,5,0.4586044595403749,0.4556044595403749,0.4556044595403749,1.0,0.16178928905248133,calm,reactive,transition,0.10404001815261932,0.178693604283082,-0.046161168381261275,1.075858375791285,0.023928815669349988,0.0005030432246031502,
PGR,2019-06-05,2020-07-09,68.34733581542969,66.17840576171875,1,-0.03173393707061356,-0.03473393707061356,-0.03473393707061356,1.0,0.1517616982440729,calm,reserved,transition,0.13419763190740897,0.37630073535212505,0.0,1.280791555435821,0.01563156584567265,0.012405385800641655,
CIEN,2019-06-06,2020-07-10,45.4900016784668,54.970001220703125,2,0.2083974322367148,0.2053974322367148,0.2053974322367148,1.0,0.27464036789706614,calm,balanced,transition,0.15369011733168936,0.8590111546770927,0.0,5.376202987763682,0.06340573906115764,0.011586978378825386,
NEM,2019-06-06,2020-07-10,29.354475021362305,52.186134338378906,2,0.7777914372647163,0.7747914372647163,0.7747914372647163,1.0,0.1599562922506925,calm,reserved,growth,0.05604638090242697,-0.04779193600947573,-0.059949983144675256,1.338795536965005,0.01120883825481118,0.011586978378825386,
WMS,2019-06-10,2020-07-14,30.206890106201172,46.291648864746094,4,0.5324864195550829,0.5294864195550829,0.5294864195550829,1.0,0.16251912015194603,calm,reserved,transition,0.2713041505620808,0.09834590408317334,-0.011954537122912945,1.3206289978678039,0.025616593215673947,0.022763668987770602,
CHDN,2019-06-12,2020-07-16,55.82011413574219,66.89894104003906,6,0.19847374151467356,0.19547374151467356,0.19547374151467356,1.0,0.16528041955045633,calm,reserved,mature,0.35292699778961056,0.13533868421853024,0.0,0.6132349477981003,0.018186137063086236,0.01668803185462897,
DD,2019-06-13,2020-07-17,27.456546783447266,20.432756423950195,1,-0.25581477579443834,-0.25881477579443835,-0.25881477579443835,1.0,0.16553564431333517,calm,balanced,transition,-0.04064449411526516,-0.21573896294607786,-0.24724566193846997,0.5252820889894927,0.044105387015041284,0.023868421685045105,
CASY,2019-06-17,2020-07-21,147.03546142578125,158.3341064453125,5,0.07684299358787294,0.07384299358787294,0.07384299358787294,1.0,0.1501273750837122,calm,balanced,transition,0.24288524157968605,0.5370204365749038,0.0,1.082818081397851,0.025036427629242335,0.0317633607828931,
DVA,2019-06-26,2020-07-30,54.84000015258789,91.12000274658203,6,0.6615609499097002,0.6585609499097002,0.6585609499097002,1.0,0.15975957913717198,calm,reserved,declining,0.004395635259597075,-0.2331142705307897,-0.27917982606826064,1.24263061455273,0.01670567596120905,0.01623165107246427,
GNRC,2019-06-27,2020-07-31,69.7699966430664,157.5800018310547,1,1.2585639875720798,1.2555639875720799,1.2555639875720799,1.0,0.16393529674946503,calm,reactive,transition,0.33174265042751694,0.3745074655266263,0.0,0.9340017987332325,0.015643063949116506,0.017929985829409523,
JBL,2019-06-28,2020-08-03,30.55710792541504,34.404640197753906,3,0.1259128410231123,0.12291284102311228,0.12291284102311228,1.0,0.17683442265643282,calm,balanced,transition,0.0962260942691251,0.16235483012031504,0.0,1.762033650329188,0.02546012151608401,0.021660879392632504,
LITE,2019-06-28,2020-08-03,53.40999984741211,94.58000183105469,3,0.7708294720326123,0.7678294720326123,0.7678294720326123,1.0,0.15127884615073448,calm,reactive,shake_out,-0.09551226862859463,-0.058854628239434215,-0.22369189711761928,2.807088493463099,0.026955094856419955,0.021660879392632504,
WDC,2019-07-08,2020-08-11,36.432037353515625,27.831491470336914,1,-0.23607095589313165,-0.23907095589313165,-0.23907095589313165,1.0,0.23431028784193164,calm,reactive,declining,-0.007635245551163572,-0.33085778468359894,-0.34882295114024375,0.939516860545659,0.032020311553719275,0.030339394782613383,
MU,2019-07-11,2020-08-14,42.40548324584961,44.47309112548828,1,0.04875803130579914,0.04575803130579914,0.04575803130579914,1.0,0.1987548586098788,calm,reactive,growth,0.01683804774216502,-0.1974898146219688,-0.24316805957300913,0.8534079428343261,0.03657258925112307,0.031939434220199736,
MTSI,2019-07-17,2020-08-20,17.56999969482422,37.720001220703125,1,1.1468413133675073,1.1438413133675074,1.1438413133675074,1.0,0.16370560754104693,calm,reactive,declining,0.08389887027534071,-0.2766571003464794,-0.286931812903957,2.4785632858063344,0.04290761063785103,0.017295680311655293,
TSLA,2019-07-19,2020-08-24,17.211999893188477,134.27999877929688,5,6.801533791110306,6.798533791110306,6.798533791110306,1.0,0.15683076198303605,calm,reactive,shake_out,0.04260385779989506,-0.1937670030421207,-0.31980925810057226,0.8853372456118755,0.018242499806338623,0.01723761329436213,
KLAC,2019-07-22,2020-08-25,126.16559600830078,198.22239685058594,1,0.5711287634827511,0.5681287634827511,0.5681287634827511,1.0,0.16903192228997138,calm,reactive,mature,0.09787483301282496,0.31985359699474447,0.0,1.3488896566649076,0.020627692281228894,0.015357820143719891,
AMAT,2019-07-23,2020-08-26,47.7764778137207,60.80299758911133,2,0.2726555068831298,0.2696555068831298,0.2696555068831298,1.0,0.15568585619547998,calm,reactive,shake_out,0.15938051545767618,0.12171550059810166,0.0,0.9786063860924493,0.021344510425932738,0.02121620941162039,
JBHT,2019-07-23,2020-08-26,97.91936492919922,135.2393341064453,2,0.38112960806302576,0.37812960806302576,0.37812960806302576,1.0,0.15818546114589224,calm,balanced,mature,0.09283453355515037,-0.13734645362966158,-0.1763703233243087,0.6323346408985946,0.022218525554075372,0.02121620941162039,
LRCX,2019-07-24,2020-08-27,20.000755310058594,32.085880279541016,3,0.6042334292947769,0.6012334292947769,0.6012334292947769,1.0,0.1507439221478076,calm,reactive,shake_out,0.05209329438458821,0.2839388689629232,0.0,1.7205856170480847,0.018755121678417242,0.025028592455569765,
FCN,2019-07-25,2020-08-28,103.37999725341797,116.98999786376953,4,0.1316502318817927,0.1286502318817927,0.1286502318817927,1.0,0.2183519709367144,calm,reactive,transition,0.24060956416409462,0.5171705045410238,0.0,2.455884596477548,0.02651176003103939,0.027341766148128777,
UHS,2019-07-26,2020-08-31,147.1570587158203,107.38016510009766,3,-0.27030231483857725,-0.27330231483857725,-0.27330231483857725,1.0,0.1529930316710746,calm,reserved,transition,0.22593999557119737,0.21965288130020122,0.0,4.626040949220462,0.026060813112727677,0.03713430830477438,
EXPO,2019-07-30,2020-09-02,63.81526184082031,76.81582641601562,5,0.20372187154263655,0.20072187154263654,0.20072187154263654,1.0,0.15727123708255625,calm,balanced,transition,0.2039505393088823,0.4373277959984232,0.0,1.005066947347808,0.01895348195950906,0.02752286016355976,
UPS,2019-07-31,2020-09-03,91.27141571044922,126.01097869873047,6,0.3806182112753631,0.3776182112753631,0.3776182112753631,1.0,0.16032713111786254,calm,reactive,transition,0.18143722391370254,0.03103589350942082,-0.01586616185132017,1.2831328562017208,0.02404123778410912,0.03340088845667455,
SAIA,2019-07-31,2020-09-03,76.30000305175781,132.82000732421875,6,0.7407601836414188,0.7377601836414188,0.7377601836414188,1.0,0.173200557535225,calm,balanced,growth,0.12703111508395604,0.012607891133043614,-0.08732052100004573,4.3948162034395635,0.026620069837301905,0.03340088845667455,
ENTG,2019-08-01,2020-09-04,41.236053466796875,65.16604614257812,1,0.5803172385313158,0.5773172385313158,0.5773172385313158,1.0,0.17169247595842843,calm,balanced,growth,0.060641032459011424,0.2115243937633826,-0.05447628704224394,1.2334724712166212,0.020918180605529905,0.025748289145152592,
TTMI,2019-08-01,2020-09-04,11.65999984741211,11.229999542236328,1,-0.036878242778984105,-0.03987824277898411,-0.03987824277898411,1.0,0.20419175332552103,calm,reactive,shake_out,0.010398603635680903,-0.33447491194298506,-0.40112993021964294,3.6358599122554005,0.03974656837617691,0.025748289145152592,
ZBH,2019-08-01,2020-09-04,126.36417388916016,129.49853515625,1,0.02480419228506281,0.02180419228506281,0.02180419228506281,1.0,0.1723758169046825,calm,balanced,transition,0.12425456931067247,0.10533507469758585,0.0,1.556630935902801,0.021275438773396448,0.025748289145152592,
CF,2019-08-02,2020-09-08,44.663482666015625,28.275789260864258,5,-0.3669148133318484,-0.3699148133318484,-0.3699148133318484,1.0,0.15607274103900942,calm,balanced,transition,0.2896725640575435,0.093063154528926,-0.04081915539591774,1.2956799566596875,0.021468880863196885,0.021364005807218645,
GMED,2019-08-02,2020-09-08,50.099998474121094,55.040000915527344,5,0.09860284614495507,0.09560284614495507,0.09560284614495507,1.0,0.20832549885302482,calm,reactive,mature,0.15066599496221666,-0.07032846462149622,-0.1277855210319394,4.438256743082452,0.021061909968803295,0.021364005807218645,
ODFL,2019-08-05,2020-09-08,52.39806365966797,94.64743041992188,5,0.8063154210176329,0.8033154210176329,0.8033154210176329,1.0,0.15168289567992338,normal,balanced,transition,0.1088237449946543,0.1170272217604933,-0.03196723477714225,1.5553556472376462,0.01822606399114642,-0.012722951812261685,
RH,2019-08-05,2020-09-08,134.0500030517578,311.94000244140625,5,1.3270421136877082,1.3240421136877083,1.3240421136877083,1.0,0.19025628513643839,normal,reactive,shake_out,0.3031009961376887,-0.005120991637789785,-0.15771279803536975,1.2308200421098985,0.020564446365213162,-0.012722951812261685,
CHE,2019-08-07,2020-09-10,411.8628234863281,482.6199951171875,7,0.17179790841988485,0.16879790841988485,0.16879790841988485,1.0,0.15734310122810868,calm,balanced,mature,0.2798786460064062,0.3368313760994428,0.0,1.4011412387021533,0.012189606428767649,0.01748867309121316,
SHW,2019-08-07,2020-09-10,161.1001434326172,223.11849975585938,7,0.3849677287791018,0.3819677287791018,0.3819677287791018,1.0,0.15848843218850903,calm,reactive,mature,0.18399371189789382,0.16586796981777296,-0.0039416436729590165,1.1457844577599667,0.022565593488543992,0.01748867309121316,
FISV,2019-08-07,2020-09-10,104.97000122070312,95.0,7,-0.09497952848205504,-0.09797952848205504,-0.09797952848205504,1.0,0.1541213883377066,calm,balanced,mature,0.2428368737692903,0.3623620644140695,-0.004363075814674655,0.7017436153158498,0.021404605644722484,0.01748867309121316,
VVV,2019-08-08,2020-09-11,21.453311920166016,19.944936752319336,1,-0.07030966470164512,-0.07330966470164513,-0.07330966470164513,1.0,0.15391710195983926,calm,reserved,insufficient_data,0.2902464045569064,0.09289801305739287,0.0,1.77518044004895,0.019500369867931643,0.03056168032765827,
TYL,2019-08-09,2020-09-14,255.5399932861328,330.04998779296875,4,0.2915786039933317,0.2885786039933317,0.2885786039933317,1.0,0.1515633103724685,calm,balanced,transition,0.17760365569646464,0.09443653807106656,-0.0008992883547169761,0.7806698676204732,0.01854665789213519,0.014716663298364852,
AMGN,2019-08-12,2020-09-15,167.5894012451172,209.2911376953125,1,0.248832779044315,0.245832779044315,0.245832779044315,1.0,0.1899787956555125,normal,balanced,mature,0.21111149583112976,0.09068174541826113,0.0,2.9888376460503143,0.02347448058929488,0.008102702765005576,
NOC,2019-08-12,2020-09-15,334.46337890625,308.85491943359375,1,-0.07656580985457995,-0.07956580985457995,-0.07956580985457995,1.0,0.17508267830602567,normal,reactive,mature,0.22210351481590718,0.3032053080929391,0.0,0.9341536797945462,0.018746067449842946,0.008102702765005576,
BLKB,2019-08-12,2020-09-15,91.109375,56.97999954223633,1,-0.3745978441599854,-0.37759784415998543,-0.37759784415998543,1.0,0.15125317875359073,normal,balanced,transition,0.14309092118657807,-0.037584057045963015,-0.12356106745714734,1.0584063927746123,0.0197407926554672,0.008102702765005576,
BALL,2019-08-13,2020-09-16,73.39848327636719,79.18284606933594,2,0.0788076610682662,0.0758076610682662,0.0758076610682662,1.0,0.15335812681202718,calm,balanced,mature,0.2811946310002942,1.0171732024739106,0.0,1.1562198862758657,0.017024320329598372,0.030310956676971923,
ZBRA,2019-08-15,2020-09-18,197.72000122070312,256.1499938964844,1,0.29551887677038446,0.29251887677038446,0.29251887677038446,1.0,0.1782035617315151,normal,balanced,growth,0.13287115454994836,0.21703799735117357,-0.16021067290844282,0.4350325106872149,0.04230211357340988,-0.0030353999501849804,
UFPI,2019-08-16,2020-09-21,37.415382385253906,49.451988220214844,3,0.32170206657315314,0.31870206657315314,0.31870206657315314,1.0,0.15762128068870793,normal,balanced,mature,0.19850705607178853,0.10544951505792088,-0.03404435398769401,0.7272778190066791,0.03096846144713826,0.02354156331004731,
SYNA,2019-08-20,2020-09-23,34.290000915527344,77.13999938964844,5,1.2496353843699541,1.2466353843699542,1.2466353843699542,1.0,0.15055185207618657,normal,reactive,declining,0.2620537658903306,-0.22455902376878967,-0.2894736405279269,0.42782468837957377,0.029261277634777653,0.0350130142302334,
TTWO,2019-08-21,2020-09-24,134.2100067138672,163.2899932861328,1,0.2166752486218373,0.2136752486218373,0.2136752486218373,1.0,0.15421517426515682,normal,reactive,growth,0.2542991281669831,0.06162006531997766,-0.027393279431995765,1.0147919184572767,0.026193077567691604,0.050811676206768075,
KEYS,2019-08-22,2020-09-25,100.3499984741211,98.12000274658203,2,-0.022222179984528356,-0.025222179984528355,-0.025222179984528355,1.0,0.1566244393917508,normal,balanced,transition,0.2624229610133033,0.5638148876040467,0.0,6.3682417031363965,0.038846464275067966,0.04808051984864803,
KR,2019-08-26,2020-09-29,20.823307037353516,30.035232543945312,1,0.44238532765555205,0.43938532765555205,0.43938532765555205,1.0,0.15094279558838047,normal,reactive,declining,0.04909436968727943,-0.21642692757514526,-0.24915620073137978,0.534271738320224,0.024175311371495794,0.048800282032265496,
LOPE,2019-08-28,2020-10-01,128.22000122070312,80.19999694824219,1,-0.37451258629926887,-0.37751258629926887,-0.37751258629926887,1.0,0.18021419216755663,normal,reserved,transition,-0.005661075958241946,0.06752144341969646,-0.023457743788783958,0.6760967860197972,0.015684933467462144,0.021863680695513255,
DG,2019-08-29,2020-10-02,142.03073120117188,194.04795837402344,2,0.36623924085256254,0.36323924085256254,0.36323924085256254,1.0,0.17396058260602532,normal,reserved,mature,0.19007860191437942,0.4781106260630028,0.0,3.629684522549227,0.026567172894453327,0.0285178031816955,
TSN,2019-08-30,2020-10-05,76.92230224609375,49.960933685302734,5,-0.3505013211192618,-0.3535013211192618,-0.3535013211192618,1.0,0.16073645698922698,normal,reactive,transition,0.13313259403248634,0.5202021576540508,0.0,0.7078469220981983,0.014979918212561085,0.01848715133678147,
PSTG,2019-08-30,2020-10-05,16.280000686645508,16.25,5,-0.001842793942270382,-0.004842793942270382,-0.004842793942270382,1.0,0.19255414333363624,normal,reactive,transition,0.050322624944871386,-0.3929902732330285,-0.43196089416184935,0.727181314427668,0.03923704984521017,0.01848715133678147,
STX,2019-09-06,2020-10-12,42.719783782958984,43.05195617675781,3,0.007775610370278407,0.004775610370278407,0.004775610370278407,1.0,0.16711921345414532,calm,reactive,transition,0.23682030151783828,0.16532878054546885,0.0,0.8899848719361299,0.019886784768309372,0.030110965263294043,
FIVE,2019-09-10,2020-10-14,131.25999450683594,136.08999633789062,1,0.036797211893857984,0.03379721189385798,0.03379721189385798,1.0,0.1708923281808907,calm,balanced,growth,0.004284602690660444,-0.01426861747536945,-0.11010173215704444,0.7598236183227085,0.030732767344791103,0.03104851873355452,
CNH,2019-09-10,2020-10-14,8.373208045959473,6.534049987792969,1,-0.2196479590703586,-0.22264795907035861,-0.22264795907035861,1.0,0.15140748188844474,calm,reactive,shake_out,0.14059225688896704,-0.07030457986927852,-0.12854887789543434,1.1735909270610778,0.031215079722480978,0.03104851873355452,
IPGP,2019-09-11,2020-10-15,148.8699951171875,185.97000122070312,1,0.24921076993595137,0.24621076993595137,0.24621076993595137,1.0,0.1542600225469065,calm,reactive,transition,0.07565030117367,-0.04405060552594908,-0.18036672843103063,1.507884288145207,0.03368010815263455,0.028508244928669324,
SATS,2019-09-12,2020-10-16,39.869998931884766,25.799999237060547,2,-0.35289691677348356,-0.35589691677348356,-0.35589691677348356,1.0,0.19896191101264213,calm,balanced,transition,0.1700256300750096,0.030573529898982654,0.0,0.9514032029825047,0.014303702779106045,0.02839953682306673,
ALV,2019-09-13,2020-10-19,68.58699035644531,71.58990478515625,5,0.043782565951718366,0.040782565951718364,0.040782565951718364,1.0,0.16126953948501654,calm,balanced,declining,0.18267044023121826,-0.04447980796559303,-0.11858652002708414,1.0314140874595608,0.023914617177671377,0.018011753572487965,
STT,2019-09-13,2020-10-19,49.29502868652344,54.13027572631836,5,0.09808792425181823,0.09508792425181822,0.09508792425181822,1.0,0.1714621042629005,calm,balanced,transition,0.11299115086321354,-0.271762213811095,-0.29753521892398005,0.7637739717575439,0.02680123764918685,0.018011753572487965,
GAP,2019-09-13,2020-10-19,15.317330360412598,15.640095710754395,5,0.021071906314430455,0.018071906314430456,0.018071906314430456,1.0,0.15704359912661991,calm,reactive,transition,0.07714727323830362,-0.2903575865189819,-0.3331996111136989,0.5902633770131609,0.034518881260969504,0.018011753572487965,
GT,2019-09-13,2020-10-19,13.700041770935059,9.720000267028809,5,-0.29051309262063685,-0.29351309262063685,-0.29351309262063685,1.0,0.15806835916015183,calm,reserved,declining,-0.05832509903769845,-0.379350004700606,-0.41159153054314,1.2620727174524233,0.03538642087574505,0.018011753572487965,
TPR,2019-09-13,2020-10-19,21.584121704101562,17.671403884887695,5,-0.1812776017877228,-0.1842776017877228,-0.1842776017877228,1.0,0.1959782750510245,calm,balanced,transition,-0.17155543061372547,-0.4723543969829682,-0.4812833729450242,0.9765558123608971,0.03164910789769297,0.018011753572487965,
APA,2019-09-16,2020-10-20,23.882619857788086,8.260493278503418,6,-0.6541211421656622,-0.6571211421656622,-0.6571211421656622,1.0,0.26270445451411417,calm,balanced,declining,-0.029849321569349052,-0.3542605473496948,-0.40455732923936816,3.346258472729459,0.043409079694215674,0.01609918474708172,
ATI,2019-09-16,2020-10-20,21.709999084472656,9.140000343322754,6,-0.5789958208768498,-0.5819958208768498,-0.5819958208768498,1.0,0.15206939710366207,calm,reactive,transition,-0.12069669441579478,-0.18810773110321433,-0.27025213161436445,0.7005783309357546,0.022600245766717816,0.01609918474708172,
COP,2019-09-16,2020-10-20,49.449275970458984,27.001951217651367,6,-0.4539464797465924,-0.4569464797465924,-0.4569464797465924,1.0,0.161308553767185,calm,reserved,transition,0.0417333646963749,-0.13313513925957954,-0.20247107374153306,2.6588921282798834,0.026020769159033515,0.01609918474708172,
DVN,2019-09-16,2020-10-20,20.24607276916504,6.838125705718994,6,-0.6622492774927924,-0.6652492774927924,-0.6652492774927924,1.0,0.17392138956223396,calm,balanced,declining,-0.0006471689371714273,-0.2820079936574551,-0.3144946315999869,1.9078187472234562,0.03686389394908768,0.01609918474708172,
SLB,2019-09-16,2020-10-20,33.46109390258789,13.749629974365234,6,-0.5890860587405412,-0.5920860587405412,-0.5920860587405412,1.0,0.15313690005008226,calm,reactive,declining,0.026891975992271444,-0.32366314825903664,-0.3438105455470084,1.8469776807102631,0.0263414184103311,0.01609918474708172,
FLR,2019-09-16,2020-10-20,21.562591552734375,11.890000343322754,6,-0.4485820355014344,-0.4515820355014344,-0.4515820355014344,1.0,0.18263483360301974,calm,balanced,declining,-0.3083742149854064,-0.6096487711558649,-0.6252628296259406,0.8149662601596803,0.031037756108493266,0.01609918474708172,
LYB,2019-09-16,2020-10-20,58.876224517822266,54.03158187866211,6,-0.08228521238982722,-0.08528521238982723,-0.08528521238982723,1.0,0.154843830133314,calm,balanced,transition,0.05139366781542565,-0.10487929131997809,-0.10885631418968311,1.6102736697531514,0.026672664986953087,0.01609918474708172,
KHC,2019-09-16,2020-10-20,21.629100799560547,24.643569946289062,6,0.13937098794184566,0.13637098794184566,0.13637098794184566,1.0,0.15351805315309097,calm,balanced,declining,-0.04421481191352694,-0.4698852303200488,-0.4698852303200488,0.8468732497462998,0.013740046808117889,0.01609918474708172,
ENS,2019-09-20,2020-10-26,64.06490325927734,69.33036041259766,4,0.08218941862770723,0.07918941862770723,0.07918941862770723,1.0,0.16672322277756702,calm,balanced,mature,0.01281848555978482,-0.18530928135114366,-0.2260595106646931,3.4658588504994268,0.026430667126367685,0.02295794356015346,
CPRI,2019-09-24,2020-10-28,32.70000076293945,21.25,1,-0.350152920360672,-0.35315292036067203,-0.35315292036067203,1.0,0.15802156681642618,calm,reactive,transition,-0.06142363318817268,-0.5098185997344638,-0.529225436309438,0.87264593582608,0.026654171953346906,0.0007657782606604879,
MPC,2019-09-25,2020-10-29,49.232051849365234,24.809171676635742,1,-0.4960768291245693,-0.4990768291245693,-0.4990768291245693,1.0,0.22690349691157033,calm,balanced,transition,0.11624680047099689,-0.2661259515397786,-0.27750908523765605,2.4344003076207783,0.023589199041156857,0.003989259162571646,
AEIS,2019-09-26,2020-10-30,58.358055114746094,66.15286254882812,1,0.13356866363616038,0.13056866363616038,0.13056866363616038,1.0,0.1531863636703715,calm,balanced,shake_out,0.07533858141080652,0.17744778025181862,-0.01701078304424508,1.0000787153652393,0.016884853862682517,-0.0060751149123058346,
BBWI,2019-10-01,2020-11-04,13.397407531738281,24.403457641601562,2,0.8215059580586836,0.8185059580586836,0.8185059580586836,1.0,0.1719440166521988,calm,reactive,declining,-0.26606376920625463,-0.33088528218158775,-0.45216456261804827,0.8244845319846881,0.025058789025580733,-0.013216367254086259,
FIX,2019-10-02,2020-11-05,41.34559631347656,46.44270324707031,1,0.12328052774830467,0.12028052774830467,0.12028052774830467,1.0,0.15597828071542913,calm,reserved,transition,-0.1782925801529588,-0.21868658609182112,-0.27127718011397883,0.8625592417061612,0.020672208578887328,-0.03523471169363801,
ULTA,2019-10-02,2020-11-05,262.7900085449219,214.25999450683594,1,-0.18467221911060638,-0.1876722191106064,-0.1876722191106064,1.0,0.15582138778414506,calm,reserved,transition,-0.24311636144694804,-0.06136369111288498,-0.28275881427315375,1.132192022590893,0.024302880028985115,-0.03523471169363801,
ALGN,2019-10-14,2020-11-17,205.14999389648438,451.3800048828125,1,1.2002438133660003,1.1972438133660004,1.1972438133660004,1.0,0.15249969468676952,calm,reactive,growth,-0.25255950382890147,-0.3735878048962309,-0.38750226189428383,0.9478668818178221,0.020242745935477924,-0.0063249370250295645,
ARWR,2019-10-16,2020-11-19,34.5099983215332,68.91999816894531,1,0.9971023332661626,0.9941023332661626,0.9941023332661626,1.0,0.1773053729997779,calm,reactive,growth,0.18063629360197075,1.488103720711902,-0.010040226124219509,0.7796333978865311,0.023253418227381598,-0.009892208337598296,
CROX,2019-10-21,2020-11-24,32.849998474121094,59.869998931884766,1,0.8225266883665083,0.8195266883665083,0.8195266883665083,1.0,0.16598569238676142,calm,reactive,growth,0.4104764784367243,0.7766359589378471,0.0,1.1943214043985984,0.016817760993555083,-0.004717028020203462,
BIIB,2019-10-22,2020-11-25,281.8699951171875,241.75,1,-0.142335104169238,-0.145335104169238,-0.145335104169238,1.0,0.19847816012710476,calm,balanced,transition,0.16711523965195219,-0.10670600404367092,-0.1684269464747632,7.847773366626547,0.062243961960595805,-0.00570491699673914,
FAST,2019-10-22,2020-11-25,15.8389253616333,21.065052032470703,1,0.3299546245414271,0.3269546245414271,0.3269546245414271,1.0,0.16377959799092545,calm,reserved,mature,0.18222074447449765,0.49147273386098433,0.0,0.7848418389891316,0.043301376786809814,-0.00570491699673914,
HOG,2019-10-22,2020-11-25,35.04719924926758,36.76941680908203,1,0.04913994831842228,0.046139948318422275,0.046139948318422275,1.0,0.1521586316924023,calm,reserved,declining,0.14925545366749193,0.07813353163746073,-0.0376556472524926,3.8951920958362525,0.025304657839590596,-0.00570491699673914,
SSD,2019-10-29,2020-12-02,77.2967529296875,86.18183898925781,2,0.11494772707532186,0.11194772707532186,0.11194772707532186,1.0,0.16300126202492643,calm,balanced,mature,0.3148553841937003,0.5054076273942869,0.0,5.6596489831655195,0.019582274214840854,0.05382798488274476,
TXRH,2019-10-29,2020-12-02,54.42743682861328,69.46516418457031,2,0.27628946414120836,0.27328946414120836,0.27328946414120836,1.0,0.1593227968468006,calm,reserved,mature,0.10980774609827959,-0.07886206701534504,-0.08523193192421774,5.245093823200563,0.05014626458035385,0.05382798488274476,
MUSA,2019-10-31,2020-12-04,114.44612121582031,122.2100830078125,1,0.06783944889972338,0.06483944889972337,0.06483944889972337,1.0,0.3205274717167447,calm,reserved,mature,0.28885269573195216,0.4626071737620203,0.0,6.464590796362634,0.05588358245376912,0.03385531679681697,
TKR,2019-11-01,2020-12-07,45.877891540527344,67.20610046386719,3,0.4648907830583071,0.4618907830583071,0.4618907830583071,1.0,0.1617148246726165,calm,balanced,mature,0.2517145928357205,0.3140680929175499,0.0,1.9266046993355628,0.01667001478755906,0.05079746277433572,
CAT,2019-11-04,2020-12-08,129.1397247314453,161.9322509765625,4,0.25393058807668534,0.25093058807668533,0.25093058807668533,1.0,0.1552416700150521,calm,balanced,transition,0.26863257499644555,0.2010841019898857,0.0,1.136565285411069,0.018973184647248675,0.06784267238075614,
CI,2019-11-04,2020-12-08,166.5749053955078,198.95361328125,4,0.19437926624579904,0.19137926624579904,0.19137926624579904,1.0,0.16549220371878628,calm,balanced,mature,0.10573007599363149,-0.14059642315521115,-0.185355225738847,1.1389940759670112,0.015114179350925572,0.06784267238075614,
SW,2019-11-04,2020-12-08,27.627912521362305,36.50442123413086,4,0.3212877087946875,0.3182877087946875,0.3182877087946875,1.0,0.21309204817652713,calm,herd,transition,0.2548437806455994,0.15291022022481493,0.0,2.2222222222222223,0.02904597052746631,0.06784267238075614,
ARES,2019-11-04,2020-12-08,26.4426326751709,40.70394515991211,4,0.5393302800039383,0.5363302800039383,0.5363302800039383,1.0,0.1707679201589901,calm,reserved,transition,0.19848495366398144,0.6346332409754771,0.0,1.6623968654635874,0.021739697026021552,0.06784267238075614,
ANF,2019-11-05,2020-12-09,17.54060935974121,21.530000686645508,1,0.22743744217123107,0.22443744217123107,0.22443744217123107,1.0,0.15618327004637833,calm,reactive,declining,0.09134745467439709,-0.08556682425388029,-0.3935809864016947,1.0567657558109622,0.023953255708974972,0.05067800013799184,
OLLI,2019-11-05,2020-12-09,67.08999633789062,79.04000091552734,1,0.1781190226550613,0.1751190226550613,0.1751190226550613,1.0,0.15378785572828782,calm,reserved,growth,-0.14513260106832904,-0.24753259777621472,-0.33855864994543283,0.9118170743135601,0.01859879481547573,0.05067800013799184,
HUM,2019-11-06,2020-12-10,287.4008483886719,377.1831359863281,2,0.3123939546491439,0.3093939546491439,0.3093939546491439,1.0,0.15011237047330592,calm,reserved,mature,0.03130891255237689,-0.0735597904598867,-0.13158345850420705,1.7536470050151305,0.016954628633175133,0.08314437918786766,
FTNT,2019-11-12,2020-12-16,19.99799919128418,26.666000366210938,2,0.33343341557053896,0.33043341557053896,0.33043341557053896,1.0,0.20550852751541007,calm,balanced,growth,0.25505203791474873,0.355980403764802,0.0,1.4935777133247214,0.02795495981574851,0.06596428817029332,
HII,2019-11-14,2020-12-18,221.33155822753906,151.05624389648438,4,-0.31751149675098944,-0.32051149675098944,-0.32051149675098944,1.0,0.15780134236910645,calm,reserved,mature,0.22989459585865313,0.21614906301122883,0.0,1.2343476740118922,0.016138883090119,0.05941939976460864,
HALO,2019-11-15,2020-12-21,18.90999984741211,43.619998931884766,3,1.3067159853972337,1.3037159853972338,1.3037159853972338,1.0,0.18355605873327183,calm,reactive,declining,0.18113676309002869,0.167283886225011,0.0,1.486857284506183,0.029797228703027194,0.09600958277063243,
AMD,2019-11-19,2020-12-23,41.290000915527344,91.55000305175781,2,1.217243909465013,1.214243909465013,1.214243909465013,1.0,0.17977001212902888,calm,reactive,growth,0.3672185388219331,1.16064885383422,0.0,1.5564228645219598,0.016623080906755277,0.0874890306642766,
PODD,2019-11-19,2020-12-23,180.88999938964844,260.9800109863281,2,0.442755331233988,0.439755331233988,0.439755331233988,1.0,0.1521924898514689,calm,balanced,growth,0.19438760669943966,1.3791924542146008,-0.008767636886150232,1.3025282621248833,0.027024348826667294,0.0874890306642766,
EPAM,2019-11-19,2020-12-23,209.6999969482422,352.8599853515625,2,0.682689511143173,0.679689511143173,0.679689511143173,1.0,0.1522840900108169,calm,balanced,mature,0.11011118964437894,0.7316267513665973,0.0,0.8444707273802484,0.01952135736888397,0.0874890306642766,
TTD,2019-11-20,2020-12-24,24.047000885009766,93.177001953125,1,2.874786814317829,2.871786814317829,2.871786814317829,1.0,0.16229593631294906,calm,reactive,insufficient_data,-0.031885333327190235,1.1229806301474587,-0.13670790593453508,0.7820119198121727,0.031340142056745686,0.07635893543681882,
WBD,2019-11-26,2020-12-30,33.36000061035156,29.809999465942383,7,-0.10641490046338964,-0.10941490046338964,-0.10941490046338964,1.0,0.16756989677131426,calm,reactive,transition,0.2337277914511846,0.10720217522577524,0.0,1.592839157438426,0.030529936987974977,0.06901129023022823,
SCHW,2019-11-29,2021-01-04,45.38491439819336,49.26099395751953,5,0.08540458015010532,0.08240458015010532,0.08240458015010532,1.0,0.1543945125530477,calm,balanced,mature,0.24551625442177016,0.13910333422822085,-0.006821879735068648,0.4446701833829446,0.019736238724681672,0.05447660955891731,
REGN,2019-11-29,2021-01-04,366.52386474609375,479.61981201171875,5,0.3085636656810089,0.3055636656810089,0.3055636656810089,1.0,0.15872719476841493,calm,reactive,transition,0.2636985285220512,0.026225794806176816,-0.16054329383683363,0.4988405937451243,0.02323900844176976,0.05447660955891731,
ADSK,2019-11-29,2021-01-04,180.89999389648438,296.8399963378906,5,0.6409066133399104,0.6379066133399104,0.6379066133399104,1.0,0.16035535356437708,calm,balanced,growth,0.20319246127555957,0.24287179734483444,0.0,1.0209416822689135,0.014217149278904925,0.05447660955891731,
JAZZ,2019-11-29,2021-01-04,151.1199951171875,160.39999389648438,5,0.06140814636806069,0.05840814636806069,0.05840814636806069,1.0,0.15978085072115297,calm,reactive,transition,0.19500234233152636,0.02440340794783058,-0.0005291126499299414,0.537607653966241,0.01209548354361701,0.05447660955891731,
NTNX,2019-11-29,2021-01-04,37.349998474121094,31.209999084472656,5,-0.16439088729555618,-0.16739088729555618,-0.16739088729555618,1.0,0.19284450598286143,calm,reactive,insufficient_data,0.5588480760137366,-0.14803835893882156,-0.31012192657574333,1.344400638194069,0.05102847066559124,0.05447660955891731,
PCTY,2019-12-03,2021-01-06,119.94000244140625,184.16000366210938,7,0.535434383137321,0.5324343831373209,0.5324343831373209,1.0,0.1558411654795323,calm,balanced,transition,0.2605360012399469,0.7872150402410485,-0.01945713913796454,1.6182239522590611,0.01382921362421406,0.038199115489133906,
DXCM,2019-12-05,2021-01-08,56.70000076293945,97.02249908447266,2,0.7111551636501741,0.7081551636501741,0.7081551636501741,1.0,0.4088927765755479,calm,reactive,shake_out,0.5411796507732356,0.7517571708765147,-0.01038480539350739,0.4300185765703007,0.01628818962779914,0.03583896065927061,
CYTK,2019-12-09,2021-01-12,9.630000114440918,19.68000030517578,1,1.0436137145693407,1.0406137145693408,1.0406137145693408,1.0,0.15187301506879997,calm,reactive,declining,-0.2592307604276217,0.24258065992786038,-0.3242105182848478,1.5129349533019258,0.03074250531041554,0.046031301884647435,
EXPE,2019-12-11,2021-01-14,110.412841796875,142.70599365234375,1,0.2924764124346879,0.2894764124346879,0.2894764124346879,1.0,0.15010565414558338,calm,balanced,transition,-0.1603070744204641,-0.06483976531355418,-0.19199166801874135,0.6554855317579287,0.017207736700241442,0.0448659850468911,
HAL,2019-12-16,2021-01-19,21.71364402770996,18.680105209350586,4,-0.13970657410097131,-0.14270657410097132,-0.14270657410097132,1.0,0.15285730846474066,calm,balanced,declining,0.19178347782473248,-0.13529879208317264,-0.22123342003775004,1.1772024195005044,0.02239867219464883,0.06673950622029068,
SWKS,2019-12-19,2021-01-22,100.82921600341797,140.03732299804688,3,0.38885660871646377,0.38585660871646377,0.38585660871646377,1.0,0.1550752709478252,calm,balanced,transition,0.47311951887790493,0.8326197596954019,0.0,1.327901452406957,0.015103403558976141,0.0764872586282499,
COHR,2019-12-23,2021-01-26,33.560001373291016,89.91000366210938,4,1.6790822402547616,1.6760822402547617,1.6760822402547617,1.0,0.1504494974861468,calm,reactive,shake_out,-0.046861623234442984,0.13455042122550176,-0.21698551340697858,0.6414591923249269,0.021814963233835298,0.08306738927230972,
OPCH,2019-12-31,2021-02-03,14.920000076293945,19.809999465942383,2,0.3277479466919071,0.3247479466919071,0.3247479466919071,1.0,0.2008245246256957,calm,reactive,growth,0.13030305241531392,0.08115941087530087,-0.06516290472225938,0.7908217526942711,0.025626271720117312,0.09935721380337958,
EOG,2020-01-06,2021-02-09,66.26708984375,45.24150466918945,6,-0.31728547645801863,-0.32028547645801864,-0.32028547645801864,1.0,0.17398602152160178,calm,balanced,declining,0.28877246520748656,-0.053172390720745866,-0.1678487577457065,1.98828189528218,0.014254822073711142,0.10487968836469563,
OXY,2020-01-06,2021-02-09,40.92269515991211,23.11815071105957,6,-0.43507751332795597,-0.43807751332795597,-0.43807751332795597,1.0,0.15223141389706948,calm,reactive,declining,0.12067195361381855,-0.2536967013995536,-0.3045095979349308,1.5266369031255385,0.014089079797524048,0.10487968836469563,
VICR,2020-01-07,2021-02-10,51.150001525878906,98.05999755859375,1,0.9171064444442125,0.9141064444442125,0.9141064444442125,1.0,0.17293492160768092,calm,reactive,growth,0.6069746040993196,0.31355940754438216,0.0,2.5574678907699173,0.017705010809806358,0.08986048754971354,
SMCI,2020-01-13,2021-02-16,2.8510000705718994,3.193000078201294,7,0.11995790921211391,0.11695790921211391,0.11695790921211391,1.0,0.2288289764503537,calm,reactive,transition,0.4583120245462593,0.8585397639516246,0.0,2.3598364758885366,0.040598496465763745,0.09679278719352724,
NXST,2020-01-15,2021-02-18,106.8828353881836,106.47913360595703,9,-0.0037770497083126076,-0.006777049708312608,-0.006777049708312608,1.0,0.16314399139784574,calm,balanced,transition,0.29630343834374107,0.5894736089699051,0.0,1.3769177967831103,0.021863077526542405,0.09397950960271695,
LEN,2020-01-21,2021-02-24,57.36430358886719,77.1602783203125,1,0.3450922175108069,0.3420922175108069,0.3420922175108069,1.0,0.15217946536060423,calm,balanced,shake_out,0.04792638533080851,0.4972900793495514,0.0,0.9057231951264808,0.015209924910241892,0.1031462071663698,
PHM,2020-01-28,2021-03-03,43.95327377319336,42.0719108581543,1,-0.04280370387760479,-0.045803703877604796,-0.045803703877604796,1.0,0.1846525351502291,calm,reactive,shake_out,0.1972696182607072,0.7423729982312521,0.0,2.6619681620839364,0.013339086145409858,0.07857620163438761,
XYZ,2020-01-29,2021-03-04,76.16000366210938,218.41000366210938,1,1.867778271533504,1.8647782715335042,1.8647782715335042,1.0,0.18187208898192384,calm,reactive,growth,0.21661350668553125,0.06472815548478073,-0.07438010704890041,1.4991827579175228,0.02005059368669623,0.06732835203899223,
NOW,2020-01-30,2021-03-05,68.3239974975586,97.39199829101562,2,0.4254435024018568,0.4224435024018568,0.4224435024018568,1.0,0.1706046521539529,calm,balanced,growth,0.38982908278335393,0.5526769154215485,0.0,2.6206323015681736,0.021887209779076867,0.06672250688696924,
ALB,2020-02-04,2021-03-10,83.607421875,143.189453125,1,0.7126404560001869,0.7096404560001869,0.7096404560001869,1.0,0.21148035454023917,calm,reactive,transition,0.2738423661639806,0.13487365969837883,0.0,2.0597527323294873,0.031509943355530666,0.06884854723434075,
GEN,2020-02-07,2021-03-15,17.264368057250977,19.449317932128906,5,0.12655834651070585,0.12355834651070585,0.12355834651070585,1.0,0.24302119046311865,calm,reactive,transition,0.41833196407341955,0.5305829514063005,0.0,1.847678591172716,0.029590122090602012,0.0762878630012831,
TMUS,2020-02-11,2021-03-17,90.85050201416016,122.3967514038086,2,0.34723252695655527,0.34423252695655526,0.34423252695655526,1.0,0.16201404890663834,calm,reactive,mature,0.22969818586849855,0.35761494421593865,0.0,6.439621702339473,0.029554630125886147,0.08432396736749781,
DOCU,2020-02-12,2021-03-18,87.33000183105469,204.8000030517578,1,1.3451276624035362,1.3421276624035363,1.3421276624035363,1.0,0.15241240001784293,calm,reactive,insufficient_data,0.28843321634477936,0.6277725880199596,0.0,0.9343589802599405,0.015322240218829632,0.08299737650104788,
DECK,2020-02-13,2021-03-19,33.42499923706055,56.45000076293945,2,0.6888557083450741,0.6858557083450741,0.6858557083450741,1.0,0.15376092709060127,calm,reactive,growth,0.20147374564059084,0.40578995960233977,0.0,0.5886644829780958,0.019737150895511896,0.08068785685770896,
NVDA,2020-02-19,2021-03-25,7.832088947296143,12.503735542297363,6,0.5964751711117893,0.5934751711117893,0.5934751711117893,1.0,0.19694407671312758,calm,balanced,growth,0.4983924175970338,0.992614684569741,0.0,1.7082502989238741,0.028908571939460063,0.09106048567899871,
MSCI,2020-02-19,2021-03-25,311.69134521484375,390.61181640625,6,0.2532007141135333,0.2502007141135333,0.2502007141135333,1.0,0.153448511190643,calm,balanced,transition,0.299233098349452,0.9081399007135977,0.0,1.1662210540626274,0.016330814642066257,0.09106048567899871,
CVNA,2020-02-19,2021-03-25,106.77999877929688,256.3599853515625,6,1.400824014630604,1.397824014630604,1.397824014630604,1.0,0.22286738459757208,calm,reactive,insufficient_data,0.19721937275925572,1.9546209347718424,0.0,2.5384180550971926,0.04400080366899182,0.09106048567899871,
BYD,2020-02-20,2021-03-26,33.24965286254883,57.39726638793945,7,0.726251598030655,0.723251598030655,0.723251598030655,1.0,0.1742924045279972,calm,balanced,shake_out,0.16455384506853798,0.240581645428686,0.0,1.7483179091646937,0.02064313688775852,0.08453872086009873,
DPZ,2020-02-20,2021-03-26,345.58477783203125,348.1811218261719,7,0.007512900337880435,0.004512900337880435,0.004512900337880435,1.0,0.28909203365118313,calm,balanced,mature,0.30874867800356265,0.48939139012420774,0.0,5.07437288238601,0.06004646563459338,0.08453872086009873,
UTHR,2020-02-21,2021-03-29,106.95999908447266,169.49000549316406,3,0.5846111344794211,0.5816111344794211,0.5816111344794211,1.0,0.16027831446614135,calm,reactive,transition,0.1218796223297518,-0.09585801922865345,-0.15673287470349184,1.1182727417050324,0.01782651709271145,0.06513515094867794,
DBX,2020-02-21,2021-03-29,22.450000762939453,26.15999984741211,3,0.16525607832482292,0.16225607832482292,0.16225607832482292,1.0,0.2498975740664172,calm,reactive,insufficient_data,0.17971623504427736,-0.04264392185352961,-0.14083423329582623,6.5440299362742005,0.04723747210381758,0.06513515094867794,
IBKR,2020-02-24,2021-03-30,12.997855186462402,17.585832595825195,4,0.3529795757488734,0.3499795757488734,0.3499795757488734,1.0,0.15672502073084998,normal,balanced,transition,0.10462752117145357,-0.05027417112283439,-0.07287040113280752,1.1719815635335966,0.029275830440927516,0.02718335578692388,
MEDP,2020-02-25,2021-03-31,101.94999694824219,164.0500030517578,1,0.6091221967867488,0.6061221967867488,0.6061221967867488,1.0,0.18560754680699967,normal,reactive,growth,0.3027088444333741,0.8506080353215069,0.0,3.217585658655729,0.020442423763126532,-0.00806052796922696,
GILD,2020-02-26,2021-04-01,58.911197662353516,55.1456413269043,1,-0.06391919507444599,-0.06691919507444599,-0.06691919507444599,1.0,0.15873920986500784,normal,reactive,transition,0.12136835659579037,0.18305910439784912,0.0,1.7939158419469963,0.027619226487628695,-0.007828794848592224,
AAON,2020-02-27,2021-04-05,37.159812927246094,46.00077438354492,4,0.23791727567650134,0.23491727567650134,0.23491727567650134,1.0,0.1602107226212102,crisis,balanced,mature,0.18546709606670841,0.4545006332032635,0.0,3.179441615692171,0.025379252921516566,-0.04338976975183173,
NFLX,2020-02-27,2021-04-05,37.17100143432617,54.06700134277344,4,0.45454788024205284,0.45154788024205283,0.45154788024205283,1.0,0.184370388839653,crisis,balanced,growth,0.19910322189874186,0.038006143782230106,-0.0414409832549959,1.9335628120992019,0.02106020154743991,-0.04338976975183173,
RBC,2020-02-27,2021-04-05,167.7916259765625,191.8600616455078,4,0.14344241274774494,0.14044241274774494,0.14044241274774494,1.0,0.1844912632376958,crisis,balanced,mature,0.090888745020691,0.2727472014390928,-0.027312216075472073,2.0430629755544762,0.034739369369569034,-0.04338976975183173,
EXEL,2020-02-28,2021-04-05,18.59000015258789,23.479999542236328,4,0.2630446126686936,0.2600446126686936,0.2600446126686936,1.0,0.1876201492594105,crisis,reactive,transition,0.11517696865666704,-0.18785493017553945,-0.24919224633515213,1.4432542365662384,0.025508114472400104,-0.04493081037845503,
BMRN,2020-03-03,2021-04-07,92.72000122070312,78.05000305175781,6,-0.15821826979947995,-0.16121826979947995,-0.16121826979947995,1.0,0.15487246862721202,crisis,balanced,transition,0.15784214661127427,0.0004316024535566676,-0.02564105031006636,1.1361914339638237,0.02290554329189919,-0.036587771643386446,
TT,2020-03-04,2021-04-08,108.2735824584961,156.54603576660156,7,0.4458377769721389,0.4428377769721389,0.4428377769721389,1.0,0.15203502427743354,crisis,balanced,mature,0.15323847150366432,0.4534739145316513,0.0,1.35813088662998,0.03310952088463755,-0.005019150377159942,
EQT,2020-03-04,2021-04-08,5.723194599151611,16.59819984436035,7,1.900163458852302,1.897163458852302,1.897163458852302,1.0,0.15771767117853716,crisis,reactive,declining,-0.30012365499102933,-0.6718352180064184,-0.7153287876038047,0.997046819524173,0.05078579173808031,-0.005019150377159942,
LIVN,2020-03-04,2021-04-08,76.48999786376953,80.0,7,0.045888380628299474,0.04288838062829947,0.04288838062829947,1.0,0.16082526941759262,crisis,balanced,shake_out,-0.08208332913699856,-0.17397409153147902,-0.22203012508963493,1.091122047446343,0.03525801135546498,-0.005019150377159942,
LSCC,2020-03-05,2021-04-09,19.049999237060547,50.18000030517578,8,1.6341208564225989,1.631120856422599,1.631120856422599,1.0,0.17500217049020259,crisis,reactive,growth,0.004217181159818839,0.5119046555805311,-0.18380466527339234,1.871731696521252,0.038784888054206705,-0.03572112556493279,
CTRA,2020-03-06,2021-04-12,12.34186840057373,13.068111419677734,11,0.058843847263048366,0.05584384726304836,0.05584384726304836,1.0,0.20943428388688506,crisis,reserved,declining,0.017713792932066763,-0.3226587807615514,-0.39115852749170366,2.2591527264653464,0.03531363748418305,-0.05112494137155266,
LII,2020-03-06,2021-04-12,241.26144409179688,311.80621337890625,11,0.29239968098784974,0.28939968098784974,0.28939968098784974,1.0,0.1592665998082332,crisis,balanced,mature,0.011023075057416065,0.078338593180036,-0.10532724712028074,1.3031118523291514,0.022479345397589216,-0.05112494137155266,
FND,2020-03-06,2021-04-12,52.439998626708984,112.83000183105469,11,1.1516019219265878,1.148601921926588,1.148601921926588,1.0,0.16314798917657608,crisis,reactive,insufficient_data,0.10937165472559651,0.3380964650243643,-0.09116121432720936,1.241398465437628,0.03131202740606015,-0.05112494137155266,
AOS,2020-03-09,2021-04-13,36.67588806152344,61.81486892700195,12,0.6854361869386265,0.6824361869386265,0.6824361869386265,1.0,0.15166178845566836,crisis,balanced,transition,-0.09549614777230853,-0.1838169265580195,-0.26097075587361496,1.3765325243822444,0.028645201322301517,-0.12575314055297604,
UNH,2020-03-09,2021-04-13,246.04629516601562,343.7447204589844,12,0.3970733443763028,0.3940733443763028,0.3940733443763028,1.0,0.1895584703105856,crisis,reactive,mature,-0.025169361731557705,0.13924301042267873,-0.10438593392550355,1.2986875060845553,0.04270107127292655,-0.12575314055297604,
TKO,2020-03-09,2021-04-13,37.83101272583008,52.497352600097656,12,0.38768033995171813,0.38468033995171813,0.38468033995171813,1.0,0.19998245520209862,crisis,reactive,growth,-0.3439591312918825,-0.5293903126991882,-0.5831166140831907,0.6020436215950229,0.028934195723760128,-0.12575314055297604,
EBAY,2020-03-09,2021-04-13,32.12873840332031,58.474056243896484,12,0.8199922919430145,0.8169922919430145,0.8169922919430145,1.0,0.1536243492799297,crisis,reactive,transition,0.021848520089933876,-0.00449777309820365,-0.13526556656397482,1.187348050439069,0.024783815868546135,-0.12575314055297604,
WSO,2020-03-09,2021-04-13,152.1758575439453,240.94102478027344,12,0.5833065025488327,0.5803065025488326,0.5803065025488326,1.0,0.1618780305909316,crisis,reactive,mature,0.028379063544729854,0.35858344917100915,0.0,1.5838526292773587,0.025010591783196125,-0.12575314055297604,
MASI,2020-03-09,2021-04-13,173.32000732421875,239.22000122070312,12,0.38022150422143386,0.37722150422143386,0.37722150422143386,1.0,0.15566035386025803,crisis,reactive,transition,0.12392192321092166,0.3238619748570304,-0.05783865514963793,0.9666155946760056,0.03203543585286036,-0.12575314055297604,
AZO,2020-03-10,2021-04-14,1148.300048828125,1450.8900146484375,13,0.26351123657019326,0.26051123657019326,0.26051123657019326,1.0,0.16752602298761402,crisis,reserved,mature,-0.06712052137227054,0.22864089494633522,-0.08135996093749998,1.6964310435528975,0.022680633485587638,-0.09036886725338744,
EFX,2020-03-11,2021-04-15,138.96383666992188,181.63758850097656,14,0.30708530257707856,0.30408530257707855,0.30408530257707855,1.0,0.16024688911680812,crisis,balanced,mature,0.05160089359934705,0.3186759309998166,-0.1067723354386858,1.3510012952077315,0.04350368483897001,-0.13488391802243627,
JKHY,2020-03-12,2021-04-16,144.20147705078125,149.23504638671875,15,0.03490650330970535,0.03190650330970535,0.03190650330970535,1.0,0.1549781249704298,crisis,balanced,mature,0.06286982414894049,0.15482973040232073,-0.10820324959281002,1.7818886121981106,0.03310597083068095,-0.2227232353534938,
ELV,2020-03-12,2021-04-16,234.77487182617188,349.99810791015625,15,0.49078180806886373,0.48778180806886373,0.48778180806886373,1.0,0.23141332197516484,crisis,reactive,transition,-0.12190706949510843,-0.15148460631916572,-0.16981747991558216,1.2201332614419471,0.05397113149778871,-0.2227232353534938,
MPWR,2020-03-12,2021-04-16,139.31832885742188,365.0632629394531,15,1.6203534447578551,1.6173534447578553,1.6173534447578553,1.0,0.16416762103923577,crisis,balanced,growth,-0.17441714423620236,0.06978854303570392,-0.23737131678893575,1.5359927788782188,0.04665843566839841,-0.2227232353534938,
PYPL,2020-03-12,2021-04-16,96.44436645507812,268.434814453125,15,1.7833125388216078,1.780312538821608,1.780312538821608,1.0,0.15345743536263282,crisis,balanced,transition,-0.11508623200093182,-0.020902744257778938,-0.21749656339700718,1.9485165548928454,0.04100812336241728,-0.2227232353534938,
CGNX,2020-03-13,2021-04-19,41.96780014038086,83.02908325195312,3,0.9783997010618539,0.9753997010618539,0.9753997010618539,1.0,0.18428882936519925,crisis,balanced,shake_out,-0.20929754695960745,-0.1751374301471572,-0.23801860583729628,1.2774460311860114,0.055944636581868545,-0.15082129385384324,
RGEN,2020-03-13,2021-04-19,98.70999908447266,212.0399932861328,3,1.1481105789969281,1.1451105789969283,1.1451105789969283,1.0,0.17806695770854958,crisis,balanced,growth,0.09204557750862241,0.6416098009486815,-0.09556533226593578,1.3586627017351387,0.049315067110838245,-0.15082129385384324,
ADI,2020-03-13,2021-04-19,89.80252838134766,143.95327758789062,3,0.6029980467430835,0.5999980467430835,0.5999980467430835,1.0,0.1512751757121769,crisis,balanced,mature,-0.1555994831985733,-0.06870186789782728,-0.1944465622132885,1.638751493283585,0.0489881184123139,-0.15082129385384324,
AAPL,2020-03-13,2021-04-19,67.16474914550781,131.33352661132812,3,0.9553936891330164,0.9523936891330164,0.9523936891330164,1.0,0.16438436767686312,crisis,reactive,transition,-0.006348547755309908,0.5130473729946157,-0.15045841511419344,1.5239439141679691,0.05679162809240539,-0.15082129385384324,
ROK,2020-03-16,2021-04-20,138.2357940673828,241.8016815185547,1,0.749197327290563,0.746197327290563,0.746197327290563,1.0,0.1730999715707334,crisis,reactive,mature,-0.24409423393107388,-0.13243697939300803,-0.26775575426381715,1.291241527617102,0.062036495745313516,-0.25226409272683326,
LLY,2020-03-16,2021-04-20,120.78751373291016,181.3376007080078,1,0.5012942571944006,0.49829425719440057,0.49829425719440057,1.0,0.1648697710244343,crisis,reactive,mature,0.004406816500457822,0.05612994354805134,-0.1174036789738423,1.186889831192233,0.048162159079352174,-0.25226409272683326,
FN,2020-03-16,2021-04-20,49.959999084472656,87.66999816894531,1,0.754803838581189,0.751803838581189,0.751803838581189,1.0,0.15887089826945794,crisis,reactive,shake_out,-0.22362081943848844,-0.06721438006933267,-0.26572606683972966,1.3912944555835218,0.048396266760143025,-0.25226409272683326,
BDX,2020-03-17,2021-04-21,172.98545837402344,182.12184143066406,2,0.05281590222969057,0.04981590222969057,0.04981590222969057,1.0,0.15322890578676066,crisis,balanced,mature,-0.0691612851100537,0.01651454213122605,-0.1281380960686761,1.5340556289588827,0.04166617070862816,-0.2109522928898312,
TXN,2020-03-17,2021-04-21,89.52053833007812,163.80572509765625,2,0.8298116628127887,0.8268116628127887,0.8268116628127887,1.0,0.15971363494950658,crisis,reactive,mature,-0.15413928803914123,-0.0085454139409058,-0.20359934849772277,1.88958983563878,0.06293482102564416,-0.2109522928898312,
CLX,2020-03-17,2021-04-21,162.502197265625,165.211181640625,2,0.016670447665220856,0.013670447665220856,0.013670447665220856,1.0,0.23959569820730275,crisis,balanced,mature,0.31502527193585883,0.29512969667576594,0.0,2.4375195556946183,0.045370898261976,-0.2109522928898312,
CPB,2020-03-17,2021-04-21,42.96480941772461,41.858299255371094,2,-0.02575387107145033,-0.02875387107145033,-0.02875387107145033,1.0,0.20993012336311437,crisis,reserved,transition,0.12466380062786842,0.5316483565499612,0.0,2.5453933144955023,0.040490877221118604,-0.2109522928898312,
COR,2020-03-17,2021-04-21,75.8019027709961,111.22207641601562,2,0.46727288300436,0.46427288300436,0.46427288300436,1.0,0.20111174412982308,crisis,reserved,mature,0.088360742886882,0.1929421531224913,-0.07731964028539129,1.4568615474448068,0.05571139164482993,-0.2109522928898312,
TMO,2020-03-17,2021-04-21,291.679443359375,473.9481201171875,2,0.6248938034801488,0.6218938034801488,0.6218938034801488,1.0,0.15564972247596626,crisis,balanced,transition,-0.08263109151208259,0.11709565359271634,-0.12795331591627768,1.8416112652554717,0.04177683740066923,-0.2109522928898312,
SJM,2020-03-17,2021-04-21,96.06293487548828,113.05398559570312,2,0.17687415799067296,0.17387415799067296,0.17387415799067296,1.0,0.18367228133946906,crisis,reserved,transition,0.12964348096564748,0.12979207730762088,-0.05816115254288001,1.9363860686187542,0.03655477462926622,-0.2109522928898312,
ROL,2020-03-17,2021-04-21,23.629331588745117,33.01126480102539,2,0.39704606865599956,0.39404606865599956,0.39404606865599956,1.0,0.1552953336347375,crisis,balanced,mature,0.16722556727186588,-0.054238666162813365,-0.11736152933600075,2.6357168372446655,0.04907123324094804,-0.2109522928898312,
GIS,2020-03-17,2021-04-21,47.487770080566406,52.08327865600586,2,0.09677246515561477,0.09377246515561477,0.09377246515561477,1.0,0.2188132324706335,crisis,reactive,transition,0.13208693708416241,0.3108465660001536,0.0,2.373265702334327,0.04027485046462714,-0.2109522928898312,
ITW,2020-03-17,2021-04-21,137.62619018554688,201.77072143554688,2,0.46607794027808724,0.46307794027808724,0.46307794027808724,1.0,0.15496780116167308,crisis,balanced,mature,-0.10093092012468086,0.12194693861837047,-0.16052606277642256,1.3138721703745218,0.05431176342463556,-0.2109522928898312,
LSTR,2020-03-17,2021-04-21,91.34681701660156,156.7568817138672,2,0.7160628780899707,0.7130628780899707,0.7130628780899707,1.0,0.15657363155700804,crisis,balanced,mature,-0.06112558973661275,-0.019111217031026695,-0.12499801767235053,1.3210834442532653,0.060680048356970384,-0.2109522928898312,
NOVT,2020-03-17,2021-04-21,83.25,136.50999450683594,2,0.639759693775807,0.636759693775807,0.636759693775807,1.0,0.21487153166801637,crisis,balanced,growth,-0.08797106580503322,0.002770457314307917,-0.15567950011834852,1.51093563953124,0.07488089375157424,-0.2109522928898312,
MTD,2020-03-17,2021-04-21,682.489990234375,1311.1400146484375,2,0.9211124462033162,0.9181124462033162,0.9181124462033162,1.0,0.20009472998839248,crisis,balanced,mature,-0.1323434483872773,-0.04645541740529546,-0.21773169730620512,1.2197014652850686,0.046752813785079304,-0.2109522928898312,
ADBE,2020-03-17,2021-04-21,311.80999755859375,512.3400268554688,2,0.6431160991212042,0.6401160991212042,0.6401160991212042,1.0,0.15051951148446632,crisis,reactive,transition,-0.04828619811508805,0.19733500299937545,-0.1864694256113727,1.2363907323134458,0.0748219169245242,-0.2109522928898312,
ABT,2020-03-17,2021-04-21,70.99446105957031,111.60740661621094,2,0.5720579457961228,0.5690579457961228,0.5690579457961228,1.0,0.1532905643704562,crisis,balanced,transition,-0.0861178166733122,0.010217922270402413,-0.1346616183713808,1.3396617468030947,0.050612100557405025,-0.2109522928898312,
PKG,2020-03-17,2021-04-21,78.4509506225586,122.70316314697266,2,0.5640749050616263,0.5610749050616263,0.5610749050616263,1.0,0.2172379201243484,crisis,balanced,mature,-0.15272182365740528,-0.01535269574450071,-0.16339771702229255,1.4765439062012622,0.05917267356116348,-0.2109522928898312,
WMT,2020-03-18,2021-04-22,37.47193908691406,43.59022903442383,3,0.16327657699588838,0.16027657699588838,0.16027657699588838,1.0,0.2185089253261948,crisis,balanced,mature,0.019037015889561415,0.26108348834696926,0.0,2.09949033907779,0.051900512068224595,-0.25553047619632296,
AKAM,2020-03-18,2021-04-22,97.0999984741211,106.36000061035156,3,0.0953656259706166,0.0923656259706166,0.0923656259706166,1.0,0.23622082818854867,crisis,balanced,mature,0.11789083343097717,0.33894102273658566,-0.05323712182572249,1.971052725393034,0.0508998233179,-0.25553047619632296,
VRTX,2020-03-18,2021-04-22,212.97999572753906,215.97999572753906,3,0.014085829937933836,0.011085829937933837,0.011085829937933837,1.0,0.1664684225512919,crisis,balanced,growth,-0.034935912948363956,0.18335371031987746,-0.140551237537619,1.488528186293253,0.04940069025643338,-0.25553047619632296,
BAX,2020-03-18,2021-04-22,75.31660461425781,79.29934692382812,3,0.052880003419808475,0.04988000341980847,0.04988000341980847,1.0,0.22046239438995452,crisis,balanced,mature,0.028056591601028247,0.10768797480746817,-0.0910569279358695,1.901893602850199,0.05887370805695438,-0.25553047619632296,
TROW,2020-03-18,2021-04-22,84.02685546875,139.569580078125,3,0.6610115813512933,0.6580115813512933,0.6580115813512933,1.0,0.21352697667661802,crisis,reactive,mature,-0.10654318512893368,0.10703177699842703,-0.2126837941465527,1.5689524974645788,0.07803805771325364,-0.25553047619632296,
COST,2020-03-18,2021-04-22,281.3431091308594,351.49041748046875,3,0.24933011000806915,0.24633011000806915,0.24633011000806915,1.0,0.1774161617728203,crisis,balanced,transition,0.04517254037762952,0.30954782071013076,-0.05116037945964502,1.3800161439114391,0.04893878442714726,-0.25553047619632296,
CSCO,2020-03-18,2021-04-22,30.859901428222656,44.63725662231445,3,0.44644845111176656,0.44344845111176656,0.44344845111176656,1.0,0.15725395053779756,crisis,balanced,mature,-0.21195187237142366,-0.28362910196501856,-0.3509715404238686,1.2303343802637279,0.05965043391650945,-0.25553047619632296,
GLW,2020-03-18,2021-04-22,18.29047966003418,39.908546447753906,3,1.1819300089191498,1.17893000891915,1.17893000891915,1.0,0.17593245667567003,crisis,balanced,mature,-0.25236226209268386,-0.3527048014228038,-0.36731089221268487,0.8224823439224492,0.07098083050184802,-0.25553047619632296,
PG,2020-03-18,2021-04-22,100.26942443847656,118.53927612304688,3,0.18220760502899225,0.17920760502899225,0.17920760502899225,1.0,0.158263422997869,crisis,balanced,mature,-0.057532041008015455,0.18479479655447517,-0.07621523694623411,1.732623187852349,0.05393227650061259,-0.25553047619632296,
ORCL,2020-03-18,2021-04-22,43.25564193725586,69.97518920898438,3,0.6177124202777142,0.6147124202777142,0.6147124202777142,1.0,0.19261957631837753,crisis,reactive,mature,-0.11417165116671124,-0.0862522925873278,-0.203903155277403,1.4703343857870494,0.07280514739591379,-0.25553047619632296,
NTAP,2020-03-18,2021-04-22,35.8691520690918,67.17521667480469,3,0.8727851872665011,0.8697851872665011,0.8697851872665011,1.0,0.17402990529510462,crisis,balanced,shake_out,-0.31337801336457727,-0.35478148345974825,-0.44192843870252774,0.9636554027715144,0.058889856477443096,-0.25553047619632296,
MMM,2020-03-18,2021-04-22,92.28401947021484,140.23255920410156,3,0.5195757619699515,0.5165757619699515,0.5165757619699515,1.0,0.1586115539168826,crisis,balanced,transition,-0.21160535643066092,-0.3185883676599047,-0.35335731757165145,1.0557019002938628,0.0458410887859661,-0.25553047619632296,
CRUS,2020-03-19,2021-04-23,58.65999984741211,86.9800033569336,1,0.48278219541746004,0.47978219541746003,0.47978219541746003,1.0,0.24466888412973534,crisis,balanced,shake_out,-0.28611413953296627,0.3569280700570088,-0.318224090850446,1.3223881403072935,0.09086569252470707,-0.25267294912856686,
HRL,2020-03-19,2021-04-23,39.09313201904297,39.38224792480469,1,0.007395567733505803,0.004395567733505803,0.004395567733505803,1.0,0.16697894181945172,crisis,reserved,mature,0.04556360641256729,0.11810982385566726,-0.027994953328149608,1.4499711180470947,0.042977718586703004,-0.25267294912856686,
MSFT,2020-03-19,2021-04-23,135.5612030029297,250.5890350341797,1,0.8485306229450034,0.8455306229450034,0.8455306229450034,1.0,0.1618872372808255,crisis,balanced,transition,-0.09091021650917641,0.2027797532715463,-0.2416541650537274,1.1777557549489683,0.06940943606766717,-0.25267294912856686,
AVAV,2020-03-19,2021-04-23,57.38999938964844,111.45999908447266,1,0.942150205085678,0.939150205085678,0.939150205085678,1.0,0.17440283944275503,crisis,reactive,growth,-0.10815849649587295,-0.18514838646918275,-0.20468408429719287,1.2229460574945712,0.06402371384946126,-0.25267294912856686,
AMZN,2020-03-20,2021-04-26,92.30449676513672,170.4499969482422,3,0.8466055600946727,0.8436055600946727,0.8436055600946727,1.0,0.15561487169088956,crisis,reactive,transition,0.031790500357034235,0.04607959277847917,-0.14935356401439548,1.2657544065926132,0.04262210589087806,-0.28493692779893964,
CDNS,2020-03-20,2021-04-26,55.08000183105469,144.22999572753906,3,1.6185546647208109,1.615554664720811,1.615554664720811,1.0,0.15681779760437503,crisis,balanced,transition,-0.2091887921841702,-0.10816056787601092,-0.3116720302208701,1.1162737148543187,0.060000851033923115,-0.28493692779893964,
INTC,2020-03-20,2021-04-26,40.625362396240234,53.44295883178711,3,0.31550725161612614,0.31250725161612614,0.31250725161612614,1.0,0.18174634089208117,crisis,balanced,mature,-0.22478190634281958,-0.11927572785055607,-0.3273593766609252,1.2159564314800861,0.08384719724259088,-0.28493692779893964,
ILMN,2020-03-20,2021-04-26,235.40855407714844,409.29962158203125,3,0.7386777773924689,0.7356777773924689,0.7356777773924689,1.0,0.18287114462268367,crisis,balanced,growth,-0.27866704844169676,-0.21629585024877496,-0.3601776752584652,1.7580955858104288,0.058133208036496645,-0.28493692779893964,
QLYS,2020-03-20,2021-04-26,81.25,108.33000183105469,3,0.33329233022836546,0.33029233022836546,0.33029233022836546,1.0,0.17710945329833655,crisis,balanced,growth,-0.04378017144004398,-0.015986432114604487,-0.1385708199439427,1.5165396348752473,0.04383528277677578,-0.28493692779893964,
AMKR,2020-03-23,2021-04-27,6.473667621612549,19.672517776489258,4,2.0388519964806227,2.0358519964806225,2.0358519964806225,1.0,0.18900363725231967,crisis,reactive,transition,-0.49892016746428436,-0.19351099110907177,-0.5335121478954785,1.0147598440096754,0.10083665320876951,-0.3094252732209245,
MCHP,2020-03-23,2021-04-27,29.137861251831055,70.96914672851562,4,1.4356333539770647,1.4326333539770648,1.4326333539770648,1.0,0.1874614329705736,crisis,balanced,shake_out,-0.379499125867522,-0.20600159208920021,-0.40895908437166817,1.5977915685995647,0.0889333718503277,-0.3094252732209245,
VC,2020-03-23,2021-04-27,47.66168212890625,121.7062759399414,4,1.5535455423241973,1.5505455423241974,1.5505455423241974,1.0,0.15156178678417848,crisis,balanced,transition,-0.4481927953484732,-0.3033464308993271,-0.4983832443896934,0.8362827923521565,0.07770545260359787,-0.3094252732209245,
TER,2020-03-24,2021-04-28,51.551265716552734,129.790771484375,1,1.5177029056475742,1.5147029056475743,1.5147029056475743,1.0,0.1624935278764616,crisis,balanced,growth,-0.2349176267947698,0.33611028554942757,-0.30589393489426864,1.2745404712962136,0.07445600879785788,-0.24465587762662422,
ON,2020-03-24,2021-04-28,13.850000381469727,41.45000076293945,1,1.992779756049428,1.9897797560494281,1.9897797560494281,1.0,0.1795783132872667,crisis,balanced,shake_out,-0.4344630252792623,-0.3404761723109654,-0.45940671632373975,1.1493344298524748,0.12667084067013606,-0.24465587762662422,
NBIX,2020-03-25,2021-04-29,90.2300033569336,95.33000183105469,2,0.056522201976945796,0.053522201976945794,0.053522201976945794,1.0,0.1586560813797646,crisis,reactive,growth,-0.15798805269322747,0.06240436868849075,-0.23901489762024275,1.259468987660979,0.05327725124586444,-0.23150041487285067,
DELL,2020-03-27,2021-05-03,17.870813369750977,45.09440612792969,6,1.5233549920150087,1.5203549920150088,1.5203549920150088,1.0,0.15608285748013256,crisis,reactive,transition,-0.2589405695749899,-0.33975118088907097,-0.4448423076426272,0.7112565068627463,0.07898022070247154,-0.2198935204135084,
BLK,2020-03-30,2021-05-04,394.6054992675781,742.165283203125,1,0.8807778517548484,0.8777778517548483,0.8777778517548483,1.0,0.152029981469536,crisis,balanced,mature,-0.08889565167638991,0.07026948864021065,-0.19856600802733537,0.799128445660216,0.08553378187042623,-0.18801495492887288,
ERIE,2020-03-30,2021-05-04,153.8806610107422,193.8939208984375,1,0.26002786591163685,0.25702786591163684,0.25702786591163684,1.0,0.2581089904668617,crisis,balanced,mature,0.05033585111879724,-0.010594823968849143,-0.34412140714503914,0.5615435795076513,0.08321614682167684,-0.18801495492887288,
ANET,2020-04-01,2021-05-06,12.048125267028809,20.453750610351562,1,0.6976708124313573,0.6946708124313573,0.6946708124313573,1.0,0.16578339456721328,crisis,reactive,growth,-0.05896998521420782,-0.400870227591419,-0.41325257424134043,0.7063296232279149,0.0737710836824764,-0.2368357483459581,
WING,2020-04-01,2021-05-06,72.26641082763672,143.02438354492188,1,0.9791267050199939,0.9761267050199939,0.9761267050199939,1.0,0.17420563103829767,crisis,reactive,growth,-0.11190936098485482,0.09799575064500177,-0.2460976506232282,0.7570505750748385,0.09095909090976279,-0.2368357483459581,
NTRS,2020-04-02,2021-05-07,64.11954498291016,102.57695007324219,2,0.5997766375382438,0.5967766375382438,0.5967766375382438,1.0,0.18185764240003924,crisis,balanced,mature,-0.272583382055542,-0.16304724414702598,-0.2930393929962398,0.7819462113649712,0.08582139259733074,-0.22322132631988323,
INCY,2020-04-03,2021-05-10,78.58999633789062,81.38999938964844,3,0.03562798297787739,0.03262798297787739,0.03262798297787739,1.0,0.15364585974120076,crisis,balanced,transition,0.00821038376785821,-0.07279383722080501,-0.17895951383572983,0.8809793769475345,0.04417906016529089,-0.24003727381094297,
FANG,2020-04-03,2021-05-10,24.687915802001953,66.98027801513672,3,1.7130794900760824,1.7100794900760825,1.7100794900760825,1.0,0.1667671947750094,crisis,balanced,transition,-0.6624298457631739,-0.6878466320051945,-0.7189797015269123,1.279219444941571,0.11969121137011941,-0.24003727381094297,
CHRW,2020-04-06,2021-05-11,63.00745391845703,88.18733215332031,1,0.3996333238199177,0.39663332381991767,0.39663332381991767,1.0,0.16120784252420195,crisis,balanced,transition,-0.08992358499787367,-0.17094256910323602,-0.18918088105566844,0.8081683304634522,0.03531103133329507,-0.18425900685120478,
STLD,2020-04-06,2021-05-11,20.289234161376953,59.54424285888672,1,1.9347703508807883,1.9317703508807884,1.9317703508807884,1.0,0.16020101954300334,crisis,balanced,transition,-0.300032401148859,-0.3466031897974442,-0.3466031897974442,0.5892425953035615,0.10029462628241671,-0.18425900685120478,
WST,2020-04-06,2021-05-11,158.83413696289062,331.1595153808594,1,1.084939180663853,1.0819391806638532,1.0819391806638532,1.0,0.1557602683617756,crisis,reactive,mature,0.057877842587967576,0.43245746861350765,-0.07701980726693836,0.5221718784817648,0.053008798498890584,-0.18425900685120478,
URI,2020-04-07,2021-05-12,104.295654296875,318.2017517089844,1,2.0509588712414706,2.0479588712414705,2.0479588712414705,1.0,0.16963072522590877,crisis,balanced,shake_out,-0.3144689052666819,-0.09734879421584397,-0.36444465479443466,0.9476156242511383,0.10299280625092835,-0.1912089829509258,
BIO,2020-04-08,2021-05-13,403.05999755859375,590.969970703125,1,0.4662084411321774,0.4632084411321774,0.4632084411321774,1.0,0.15653587460140572,crisis,balanced,transition,0.049198234371915506,0.3103380674932539,-0.014691885638199897,1.251923011179105,0.050848770856740826,-0.16239585085481012,
FDX,2020-04-08,2021-05-13,112.4590072631836,275.1995849609375,1,1.4471102107179217,1.4441102107179218,1.4441102107179218,1.0,0.156021729017754,crisis,balanced,declining,-0.22178997797076572,-0.3314038235129225,-0.35552951966002566,1.4437484385173909,0.06854344775320952,-0.16239585085481012,
MTZ,2020-04-08,2021-05-13,37.66999816894531,116.79000091552734,1,2.100345277208099,2.097345277208099,2.097345277208099,1.0,0.16427821323725147,crisis,balanced,transition,-0.4052731594853616,-0.253172101614644,-0.482697084223927,1.100991861719659,0.07621018058976375,-0.16239585085481012,
CVLT,2020-04-08,2021-05-13,40.77000045776367,66.31999969482422,1,0.6266862631882841,0.6236862631882841,0.6236862631882841,1.0,0.16093460237711688,crisis,balanced,declining,-0.09076716505294935,-0.35704146734156506,-0.35996860330520464,0.6164449627765453,0.05872645839808742,-0.16239585085481012,
PSX,2020-04-08,2021-05-13,49.81679916381836,69.59867858886719,1,0.3970925422164877,0.3940925422164877,0.3940925422164877,1.0,0.1794725022640963,crisis,balanced,mature,-0.3951777803363672,-0.329692691392269,-0.45840018393991233,0.6419685119471489,0.08220816626636787,-0.16239585085481012,
WMB,2020-04-09,2021-05-14,12.158537864685059,20.42868423461914,1,0.6801925085050762,0.6771925085050762,0.6771925085050762,1.0,0.1500051291858446,crisis,balanced,transition,-0.2853908124397586,-0.3807817706332882,-0.39113604101466126,0.8900064199043901,0.10192025674730115,-0.15184734844649994,
TRMB,2020-04-09,2021-05-14,34.459999084472656,76.30999755859375,1,1.2144515260007158,1.211451526000716,1.211451526000716,1.0,0.1632137466208916,crisis,reactive,mature,-0.192028186363294,-0.15331699168292912,-0.2529807438419681,0.4684950177739303,0.07417637598321851,-0.15184734844649994,
FFIV,2020-04-09,2021-05-14,125.38999938964844,181.27000427246094,1,0.4456496144414661,0.4426496144414661,0.4426496144414661,1.0,0.16060933720421636,crisis,reactive,transition,-0.07882747658271272,-0.2504632409472253,-0.2504632409472253,0.8678753901512892,0.044592970938573485,-0.15184734844649994,
RCL,2020-04-09,2021-05-14,39.31599807739258,82.37590026855469,1,1.095225971534533,1.092225971534533,1.092225971534533,1.0,0.19765405458403756,crisis,reactive,mature,-0.6937171264095644,-0.6519999030261645,-0.6992281774332176,1.6129135774220282,0.14031717308262598,-0.15184734844649994,
MOS,2020-04-09,2021-05-14,11.478962898254395,32.63740158081055,1,1.8432360893660276,1.8402360893660277,1.8402360893660277,1.0,0.21377930451324745,crisis,reactive,declining,-0.39552784925987783,-0.5144824741482927,-0.5173427654255601,1.0717274143559423,0.10937013091989133,-0.15184734844649994,
CMG,2020-04-09,2021-05-14,15.420000076293945,27.12420082092285,1,0.7590272818884385,0.7560272818884385,0.7560272818884385,1.0,0.1693601711890309,crisis,balanced,growth,-0.10876323402408916,0.0897064155633045,-0.17437675283000797,0.9851640020728173,0.07390613393934763,-0.15184734844649994,
AMCR,2020-04-09,2021-05-14,35.656280517578125,50.22590637207031,1,0.40861317117217366,0.40561317117217366,0.40561317117217366,1.0,0.21120040408317414,crisis,herd,mature,-0.1313142052471259,-0.14715100507945833,-0.1880558451573987,0.6938254706757363,0.07119809118253856,-0.15184734844649994,
NCLH,2020-04-09,2021-05-14,13.109999656677246,28.579999923706055,1,1.1800153068005272,1.1770153068005274,1.1770153068005274,1.0,0.19767384683167583,crisis,balanced,mature,-0.7721585080277698,-0.7719206722149674,-0.7802179493492631,1.4673720253173963,0.16122794533117668,-0.15184734844649994,
WSM,2020-04-13,2021-05-18,22.714860916137695,77.4383316040039,5,2.4091483936398705,2.4061483936398704,2.4061483936398704,1.0,0.15940255864212743,crisis,balanced,transition,-0.3246527378062549,-0.08470214060095582,-0.325269840982062,0.6878563338644348,0.09484166049297557,-0.16738377114565117,
TSCO,2020-04-13,2021-05-18,16.30859375,34.04300308227539,5,1.0874272548652693,1.0844272548652694,1.0844272548652694,1.0,0.1609853351467538,crisis,balanced,mature,-0.012096114969533,-0.12768030642188044,-0.19777496642071257,0.7002628146860056,0.04108319727193941,-0.16738377114565117,
TPL,2020-04-13,2021-05-18,52.96709060668945,164.41299438476562,5,2.1040593791647897,2.1010593791647896,2.1010593791647896,1.0,0.17073595443745768,crisis,reactive,growth,-0.33578876932825286,-0.41403106642846976,-0.41403106642846976,0.9292640847165209,0.09726129777027258,-0.16738377114565117,
GTLS,2020-04-13,2021-05-18,28.56999969482422,151.5399932861328,5,4.304165029920739,4.301165029920739,4.301165029920739,1.0,0.19993767151113523,crisis,balanced,shake_out,-0.6021445388364988,-0.6768830548917777,-0.6933233300586013,0.5991712768067708,0.13789453028958634,-0.16738377114565117,
PANW,2020-04-13,2021-05-18,30.49333381652832,56.68166732788086,5,0.8588215925789544,0.8558215925789544,0.8558215925789544,1.0,0.16901383058085984,crisis,balanced,transition,-0.2478828711301857,-0.2521867307478399,-0.27040710246553856,0.8113339397031746,0.034711564332349426,-0.16738377114565117,
MGM,2020-04-14,2021-05-19,15.025263786315918,39.258602142333984,1,1.6128394616331656,1.6098394616331657,1.6098394616331657,1.0,0.18281567321961065,crisis,balanced,transition,-0.5613358722090558,-0.43700456903352913,-0.5613358722090558,0.7250585538044104,0.12692529042545667,-0.1452297984678831,
FSLR,2020-04-14,2021-05-19,42.119998931884766,74.23999786376953,1,0.7625830898958068,0.7595830898958068,0.7595830898958068,1.0,0.17882499633125548,crisis,reactive,shake_out,-0.2130045109935198,-0.3006807363106804,-0.3742385907053546,0.6264926246780613,0.04801871727076875,-0.1452297984678831,
KDP,2020-04-14,2021-05-19,23.683673858642578,31.450590133666992,1,0.3279438959251726,0.3249438959251726,0.3249438959251726,1.0,0.24835034107168807,crisis,reserved,transition,-0.0001663562316593925,0.05864533165637931,-0.10895588224846764,0.5314845039555023,0.05622377141655952,-0.1452297984678831,
AVGO,2020-04-14,2021-05-19,23.36684226989746,39.96424102783203,1,0.7102970339863302,0.7072970339863301,0.7072970339863301,1.0,0.18263628694670125,crisis,balanced,transition,-0.11856239163659343,-0.11464529203985074,-0.16175195101564477,0.45889352096555613,0.070059334966943,-0.1452297984678831,
GDDY,2020-04-14,2021-05-19,63.84000015258789,80.56999969482422,1,0.26206139571191933,0.25906139571191933,0.25906139571191933,1.0,0.184784301966617,crisis,balanced,mature,-0.11407157486123942,-0.19667800211438002,-0.21908256694082096,0.464393085455641,0.06973992444366489,-0.1452297984678831,
LNTH,2020-04-14,2021-05-19,14.039999961853027,20.81999969482422,1,0.4829059651989025,0.4799059651989025,0.4799059651989025,1.0,0.15765945699625566,crisis,reactive,growth,-0.25773199670703817,-0.4439603975503752,-0.5148583378452167,1.244751902968517,0.08417499820185878,-0.1452297984678831,
PLNT,2020-04-14,2021-05-19,55.31999969482422,76.70999908447266,1,0.3866594271085959,0.3836594271085959,0.3836594271085959,1.0,0.1743711321176904,crisis,reactive,growth,-0.3063322922279095,-0.24519035333912742,-0.3716492603413002,0.7615113966651369,0.11165239971144193,-0.1452297984678831,
CAR,2020-04-15,2021-05-20,13.539029121398926,78.72589111328125,2,4.814736818081891,4.811736818081891,4.811736818081891,1.0,0.20107362279952895,crisis,reactive,transition,-0.588625857986842,-0.5935539336688496,-0.7169248977981051,0.5607923472146112,0.13306147197728893,-0.1618379738914021,
TOL,2020-04-15,2021-05-20,20.022729873657227,57.286712646484375,2,1.861084028399807,1.858084028399807,1.858084028399807,1.0,0.22988048066714772,crisis,balanced,transition,-0.5215131970337827,-0.4348747082231543,-0.5637755065998749,0.6174713562450275,0.12356856234063363,-0.1618379738914021,
DRI,2020-04-15,2021-05-20,49.30706787109375,119.79581451416016,2,1.429587069086102,1.426587069086102,1.426587069086102,1.0,0.2573550652977038,crisis,reserved,mature,-0.4867743120012096,-0.4804517934922463,-0.5319501617916726,0.6307638797432235,0.11540827679281401,-0.1618379738914021,
SYY,2020-04-15,2021-05-20,39.326114654541016,70.26950073242188,2,0.7868406617257269,0.7838406617257269,0.7838406617257269,1.0,0.21612358810414428,crisis,reactive,mature,-0.4400956210698741,-0.3246886632895548,-0.4539944856599937,0.5551594460605328,0.08765880123766372,-0.1618379738914021,
ROST,2020-04-15,2021-05-20,83.57575988769531,115.85596466064453,2,0.38623884265396624,0.38323884265396624,0.38323884265396624,1.0,0.1595101611280878,crisis,balanced,mature,-0.24590217651771895,-0.0951445153836985,-0.2825076609553856,0.4773936529777767,0.06790922180788656,-0.1618379738914021,
RBA,2020-04-15,2021-05-20,34.90986251831055,56.82912826538086,2,0.6278817550648748,0.6248817550648748,0.6248817550648748,1.0,0.156027923839519,crisis,reserved,mature,-0.10828262127605837,0.1597640402483793,-0.12984653049612593,0.9107942601224751,0.03642411350879794,-0.1618379738914021,
KBH,2020-04-15,2021-05-20,18.238201141357422,41.213226318359375,2,1.259719914202678,1.2567199142026781,1.2567199142026781,1.0,0.3044474050965378,crisis,balanced,growth,-0.47016188812928617,-0.2014041887471809,-0.5004994968465148,0.5641978092821544,0.12372501757908885,-0.1618379738914021,
OKE,2020-04-15,2021-05-20,18.345476150512695,41.229557037353516,2,1.2473963989319126,1.2443963989319127,1.2443963989319127,1.0,0.21955459461079474,crisis,balanced,mature,-0.6344341834951455,-0.5895064831794466,-0.6464138383635192,0.8204492361851953,0.1063743187673677,-0.1618379738914021,
WYNN,2020-04-15,2021-05-20,69.68539428710938,122.8150405883789,2,0.7624215496632072,0.7594215496632072,0.7594215496632072,1.0,0.222070921166401,crisis,reactive,shake_out,-0.49087961547264203,-0.486014557793653,-0.5239937024485093,0.6757186029010815,0.09079803071428322,-0.1618379738914021,
SGI,2020-04-15,2021-05-20,9.875350952148438,34.70467758178711,2,2.5142728344491814,2.5112728344491813,2.5112728344491813,1.0,0.22517205991592207,crisis,reactive,transition,-0.5291124697983329,-0.3359376237494869,-0.5657387463199126,0.5687802929360097,0.12429259828627011,-0.1618379738914021,
CHTR,2020-04-15,2021-05-20,496.32000732421875,694.7100219726562,2,0.3997219771937184,0.3967219771937184,0.3967219771937184,1.0,0.15070165822922785,crisis,balanced,mature,-0.014436325317300325,0.38617518292222464,-0.08505698628379899,0.5260857592546276,0.03900647132782326,-0.1618379738914021,
HCA,2020-04-15,2021-05-20,104.4598388671875,197.6796112060547,2,0.8923982015460394,0.8893982015460394,0.8893982015460394,1.0,0.2815751485159595,crisis,reactive,transition,-0.2539330221506003,-0.030478709174344587,-0.2727035525537732,0.6247972305263616,0.078235876575394,-0.1618379738914021,
APTV,2020-04-15,2021-05-20,60.869998931884766,137.30999755859375,2,1.2557910295389934,1.2527910295389935,1.2527910295389935,1.0,0.21127316278936262,crisis,reactive,shake_out,-0.32939766214045496,-0.3175553565773962,-0.3764069889354257,0.5369354445948943,0.07787652527939044,-0.1618379738914021,
WH,2020-04-15,2021-05-20,30.10824966430664,68.23477935791016,2,1.2663150504827438,1.263315050482744,1.263315050482744,1.0,0.15087949407752313,crisis,balanced,insufficient_data,-0.44621462676779766,-0.3779946828443118,-0.4710919512423618,0.5904666123733993,0.08259226961551583,-0.1618379738914021,
WCC,2020-04-16,2021-05-21,21.9868221282959,100.83277893066406,3,3.586055153504767,3.583055153504767,3.583055153504767,1.0,0.17166550197519886,crisis,balanced,transition,-0.5876251414926036,-0.5986539406809728,-0.6222704092415967,0.9472205323027499,0.07697666362323916,-0.15720627716470992,
AIT,2020-04-16,2021-05-21,42.45957565307617,92.6346664428711,3,1.1817143722716352,1.1787143722716353,1.1787143722716353,1.0,0.20622484733863722,crisis,balanced,mature,-0.31011030774452497,-0.25696619869085335,-0.3512624957699989,1.0912871544473943,0.06558152843477398,-0.15720627716470992,
VMC,2020-04-16,2021-05-21,100.99137878417969,177.24952697753906,3,0.7550956241158402,0.7520956241158402,0.7520956241158402,1.0,0.21770188137848934,crisis,balanced,mature,-0.24835473959578425,-0.12173328194407962,-0.2959795368757676,0.8198691606272805,0.04961048701150626,-0.15720627716470992,
AVT,2020-04-16,2021-05-21,23.51568031311035,39.295387268066406,3,0.6710291492676326,0.6680291492676326,0.6680291492676326,1.0,0.15166111258549422,crisis,balanced,transition,-0.3343644062534924,-0.39751606731133005,-0.42366771480796184,0.987079688628521,0.0482666820537576,-0.15720627716470992,
BWA,2020-04-16,2021-05-21,20.969219207763672,41.37676239013672,3,0.9732142613501475,0.9702142613501475,0.9702142613501475,1.0,0.15220173380097107,crisis,balanced,transition,-0.34982418378138114,-0.38940734705484104,-0.43207126143408914,0.7885485796100239,0.052782351728240993,-0.15720627716470992,
CACI,2020-04-16,2021-05-21,236.42999267578125,257.0400085449219,3,0.08717174854124088,0.08417174854124088,0.08417174854124088,1.0,0.17635470333907682,crisis,reactive,transition,-0.12293657954528736,0.2691502560346102,-0.1764030144439448,0.8773474178403756,0.04187870313767535,-0.15720627716470992,
CLH,2020-04-16,2021-05-21,49.869998931884766,93.70999908447266,3,0.8790856445067707,0.8760856445067707,0.8760856445067707,1.0,0.29434891141336017,crisis,reactive,mature,-0.42473183149819516,-0.3090884078548728,-0.4356682428210784,0.7345075554455581,0.06748208942245801,-0.15720627716470992,
CHH,2020-04-16,2021-05-21,67.85899353027344,112.8115463256836,3,0.6624406059803378,0.6594406059803378,0.6594406059803378,1.0,0.15736571687812398,crisis,balanced,mature,-0.28205498682994645,-0.11913705991460954,-0.3417566405367416,0.5574404122825853,0.07172844384195354,-0.15720627716470992,
CRH,2020-04-16,2021-05-21,22.940832138061523,44.49272537231445,3,0.9394556005880805,0.9364556005880805,0.9364556005880805,1.0,0.19915134360067235,crisis,balanced,mature,-0.28650638671420126,-0.1767412415327082,-0.3293090361359787,0.7986549678056777,0.05606808701154598,-0.15720627716470992,
CVX,2020-04-16,2021-05-21,61.32362747192383,85.5845947265625,3,0.3956218549815276,0.3926218549815276,0.3926218549815276,1.0,0.17631068128975902,crisis,balanced,transition,-0.28321583283178964,-0.3067702407507964,-0.3475390611143351,0.6396223013112832,0.07570020548297993,-0.15720627716470992,
THO,2020-04-16,2021-05-21,44.065494537353516,107.61833953857422,3,1.4422360549556097,1.4392360549556098,1.4392360549556098,1.0,0.16759984883398954,crisis,balanced,transition,-0.3911636198771249,-0.2817422203386216,-0.4313195939668458,0.7637044880671173,0.07850868690420844,-0.15720627716470992,
TECH,2020-04-16,2021-05-21,51.65083312988281,100.25421905517578,3,0.9409990697163271,0.9379990697163271,0.9379990697163271,1.0,0.15792855376232434,crisis,balanced,transition,-0.03134129047793943,0.13043897158439544,-0.04403348576600774,1.4641599681126685,0.0293617179478619,-0.15720627716470992,
TDY,2020-04-16,2021-05-21,305.7699890136719,406.239990234375,3,0.3285803212564815,0.3255803212564815,0.3255803212564815,1.0,0.2615627827841098,crisis,balanced,transition,-0.18543879525728002,0.21597860832638593,-0.2240521978681529,1.0786244934714093,0.052562796712072424,-0.15720627716470992,
EA,2020-04-16,2021-05-21,114.71935272216797,136.50811767578125,3,0.18993103113458298,0.18693103113458298,0.18693103113458298,1.0,0.18389153876095174,crisis,reactive,shake_out,0.04430090294051037,0.28439361934665675,0.0,0.8926721884189738,0.041616117596143455,-0.15720627716470992,
SPGI,2020-04-16,2021-05-21,261.1902160644531,362.1295471191406,3,0.386459081720653,0.383459081720653,0.383459081720653,1.0,0.17040415184867402,crisis,balanced,transition,-0.07476369595898058,0.28662626248048806,-0.11561965453838663,0.5065850855520541,0.05247084695532504,-0.15720627716470992,
PTC,2020-04-16,2021-05-21,65.69999694824219,130.77000427246094,3,0.9904111163883351,0.9874111163883351,0.9874111163883351,1.0,0.17610270506396963,crisis,balanced,shake_out,-0.17823640455202427,-0.31726078503240174,-0.3551869924251172,0.9995811926472357,0.04692307354450279,-0.15720627716470992,
HIG,2020-04-16,2021-05-21,32.82243347167969,59.1245231628418,3,0.801344900702029,0.798344900702029,0.798344900702029,1.0,0.20490508584528644,crisis,balanced,mature,-0.37135998921020974,-0.24381554388006943,-0.39547706155420825,0.9014794671771627,0.054882764262808366,-0.15720627716470992,
PAG,2020-04-16,2021-05-21,26.252277374267578,76.67352294921875,3,1.9206427258144836,1.9176427258144837,1.9176427258144837,1.0,0.16131096166354103,crisis,balanced,transition,-0.37262306771835474,-0.32279014267124206,-0.4378142592359774,0.8034692525447208,0.07784130705738011,-0.15720627716470992,
LAD,2020-04-16,2021-05-21,84.9561767578125,346.9402770996094,3,3.0837557707975014,3.0807557707975013,3.0807557707975013,1.0,0.1851605767078358,crisis,reactive,shake_out,-0.3751066379448027,-0.09186167534486478,-0.45875392104597,1.2086602313062385,0.0684440863155384,-0.15720627716470992,
LOW,2020-04-16,2021-05-21,82.45182800292969,175.055419921875,3,1.1231235760552805,1.1201235760552806,1.1201235760552806,1.0,0.15314020894451044,crisis,reactive,mature,-0.2417358804686014,-0.19554557631151637,-0.2696532748576188,1.1341284840146595,0.05106602615760788,-0.15720627716470992,
NDSN,2020-04-16,2021-05-21,137.01515197753906,190.626953125,3,0.3912837403285845,0.3882837403285845,0.3882837403285845,1.0,0.15089981158809743,crisis,balanced,mature,-0.13932515128670986,0.023534712815155956,-0.1798648681479852,1.0521824465588598,0.06896468994039996,-0.15720627716470992,
MANH,2020-04-16,2021-05-21,55.86000061035156,132.3699951171875,3,1.3696740721599219,1.366674072159922,1.366674072159922,1.0,0.250028209251957,crisis,balanced,transition,-0.34712479892139836,-0.021202016662747458,-0.37228899931130544,0.5397048352012798,0.06715793383659803,-0.15720627716470992,
MOG-A,2020-04-16,2021-05-21,48.605682373046875,82.84664154052734,3,0.7044641180980102,0.7014641180980102,0.7014641180980102,1.0,0.2252065468623754,crisis,balanced,mature,-0.4337224368468616,-0.4425808813422414,-0.4670949194859494,0.756592629564928,0.07280278841657295,-0.15720627716470992,
YUM,2020-04-16,2021-05-21,71.59547424316406,109.07897186279297,3,0.523545629327371,0.520545629327371,0.520545629327371,1.0,0.15451774917350236,crisis,reactive,mature,-0.24435121214956623,-0.19756129199636785,-0.32207783313693383,0.6378424944748675,0.07380778710525061,-0.15720627716470992,
AFL,2020-04-16,2021-05-21,30.350053787231445,50.22417068481445,3,0.6548297092621376,0.6518297092621376,0.6518297092621376,1.0,0.15890036608380448,crisis,balanced,mature,-0.3293970385894359,-0.27059417339651604,-0.3744963829513237,0.48442859980272746,0.07712996174252983,-0.15720627716470992,
CRL,2020-04-16,2021-05-21,139.55999755859375,327.2300109863281,3,1.344726402341343,1.341726402341343,1.341726402341343,1.0,0.17453846869918405,crisis,balanced,transition,-0.12132471227292552,0.04539324013927892,-0.21744981258058693,0.5976059760597606,0.05182084607009326,-0.15720627716470992,
NXPI,2020-04-16,2021-05-21,80.41727447509766,182.73831176757812,3,1.2723763390434928,1.269376339043493,1.269376339043493,1.0,0.16937566997512027,crisis,balanced,transition,-0.33619707272971044,-0.10850416642209382,-0.3555813094575261,0.8503039546140011,0.06496927130131973,-0.15720627716470992,
TRGP,2020-04-16,2021-05-21,6.781339168548584,34.95513916015625,3,4.1546071198261165,4.151607119826116,4.151607119826116,1.0,0.3072595872184665,crisis,balanced,transition,-0.8000463444282137,-0.7859677197490036,-0.8139525802292679,0.4772851242889426,0.08344960158814836,-0.15720627716470992,
KMI,2020-04-16,2021-05-21,9.855777740478516,14.331212043762207,3,0.4540924543075584,0.4510924543075584,0.4510924543075584,1.0,0.19168878124774602,crisis,balanced,transition,-0.31886322846295956,-0.24764011471914815,-0.3655575525214443,0.6781771289908654,0.06637264187486051,-0.15720627716470992,
BURL,2020-04-16,2021-05-21,175.50999450683594,322.6700134277344,3,0.8384708764557947,0.8354708764557947,0.8354708764557947,1.0,0.21062719196466648,crisis,reserved,growth,-0.22744079511740223,0.0772110869487852,-0.2925551328244733,0.6428337916578527,0.0634927528818424,-0.15720627716470992,
HGV,2020-04-16,2021-05-21,17.420000076293945,45.11000061035156,3,1.5895522625019751,1.5865522625019752,1.5865522625019752,1.0,0.29993684662964887,crisis,reactive,insufficient_data,-0.487948270373449,-0.46841623945821753,-0.5144927659499366,1.3346955758701804,0.0848407040484858,-0.15720627716470992,
ALL,2020-04-17,2021-05-24,90.79315948486328,121.63768768310547,3,0.3397230405158935,0.3367230405158935,0.3367230405158935,1.0,0.1560588116549643,crisis,reactive,mature,-0.1075923305877442,0.10611733648264554,-0.16032522856123388,1.4144632500048733,0.04445501242168991,-0.1356110511891131,
BA,2020-04-17,2021-05-24,154.0,237.44000244140625,3,0.5418181976714691,0.5388181976714691,0.5388181976714691,1.0,0.23645644965495333,crisis,balanced,transition,-0.5125200533668066,-0.5850937464105679,-0.5972490544322963,1.160521525162938,0.11146615834388986,-0.1356110511891131,
IQV,2020-04-17,2021-05-24,131.57000732421875,242.5800018310547,3,0.843733285149721,0.840733285149721,0.840733285149721,1.0,0.16077244373091182,crisis,reactive,transition,-0.18233792598439624,-0.010826157748192178,-0.20793446005189142,0.6822975842084122,0.06466836455098089,-0.1356110511891131,
SAIC,2020-04-20,2021-05-25,73.76499938964844,82.88201141357422,4,0.12359536500186286,0.12059536500186285,0.12059536500186285,1.0,0.1647125945695108,crisis,reactive,transition,-0.09657792843544744,0.11439684823116414,-0.15605293079329674,1.0733257520290373,0.057168636615179284,-0.14332100210064347,
WHR,2020-04-21,2021-05-26,73.6673583984375,184.9072723388672,5,1.5100299014222438,1.507029901422244,1.507029901422244,1.0,0.16296809648417027,crisis,reactive,transition,-0.33181122803283103,-0.27351867104343364,-0.38429416162299934,0.601259860579798,0.04730662672971471,-0.15632789268147873,
VLO,2020-04-21,2021-05-26,38.92760467529297,67.36429595947266,5,0.7305019541114541,0.7275019541114541,0.7275019541114541,1.0,0.19509371641954565,crisis,balanced,shake_out,-0.4117445433840098,-0.4283232543605273,-0.5021627539157594,0.8384032518169969,0.07806752849862189,-0.15632789268147873,
SYK,2020-04-21,2021-05-26,167.9859619140625,239.71485900878906,5,0.4269934003855709,0.4239934003855709,0.4239934003855709,1.0,0.15728382093649643,crisis,balanced,mature,-0.1632878475984041,-0.03215231911507277,-0.2023171009516147,0.7197406024557469,0.056882646569517414,-0.15632789268147873,
JNJ,2020-04-21,2021-05-26,126.55712890625,147.7333984375,5,0.16732577385614356,0.16432577385614355,0.16432577385614355,1.0,0.15024105964197543,crisis,balanced,mature,0.012668663177656247,0.09978801291043404,-0.02179045278196634,0.7706849896453073,0.03008736789556305,-0.15632789268147873,
NDAQ,2020-04-21,2021-05-26,32.29954147338867,51.535743713378906,5,0.5955565114086461,0.5925565114086461,0.5925565114086461,1.0,0.16424608804390944,crisis,balanced,mature,-0.03652281034221627,0.19677203054032422,-0.1087006294158348,0.8491980672939484,0.03904387090103512,-0.15632789268147873,
ORLY,2020-04-22,2021-05-27,24.55066680908203,35.27333450317383,6,0.4367566786465107,0.4337566786465107,0.4337566786465107,1.0,0.15041185789826225,crisis,reserved,mature,-0.13970001298642187,-0.0717148159107528,-0.1814443367942158,1.0055008831693162,0.04635774867436874,-0.14557234300973976,
LMT,2020-04-22,2021-05-27,323.59210205078125,338.4674072265625,6,0.04596930852609882,0.042969308526098815,0.042969308526098815,1.0,0.1545317661549761,crisis,balanced,mature,-0.12439415081691274,0.18095874310436932,-0.12972916585789396,0.6076969492426799,0.035827549569488526,-0.14557234300973976,
FCX,2020-04-27,2021-06-01,8.244140625,41.27521514892578,5,4.006612214226487,4.003612214226487,4.003612214226487,1.0,0.1809041844269715,crisis,reactive,transition,-0.2027026516019671,-0.27810995689757756,-0.34347179352500923,0.7681287063121246,0.0594938686498948,-0.1075919656244867,
BC,2020-04-28,2021-06-02,41.26491928100586,89.78162384033203,1,1.1757372946481999,1.1727372946482,1.1727372946482,1.0,0.1716234872435023,crisis,reactive,transition,-0.252002162118655,-0.0787190582032734,-0.2920410376429272,0.7026658467922413,0.07590447477816888,-0.11866406023155529,
BBY,2020-04-28,2021-06-02,60.670318603515625,94.75018310546875,1,0.5617221944171285,0.5587221944171284,0.5587221944171284,1.0,0.16796769515069057,crisis,balanced,growth,-0.08158636195857905,0.07456635229465802,-0.1482218891736654,1.1496273077533048,0.0447679278926478,-0.11866406023155529,
CAG,2020-04-28,2021-06-02,26.568500518798828,30.896411895751953,1,0.1628963356020361,0.1598963356020361,0.1598963356020361,1.0,0.17342687985426303,crisis,reactive,transition,0.05069833739106189,0.14882474614516727,-0.006744163112612944,0.7882615758654632,0.01921295451214503,-0.11866406023155529,
THC,2020-04-28,2021-06-02,19.489999771118164,67.30000305175781,1,2.453053044745969,2.4500530447459687,2.4500530447459687,1.0,0.15955677110980987,crisis,reactive,growth,-0.3913179421459828,-0.11004565704982627,-0.4970322639711442,0.7719351829412019,0.10343523595129803,-0.11866406023155529,
DHI,2020-04-28,2021-06-02,44.122222900390625,88.58901977539062,1,1.007809533426892,1.004809533426892,1.004809533426892,1.0,0.16227549806319524,crisis,balanced,transition,-0.19874163714636606,0.07263225934488649,-0.24367446390320602,1.2972691433856876,0.05462979333288147,-0.11866406023155529,
BKR,2020-04-29,2021-06-03,12.549659729003906,23.02058982849121,2,0.8343596819033758,0.8313596819033758,0.8313596819033758,1.0,0.1545765132045759,crisis,reserved,transition,-0.30502120383535447,-0.3507804139941202,-0.4176971622317309,0.8308247710505002,0.03797599004220766,-0.108588414139143,
COF,2020-04-29,2021-06-03,62.921661376953125,152.3402862548828,2,1.4211103604248096,1.4181103604248098,1.4181103604248098,1.0,0.1502454473108887,crisis,balanced,mature,-0.31149903669765366,-0.23382640781796815,-0.3441311586902104,2.129146187971688,0.06434172368630753,-0.108588414139143,
IFF,2020-04-29,2021-06-03,113.66827392578125,124.79253387451172,2,0.09786600574223514,0.09486600574223514,0.09486600574223514,1.0,0.1542196749659707,crisis,balanced,transition,-0.04066183243438681,-0.00885751230069598,-0.1022068134099331,0.764035480788438,0.038245325938263325,-0.108588414139143,
IDCC,2020-04-29,2021-06-03,54.58876419067383,76.0877456665039,2,0.39383528450536076,0.39083528450536076,0.39083528450536076,1.0,0.16870306665219792,crisis,reactive,declining,0.09934730340608189,-0.052935007186979854,-0.1422241305065044,1.5444000465531287,0.044847140900942155,-0.108588414139143,
MAR,2020-04-29,2021-06-03,92.3943099975586,135.14073181152344,2,0.4626521028740229,0.4596521028740229,0.4596521028740229,1.0,0.1723212253973601,crisis,balanced,mature,-0.346167684139294,-0.2982846711014415,-0.3706336150460382,1.1055148230793752,0.06796697885126073,-0.108588414139143,
PSKY,2020-04-29,2021-06-03,16.378934860229492,36.881465911865234,2,1.25176217053155,1.2487621705315501,1.2487621705315501,1.0,0.15104373611239774,crisis,balanced,declining,-0.42577774930646883,-0.6178639739627282,-0.636217272268058,1.2185370748303406,0.05207759726009545,-0.108588414139143,
ST,2020-04-29,2021-06-03,36.326446533203125,56.62904357910156,2,0.5588930100097032,0.5558930100097031,0.5558930100097031,1.0,0.15036744803364738,crisis,balanced,mature,-0.21018971351300508,-0.23404709856356287,-0.2935426778708592,1.7848305425699709,0.04275079785391449,-0.108588414139143,
CPAY,2020-04-29,2021-06-03,247.9499969482422,277.2900085449219,2,0.11833035675658521,0.1153303567565852,0.1153303567565852,1.0,0.1507595623786709,crisis,reactive,transition,-0.2345568408158697,-0.03734910937773617,-0.24600884188461192,1.2201435110231655,0.04178203949932207,-0.108588414139143,
BLD,2020-04-29,2021-06-03,101.23999786376953,192.64999389648438,2,0.902903970382515,0.899903970382515,0.899903970382515,1.0,0.20296531885398866,crisis,reactive,growth,-0.09607144764491493,0.421910143301895,-0.1824275509428276,1.6900885991068753,0.06792859476819484,-0.108588414139143,
CCL,2020-04-30,2021-06-04,15.826839447021484,30.399478912353516,1,0.9207548679641477,0.9177548679641477,0.9177548679641477,1.0,0.33183064301104187,crisis,reactive,transition,-0.6355783151007324,-0.6943001485796515,-0.6990091828471745,0.921131496565607,0.07538906720036682,-0.12662646818299295,
FBIN,2020-05-01,2021-06-07,40.370872497558594,81.2725601196289,3,1.0131484679837874,1.0101484679837875,1.0101484679837875,1.0,0.17717253323038373,crisis,balanced,transition,-0.27744810869689596,-0.058528692149745654,-0.291802068011074,1.6858837325433296,0.0621107769343186,-0.15394618410332805,
HRB,2020-05-04,2021-06-08,13.125926971435547,21.79331398010254,1,0.6603257070932083,0.6573257070932083,0.6573257070932083,1.0,0.18079733398028058,crisis,reserved,transition,-0.24924168868544094,-0.35945437283592097,-0.4157482840524337,0.8285180878222553,0.03741050671054893,-0.14573685098640532,
KNX,2020-05-04,2021-06-08,35.52603530883789,44.85894012451172,1,0.2627060614712631,0.25970606147126307,0.25970606147126307,1.0,0.15426342600922444,crisis,reactive,transition,-0.002758201226188417,0.14654009211778818,-0.045647619523888405,0.7803173969458029,0.02585621123897081,-0.14573685098640532,
MTN,2020-05-04,2021-06-08,139.24749755859375,267.86572265625,1,0.923666330474163,0.920666330474163,0.920666330474163,1.0,0.1642219297149915,crisis,balanced,mature,-0.2718536099032819,-0.2277833114407879,-0.3258114388421337,0.6465092108472706,0.0461595802452549,-0.14573685098640532,
META,2020-05-04,2021-06-08,203.66175842285156,331.08184814453125,1,0.6256456327806248,0.6226456327806248,0.6226456327806248,1.0,0.1617910124258752,crisis,balanced,shake_out,-0.03329724270653189,0.058696053084015265,-0.08049993355465246,0.733886021542679,0.028568716398177325,-0.14573685098640532,
HLT,2020-05-04,2021-06-08,70.49251556396484,126.1974868774414,1,0.7902253291405088,0.7872253291405088,0.7872253291405088,1.0,0.1516265203443551,crisis,balanced,transition,-0.3547491288731415,-0.22147542939534304,-0.37219454125046114,0.8931385962796462,0.03824600262221759,-0.14573685098640532,
SYF,2020-05-04,2021-06-08,16.07563591003418,45.627662658691406,1,1.838311523975937,1.835311523975937,1.835311523975937,1.0,0.15493685150904143,crisis,balanced,transition,-0.438469788645238,-0.4460273784602736,-0.5031607375769596,0.7107947107051175,0.05824956918376602,-0.14573685098640532,
PEGA,2020-05-05,2021-06-09,42.280784606933594,62.97323226928711,1,0.48940547945650414,0.48640547945650414,0.48640547945650414,1.0,0.15637987159222108,crisis,reactive,transition,-0.04481824436869852,0.17500897133149396,-0.15979660439284538,1.1188049642475548,0.03624515148340545,-0.144283158806368,
RVTY,2020-05-06,2021-06-10,91.96295166015625,144.39613342285156,1,0.5701554899679502,0.5671554899679502,0.5671554899679502,1.0,0.16442018683992835,crisis,balanced,mature,-0.026257385306156067,0.002424026705209803,-0.08181215712024426,1.5270556805259683,0.020914613788051904,-0.15168790950040945,
RMBS,2020-05-06,2021-06-10,15.270000457763672,19.579999923706055,1,0.28225273979943233,0.2792527397994323,0.2792527397994323,1.0,0.17765751157515614,crisis,reactive,transition,-0.07622505605216234,0.3152455563580878,-0.09161207954222728,2.369736225385836,0.04354727214864242,-0.15168790950040945,
APPF,2020-05-08,2021-06-14,125.36000061035156,141.83999633789062,3,0.1314613564717726,0.1284613564717726,0.1284613564717726,1.0,0.18050972897408013,crisis,balanced,growth,-0.09027577769162876,0.3115714397237135,-0.13485158115390994,0.7632670232586093,0.03976255794410688,-0.1316383516871401,
SNX,2020-05-13,2021-06-17,42.896881103515625,112.23295593261719,1,1.6163430311351727,1.6133430311351729,1.6133430311351729,1.0,0.19629520580946141,crisis,reactive,transition,-0.3606989334483699,-0.07164281055170052,-0.38678921183167514,1.8442518014557958,0.04458386396715499,-0.16719575880320148,
NWSA,2020-05-13,2021-06-17,10.037341117858887,24.37563133239746,1,1.4284948619537543,1.4254948619537544,1.4254948619537544,1.0,0.17805490386562428,crisis,balanced,mature,-0.2665517948580719,-0.06734902119593844,-0.281309337270356,1.419657183607977,0.0456972188411629,-0.16719575880320148,
NWS,2020-05-13,2021-06-17,10.356443405151367,23.175697326660156,1,1.2378046613118556,1.2348046613118557,1.2348046613118557,1.0,0.18811718362209703,crisis,balanced,mature,-0.26676432773011083,-0.05281142147305529,-0.2763805802046121,1.2766457417167412,0.04813556151150343,-0.16719575880320148,
CTAS,2020-05-14,2021-06-18,53.92426300048828,84.91433715820312,2,0.5746962950135124,0.5716962950135124,0.5716962950135124,1.0,0.17523602498943397,crisis,reactive,transition,-0.23174362008360216,0.032239479128033155,-0.2483074860500606,2.8793849226641317,0.047194888390716054,-0.15437132466028547,
PH,2020-05-14,2021-06-18,139.89462280273438,264.0518493652344,2,0.8875053527795296,0.8845053527795296,0.8845053527795296,1.0,0.1650357395412755,crisis,balanced,mature,-0.2942126979965033,-0.09067498245200944,-0.2942126979965033,0.9631136746734091,0.031658383884118096,-0.15437132466028547,
MIDD,2020-05-14,2021-06-18,59.56999969482422,161.0,2,1.7027027165485884,1.6997027165485885,1.6997027165485885,1.0,0.18734258484919264,crisis,reserved,declining,-0.4681724974670288,-0.5689580245277863,-0.5809651226767538,0.8749977898142854,0.0513025755787027,-0.15437132466028547,
AMP,2020-05-14,2021-06-18,110.83757781982422,220.55841064453125,2,0.989924491160096,0.986924491160096,0.986924491160096,1.0,0.16181863427007775,crisis,balanced,shake_out,-0.3178279230835259,-0.1382422772698093,-0.3178279230835259,1.4116655656181565,0.04352905977548988,-0.15437132466028547,
CFG,2020-05-14,2021-06-18,15.702569961547852,36.20391082763672,2,1.3056041728387235,1.3026041728387237,1.3026041728387237,1.0,0.16412188455301502,crisis,reactive,transition,-0.4712079014337631,-0.3921285717850962,-0.49305997496171006,1.17426455143272,0.04108979451903611,-0.15437132466028547,
NYT,2020-05-15,2021-06-21,34.747005462646484,40.02311325073242,3,0.15184352486886477,0.14884352486886476,0.14884352486886476,1.0,0.15355983525473793,crisis,reserved,transition,-0.060141840517586975,0.07540943619723306,-0.07104013670990594,1.3831836557506036,0.02089975475963277,-0.14202682909988018,
ARW,2020-05-18,2021-06-22,65.94000244140625,111.7699966430664,1,0.6950256673463777,0.6920256673463777,0.6920256673463777,1.0,0.17179662612869295,crisis,balanced,mature,-0.12138574603479901,-0.011838766308787552,-0.23137892833998552,1.2047818460721937,0.031185430986510394,-0.08431161308217627,
CPRT,2020-05-18,2021-06-22,20.9950008392334,32.88249969482422,1,0.5662061624392332,0.5632061624392332,0.5632061624392332,1.0,0.15998832129171048,crisis,balanced,transition,-0.09475038917973022,0.28488376029227025,-0.19636360423986987,0.985807716404005,0.029964193439009777,-0.08431161308217627,
FLEX,2020-05-18,2021-06-22,7.709117889404297,12.901281356811523,1,0.6735094133848352,0.6705094133848352,0.6705094133848352,1.0,0.2243240742031593,crisis,reactive,transition,-0.19701733253786002,0.03752527842850961,-0.25976849485392517,1.2344065317347306,0.046846643672851296,-0.08431161308217627,
PFG,2020-05-18,2021-06-22,29.293373107910156,52.0575065612793,1,0.7771086439759336,0.7741086439759336,0.7741086439759336,1.0,0.1565841022742798,crisis,reactive,transition,-0.28058740315342745,-0.3007114472468505,-0.37397646571218734,0.8097033115012042,0.04613605020891327,-0.08431161308217627,
LYV,2020-05-18,2021-06-22,46.150001525878906,91.5199966430664,1,0.9830984532415667,0.9800984532415667,0.9800984532415667,1.0,0.2036030300935372,crisis,reactive,transition,-0.32390858362742714,-0.2671113128277053,-0.39340167698259454,1.5247473815853825,0.06114133326903578,-0.08431161308217627,
TNL,2020-05-18,2021-06-22,22.018247604370117,49.56167221069336,1,1.2509362734596783,1.2479362734596784,1.2479362734596784,1.0,0.17711698386533004,crisis,balanced,shake_out,-0.37724798696309714,-0.32314998932298833,-0.46543774043116715,0.9910310768223756,0.06688930138423894,-0.08431161308217627,
LEA,2020-05-18,2021-06-22,91.22119140625,157.1356658935547,1,0.7225785310537896,0.7195785310537895,0.7195785310537895,1.0,0.16793504057081843,crisis,balanced,transition,-0.08463446338371416,-0.1963552375715466,-0.269026352063956,1.1194696915762912,0.04401949484850881,-0.08431161308217627,
POOL,2020-05-19,2021-06-23,213.9653778076172,428.08819580078125,2,1.0007358208470927,0.9977358208470927,0.9977358208470927,1.0,0.16083041687321026,crisis,reactive,transition,0.05838772290212968,0.2588500328079071,-0.02453433602880084,0.5613220029992061,0.027673028181262552,-0.0656190032301196,
CRS,2020-05-20,2021-06-24,20.344905853271484,39.08647537231445,3,0.9211922460692685,0.9181922460692685,0.9181922460692685,1.0,0.15907350806248766,crisis,balanced,shake_out,-0.4442326144986303,-0.4934009457955697,-0.5924030048470255,0.8951075842058346,0.06529017046209239,-0.046457532640909904,
LVS,2020-05-20,2021-06-24,47.65498733520508,49.317264556884766,3,0.034881495403350504,0.0318814954033505,0.0318814954033505,1.0,0.15190876765547226,crisis,reactive,mature,-0.13504278060981623,-0.0929854658047593,-0.3090619003535643,0.7873573055155364,0.04254558628612583,-0.046457532640909904,
OC,2020-05-20,2021-06-24,40.98846435546875,88.73284912109375,3,1.1648249212648256,1.1618249212648257,1.1618249212648257,1.0,0.16147013609228253,crisis,balanced,transition,-0.19712968977327572,-0.05812449235016737,-0.3314464294702949,0.6831592565712663,0.04974125890917141,-0.046457532640909904,
PII,2020-05-21,2021-06-25,68.99976348876953,114.49449157714844,4,0.6593461453789429,0.6563461453789429,0.6563461453789429,1.0,0.2365340645077334,crisis,balanced,shake_out,0.003624904453000566,-0.011945664499028119,-0.18778775966792105,0.604985918431209,0.04910976499303666,-0.010155232345280485,
MSA,2020-05-21,2021-06-25,110.42718505859375,155.29336547851562,4,0.4062965147224884,0.4032965147224884,0.4032965147224884,1.0,0.15093157254687206,crisis,balanced,mature,-0.04051346166339409,0.1630477693799015,-0.15855610745246862,0.4869877988574653,0.03548581097442824,-0.010155232345280485,
LULU,2020-05-21,2021-06-25,267.5299987792969,363.69000244140625,4,0.3594363402267948,0.3564363402267948,0.3564363402267948,1.0,0.18259602675976028,crisis,reactive,growth,0.21218850239511822,0.5718566602598281,0.0,1.0904946542606115,0.03147913206930998,-0.010155232345280485,
AJG,2020-05-22,2021-06-28,85.034912109375,133.9532470703125,7,0.5752735405666904,0.5722735405666904,0.5722735405666904,1.0,0.15024743447263525,crisis,balanced,transition,-0.06156909489128903,0.10121516370969252,-0.16189431188488235,0.6292904578818594,0.022371106655574187,0.00041634694807690664,
EG,2020-05-22,2021-06-28,181.7333526611328,229.8223419189453,7,0.26461289880829475,0.26161289880829475,0.26161289880829475,1.0,0.15069022255392833,crisis,reserved,mature,-0.16472891104918352,-0.15701138331626607,-0.2904004129592661,0.7518496300739852,0.0395524669832329,0.00041634694807690664,
TDG,2020-05-22,2021-06-28,316.49853515625,545.4779052734375,7,0.7234768717148856,0.7204768717148856,0.7204768717148856,1.0,0.18731693034853655,crisis,balanced,transition,-0.3173303366413981,-0.04367431814579292,-0.42121512063208455,0.7675637232208155,0.053539798919311446,0.00041634694807690664,
ALK,2020-05-26,2021-06-30,35.029998779296875,60.310001373291016,1,0.7216672416481758,0.7186672416481757,0.7186672416481757,1.0,0.2092103112947502,crisis,balanced,transition,-0.29982011525067664,-0.40697391245608683,-0.5076523516373692,1.3785950334059724,0.0625165715622848,-0.03186169364733327,
BKNG,2020-05-26,2021-06-30,68.59495544433594,85.91853332519531,1,0.25254886119019737,0.24954886119019737,0.24954886119019737,1.0,0.1872675778140223,crisis,reactive,mature,0.010370059376762608,0.03624963593616348,-0.1629165608000731,1.7618108070443093,0.039749607817768914,-0.03186169364733327,
HXL,2020-05-26,2021-06-30,33.39129638671875,60.13323211669922,1,0.8008654536880144,0.7978654536880144,0.7978654536880144,1.0,0.16817671477040758,crisis,balanced,mature,-0.4836833415814281,-0.526138237939092,-0.592072684303491,0.8568692639574793,0.05939179677376744,-0.03186169364733327,
WWD,2020-05-26,2021-06-30,65.54434967041016,119.28162384033203,1,0.8198612762219752,0.8168612762219752,0.8168612762219752,1.0,0.16818148496076366,crisis,reactive,mature,-0.3600606014829024,-0.37690770149200037,-0.46739063519543467,1.280604933378053,0.05455835101268849,-0.03186169364733327,
XPO,2020-05-26,2021-06-30,27.986501693725586,48.381507873535156,1,0.7287443926720578,0.7257443926720578,0.7257443926720578,1.0,0.15164122481303505,crisis,reactive,shake_out,0.06487699727208951,0.5314157065173262,-0.18353342430046615,1.1812994237684984,0.0419545112159586,-0.03186169364733327,
UAL,2020-05-26,2021-06-30,29.540000915527344,52.290000915527344,1,0.7701421562259241,0.7671421562259241,0.7671421562259241,1.0,0.1718589112928117,crisis,reactive,mature,-0.5177929852286025,-0.6302878554268914,-0.6899664011966171,1.5975571440859435,0.08761764617446184,-0.03186169364733327,
GM,2020-05-26,2021-06-30,26.37394905090332,56.95425796508789,1,1.15948919349024,1.1564891934902402,1.1564891934902402,1.0,0.16067435582626421,crisis,balanced,mature,-0.11730568675436825,-0.1788647389899941,-0.3074083598181051,1.0493127795069694,0.04521682134014957,-0.03186169364733327,
DKS,2020-05-27,2021-07-01,30.57832145690918,87.4803695678711,2,1.860862382232066,1.8578623822320661,1.8578623822320661,1.0,0.16583695229791645,crisis,balanced,transition,0.05627679301764865,0.12660087316617297,-0.24935835258806216,1.1440868016621595,0.04619701965121765,0.010907668501302759,
TREX,2020-05-28,2021-07-02,59.880001068115234,101.31999969482422,3,0.6920507329244998,0.6890507329244998,0.6890507329244998,1.0,0.15040950288442395,crisis,balanced,growth,0.09469835892004874,0.9827814422308956,-0.06437498331069946,1.093267180223702,0.04020527229039399,-0.032072295298671616,
DLTR,2020-05-28,2021-07-02,97.63999938964844,99.44999694824219,3,0.018537459749161433,0.015537459749161434,0.015537459749161434,1.0,0.17143194150388547,crisis,reserved,mature,0.23735895144220787,-0.0068151580264864675,-0.17561636797540459,4.76369646247978,0.03292220937435829,-0.032072295298671616,
BWXT,2020-05-28,2021-07-02,59.02280044555664,55.343711853027344,3,-0.0623333451607897,-0.0653333451607897,-0.0653333451607897,1.0,0.15516714640041768,crisis,balanced,shake_out,0.16349106432039484,0.3673441847936745,-0.09537476544600954,2.1898217197976053,0.03467733326467355,-0.032072295298671616,
KTOS,2020-05-29,2021-07-06,18.549999237060547,28.239999771118164,4,0.5223720179296949,0.5193720179296949,0.5193720179296949,1.0,0.17095856823770988,crisis,reactive,growth,0.15217383835659049,-0.15873016422229047,-0.24746452234766536,1.2830586194076095,0.045914115982824515,0.00673628365053669,
AXON,2020-06-01,2021-07-06,89.75,176.6999969482422,4,0.9688021944093836,0.9658021944093836,0.9658021944093836,1.0,0.2099266445625708,crisis,reactive,growth,0.20566895562160492,0.3304180435522399,0.0,4.602606766500277,0.07170717387568283,0.028044913652989667,
TEX,2020-06-02,2021-07-07,16.28990364074707,42.66932678222656,1,1.6193725710872102,1.6163725710872103,1.6163725710872103,1.0,0.17267017248145472,crisis,balanced,transition,0.08619626274306946,-0.36721012872663117,-0.46801029670229455,1.3177963016889924,0.059443797460794624,0.12170132916618881,
LUV,2020-06-02,2021-07-07,31.9420166015625,47.59804153442383,1,0.49013890162762874,0.48713890162762874,0.48713890162762874,1.0,0.16344501536666386,crisis,reactive,transition,-0.20953667871294335,-0.2880641389541302,-0.4087340407277873,0.8731039910413684,0.055288396967800614,0.12170132916618881,
MSM,2020-06-02,2021-07-07,54.56507873535156,75.60380554199219,1,0.38557127185102136,0.38257127185102136,0.38257127185102136,1.0,0.1663955287664911,crisis,balanced,transition,0.351222153535494,0.08283334736342307,-0.012805385103962896,1.1009015256588073,0.03211585574584979,0.12170132916618881,
TXT,2020-06-03,2021-07-08,34.49300765991211,66.0014419555664,2,0.9134730901496162,0.9104730901496162,0.9104730901496162,1.0,0.212136873266154,crisis,balanced,transition,0.019742124803204586,-0.2829271646640157,-0.35605337114059743,1.091510969982099,0.05161301408495733,0.08349095608241974,
PPG,2020-06-03,2021-07-08,99.75594329833984,153.32052612304688,2,0.536956306097087,0.533956306097087,0.533956306097087,1.0,0.16106360541797554,crisis,balanced,mature,0.10133249394761235,0.012348125068617932,-0.15673444864447328,1.3486511264706391,0.024974153191554212,0.08349095608241974,
ACGL,2020-06-03,2021-07-08,30.761566162109375,35.77280044555664,2,0.16290569397665666,0.15990569397665666,0.15990569397665666,1.0,0.2063860659250652,crisis,balanced,mature,-0.14485863321135706,-0.08615823162581349,-0.3285596216867659,0.793038096310973,0.043132365005083134,0.08349095608241974,
DAL,2020-06-03,2021-07-08,27.621686935424805,40.81645584106445,2,0.47769598346715614,0.47469598346715614,0.47469598346715614,1.0,0.18456619119595186,crisis,balanced,mature,-0.37387294294333506,-0.4709616147841955,-0.5427532723044558,1.1417213867614544,0.05521041888801928,0.08349095608241974,
CB,2020-06-04,2021-07-09,122.79659271240234,152.6018829345703,3,0.2427208244448109,0.2397208244448109,0.2397208244448109,1.0,0.25546318265667173,crisis,balanced,mature,0.03243645765753245,-0.07478035281511697,-0.18013313722647617,1.125691645872085,0.031285425974033776,0.1353224400491171,
COLM,2020-06-04,2021-07-09,75.82691955566406,93.9447021484375,3,0.23893602297101468,0.23593602297101468,0.23593602297101468,1.0,0.15393491232398523,crisis,balanced,mature,0.18862180167563514,-0.13498403876719645,-0.22955875921173463,0.9234234234234234,0.033477720898945,0.1353224400491171,
SWK,2020-06-04,2021-07-09,118.55442810058594,176.12002563476562,3,0.48556260998820666,0.48256260998820666,0.48256260998820666,1.0,0.17180861244490853,crisis,balanced,mature,0.17276264274283593,0.06717697037607717,-0.1654815403094586,0.7220178637631697,0.04586664848153477,0.1353224400491171,
FITB,2020-06-04,2021-07-09,18.0148868560791,31.803112030029297,3,0.7653795044123397,0.7623795044123397,0.7623795044123397,1.0,0.17128990163975077,crisis,balanced,mature,0.30652620629028426,-0.12632729954252608,-0.2615476259725378,1.062661039829918,0.0523099378166541,0.1353224400491171,
GE,2020-06-04,2021-07-09,37.50288009643555,64.12056732177734,3,0.7097504820135578,0.7067504820135578,0.7067504820135578,1.0,0.16018520479923176,crisis,reactive,transition,-0.05724732449839076,-0.21667711240071974,-0.4112699397649596,1.0132994493274181,0.049991546482392464,0.1353224400491171,
GD,2020-06-04,2021-07-09,137.1709442138672,172.02407836914062,3,0.2540853994628258,0.2510853994628258,0.2510853994628258,1.0,0.17361285071649443,crisis,balanced,transition,0.06693388966482439,-0.06326929787880753,-0.16850669393162832,0.7146627664149184,0.026946544213826813,0.1353224400491171,
RF,2020-06-04,2021-07-09,10.244963645935059,16.33669662475586,3,0.5946075739602887,0.5916075739602887,0.5916075739602887,1.0,0.1865176779136281,crisis,balanced,mature,0.22496579998501676,-0.038105796137531955,-0.2406262865202088,1.2551466753329124,0.05082697498190912,0.1353224400491171,
PVH,2020-06-04,2021-07-09,56.65587615966797,107.15331268310547,3,0.8913009549287578,0.8883009549287578,0.8883009549287578,1.0,0.1713476720406388,crisis,balanced,transition,0.009983414019131942,-0.34857332187210543,-0.46501395387304445,1.0621038553236029,0.06740493740460134,0.1353224400491171,
OSK,2020-06-04,2021-07-09,73.80911254882812,114.38358306884766,3,0.549721695856696,0.5467216958566959,0.5467216958566959,1.0,0.1760660587984892,crisis,balanced,shake_out,0.3012121439551583,0.07552947072605165,-0.14416344064713837,1.8826515074611714,0.040156552775517655,0.1353224400491171,
AAL,2020-06-04,2021-07-09,16.719999313354492,20.889999389648438,3,0.2494019286809006,0.2464019286809006,0.2464019286809006,1.0,0.5673628098718302,crisis,reactive,declining,0.02829022619911048,-0.44386416450124333,-0.5115522818385227,5.059664395809283,0.10763109362408217,0.1353224400491171,
HWM,2020-06-04,2021-07-09,15.311629295349121,33.47262191772461,3,1.1860914519326728,1.183091451932673,1.183091451932673,1.0,0.20568644119649868,crisis,balanced,shake_out,-0.08407426072604285,-0.1282616332449944,-0.4056026536512435,1.360457328505904,0.05829512288393406,0.1353224400491171,
TRV,2020-06-05,2021-07-12,109.79840087890625,140.40684509277344,6,0.27876948998213935,0.27576948998213935,0.27576948998213935,1.0,0.1523569821257132,crisis,balanced,mature,0.21706792892554727,-0.15319673543320278,-0.18218370961095087,1.5058932218926155,0.026459455018465052,0.28754275910687666,
HBAN,2020-06-05,2021-07-12,8.356134414672852,11.688350677490234,6,0.39877485179824523,0.39577485179824523,0.39577485179824523,1.0,0.1761032014778241,crisis,balanced,mature,0.3352140835304829,-0.13002015777915332,-0.27566759038859645,1.4137455520116726,0.053206978746217916,0.28754275910687666,
IVZ,2020-06-05,2021-07-12,8.184126853942871,21.79242706298828,6,1.6627675073840447,1.6597675073840448,1.6597675073840448,1.0,0.17343666242390865,crisis,balanced,declining,0.12430780328541524,-0.45557332455654087,-0.4656986497397254,1.5251803747469346,0.05357739113621314,0.28754275910687666,
KEY,2020-06-05,2021-07-12,11.045751571655273,16.175199508666992,6,0.46438197561626304,0.46138197561626304,0.46138197561626304,1.0,0.16245008473781275,crisis,balanced,mature,0.3607097870032785,-0.0855054038378058,-0.2666573761358766,1.9742389728043443,0.05429352396346114,0.28754275910687666,
TMHC,2020-06-05,2021-07-12,21.31999969482422,24.739999771118164,6,0.16041276384840697,0.15741276384840697,0.15741276384840697,1.0,0.2237050033536042,crisis,balanced,transition,0.5404623887115834,0.0349514223311449,-0.2466431000144904,1.1848352539784792,0.04915277658109627,0.28754275910687666,
BCO,2020-06-08,2021-07-13,50.586944580078125,74.80854797363281,7,0.4788113532971412,0.4758113532971412,0.4758113532971412,1.0,0.17800928964614113,crisis,balanced,growth,-0.14692706419206158,-0.3317495489419411,-0.4358450762586069,1.0977195671357578,0.0550065857763626,0.19231502139073942,
AYI,2020-06-08,2021-07-13,112.795166015625,166.9310302734375,7,0.4799484425628071,0.4769484425628071,0.4769484425628071,1.0,0.1884325992279067,crisis,balanced,transition,0.2020154831278007,-0.13924952684098857,-0.1955543052840235,1.0262449073510105,0.047099930666883505,0.19231502139073942,
WFC,2020-06-09,2021-07-14,28.688419342041016,40.07844161987305,8,0.3970250902300738,0.3940250902300738,0.3940250902300738,1.0,0.16164960732750547,crisis,balanced,transition,0.25633977401578245,-0.2573997397911061,-0.3821480520259398,0.9128002394397564,0.04696590926620283,0.34409277329881305,
TFC,2020-06-09,2021-07-14,34.2838020324707,43.3108024597168,8,0.2633021978920682,0.2603021978920682,0.2603021978920682,1.0,0.15625239725699724,crisis,balanced,mature,0.6560039055874536,-0.07058302441679876,-0.19424167407219328,1.2273385551276728,0.048761598644096925,0.34409277329881305,
STRL,2020-06-09,2021-07-14,11.180000305175781,21.719999313354492,8,0.9427548050512322,0.9397548050512322,0.9397548050512322,1.0,0.21824967138868076,crisis,reactive,shake_out,0.41878174401130663,-0.12519557599579312,-0.33924348376098934,1.6043331411154131,0.03755461058965115,0.34409277329881305,
FLS,2020-06-09,2021-07-14,28.067583084106445,38.174346923828125,8,0.3600867167449391,0.3570867167449391,0.3570867167449391,1.0,0.15213443076334515,crisis,balanced,transition,0.42752428018925137,-0.34171691786300307,-0.39451359379081186,0.582534584238685,0.052024134552122014,0.34409277329881305,
BLDR,2020-06-10,2021-07-15,22.690000534057617,41.84000015258789,9,0.8439840973025181,0.8409840973025181,0.8409840973025181,1.0,0.1616378378730919,crisis,balanced,growth,1.0097431896123328,0.5217975027676385,-0.1948190103500398,0.9284051911167213,0.05466161073458194,0.26132871254595513,
KBR,2020-06-11,2021-07-16,22.673614501953125,36.69505310058594,10,0.6184033250377876,0.6154033250377876,0.6154033250377876,1.0,0.22552728063317076,crisis,balanced,transition,0.8577982687279482,0.028802300569932493,-0.21869310058424973,1.6122614575507137,0.033893282778243085,0.2518660503747576,
ACM,2020-06-11,2021-07-16,36.80368423461914,57.73033142089844,10,0.5686019653052774,0.5656019653052774,0.5656019653052774,1.0,0.17626946933734977,crisis,reactive,mature,0.6125106706227883,0.14931171370873586,-0.26020788234687,1.0430065312823442,0.04462376590704256,0.2518660503747576,
USB,2020-06-15,2021-07-20,29.988039016723633,45.48237609863281,14,0.5166839043149287,0.5136839043149287,0.5136839043149287,1.0,0.15670290141527246,crisis,balanced,mature,0.20481265457325337,-0.2214121297399423,-0.34873706752322176,1.142418333606685,0.04477880959108852,0.3304540686151143,
BEN,2020-06-15,2021-07-20,16.577417373657227,23.11573600769043,14,0.39441117314347696,0.39141117314347695,0.39141117314347695,1.0,0.16111026202431242,crisis,balanced,declining,0.3361779231511839,-0.2939504299698362,-0.3515920658752436,1.110533571380144,0.03897672933918345,0.3304540686151143,
BDC,2020-06-15,2021-07-20,33.984580993652344,46.64445877075195,14,0.3725182834963958,0.3695182834963958,0.3695182834963958,1.0,0.1612355170976162,crisis,balanced,declining,0.15801804478791692,-0.4025586253566751,-0.422542897261704,0.6221220033230477,0.04766851805649744,0.3304540686151143,
CINF,2020-06-15,2021-07-20,53.07283401489258,104.08102416992188,14,0.9610979157569779,0.9580979157569779,0.9580979157569779,1.0,0.15636042731550429,crisis,balanced,mature,-0.1744636191926494,-0.3895167604722346,-0.46555005793286053,0.9036806717696337,0.04294146187650252,0.3304540686151143,
RTX,2020-06-15,2021-07-20,58.718109130859375,76.2790298461914,14,0.2990716318230837,0.2960716318230837,0.2960716318230837,1.0,0.16943287668831938,crisis,reactive,mature,0.3023892563843522,-0.12113649430947782,-0.31137077060029283,1.071956517784476,0.04112704511671819,0.3304540686151143,
JCI,2020-06-15,2021-07-20,31.408000946044922,63.722957611083984,14,1.0288765821343477,1.0258765821343478,1.0258765821343478,1.0,0.1501793528713864,crisis,reactive,transition,0.4191085924781075,-0.0726202848723152,-0.1930777572564668,1.1619792802977713,0.025714916553561777,0.3304540686151143,
MTB,2020-06-15,2021-07-20,92.00360107421875,116.03031158447266,14,0.26114967490100427,0.25814967490100427,0.25814967490100427,1.0,0.1565410066218005,crisis,reactive,mature,0.13252365282974643,-0.30745207565165833,-0.3486765530502748,1.1655329005377204,0.0482839433718052,0.3304540686151143,
MAT,2020-06-16,2021-07-21,10.170000076293945,19.739999771118164,1,0.9410029127857811,0.9380029127857811,0.9380029127857811,1.0,0.17483181066917827,crisis,reactive,transition,0.4066390109909317,-0.15671644092553216,-0.30722071765160175,0.8570402077214828,0.04435391607967227,0.39659431778874543,
RMD,2020-06-24,2021-07-29,173.17364501953125,258.8736267089844,7,0.494878892684782,0.491878892684782,0.491878892684782,1.0,0.16211906620646102,crisis,balanced,transition,0.23759451167116086,0.5374023511912926,-0.0004948599821026356,1.14864302941258,0.01949153184954393,0.18019878371292597,
TWLO,2020-07-02,2021-08-06,232.35000610351562,371.8999938964844,2,0.6006024709583913,0.5976024709583913,0.5976024709583913,1.0,0.187452581801818,crisis,reactive,growth,1.532977189583336,0.6564482713795188,0.0,1.1200517636128346,0.03254383979075816,0.13819374395303652,
FDS,2020-07-08,2021-08-12,330.0400695800781,345.95745849609375,1,0.048228655800090836,0.04522865580009083,0.04522865580009083,1.0,0.1588278171483047,crisis,reactive,mature,0.25506729763042757,0.21136310304214212,0.0,0.7716855236437482,0.0419991988541489,0.11379938446293036,
CRM,2020-07-08,2021-08-12,197.38211059570312,244.7959747314453,1,0.24021358365581458,0.23721358365581457,0.23721358365581457,1.0,0.15033940787453265,crisis,balanced,transition,0.2699257637883028,0.2816279830819528,0.0,0.7052452375082456,0.02231509204156185,0.11379938446293036,
OKTA,2020-07-08,2021-08-12,219.77999877929688,236.13999938964844,1,0.07443807762862109,0.07143807762862109,0.07143807762862109,1.0,0.21090619333772684,crisis,reactive,insufficient_data,0.5716533505067458,0.6222321059213181,0.0,0.9961703463429946,0.02444100295219964,0.11379938446293036,
KKR,2020-07-10,2021-08-16,33.081817626953125,62.95417404174805,5,0.9029841332072599,0.8999841332072599,0.8999841332072599,1.0,0.15277816304407638,crisis,balanced,transition,0.5173261103370881,0.326427260632969,0.0,0.6613412982322092,0.03292975597697841,0.13769712400595902,
WAT,2020-07-16,2021-08-20,224.0399932861328,402.25,2,0.7954383683910675,0.7924383683910675,0.7924383683910675,1.0,0.15021595271018026,crisis,balanced,mature,0.1770515792614502,0.04296818505861855,-0.08214184666545221,1.0142460545463332,0.0313324221919638,0.14870093024805398,
APD,2020-07-16,2021-08-20,249.74166870117188,237.2803192138672,2,-0.04989695773281355,-0.052896957732813554,-0.052896957732813554,1.0,0.16198295768797968,crisis,balanced,mature,0.34681935326779834,0.30211552492645155,0.0,1.6256107859199862,0.017585520737757213,0.14870093024805398,
AN,2020-07-22,2021-08-26,48.849998474121094,109.87999725341797,1,1.2493347120906932,1.2463347120906934,1.2463347120906934,1.0,0.19222542063051962,crisis,balanced,transition,0.3618622784707817,0.003286092666356044,-0.0781280066656056,2.1260865586970445,0.029201385326023913,0.14410546325621176,
DGX,2020-07-22,2021-08-26,116.00908660888672,136.2864990234375,1,0.17479158751515822,0.17179158751515822,0.17179158751515822,1.0,0.16154181473558107,crisis,reactive,mature,0.16501466004239718,0.2838872708706133,0.0,0.8662313503402413,0.013285684176140915,0.14410546325621176,
GHC,2020-07-22,2021-08-26,380.4036865234375,579.9044189453125,1,0.5244447924391589,0.5214447924391589,0.5214447924391589,1.0,0.1795181508820667,crisis,balanced,mature,0.07278429510882733,-0.4460577390888857,-0.4532181434960072,1.3504823151125402,0.03202498905254565,0.14410546325621176,
LH,2020-07-22,2021-08-26,163.7845916748047,246.92535400390625,1,0.5076226125970265,0.5046226125970265,0.5046226125970265,1.0,0.15358803923753683,crisis,reactive,mature,0.1370198620147005,0.12335778661262498,0.0,0.9673489274962216,0.014274590585407686,0.14410546325621176,
ISRG,2020-07-24,2021-08-30,225.11000061035156,352.9700012207031,4,0.5679889843351189,0.5649889843351189,0.5649889843351189,1.0,0.15162802643889517,crisis,reactive,transition,0.32189554372159135,0.279931040902885,-0.016342606045080643,1.12302390848698,0.02329679950545863,0.10410549207653452,
PEN,2020-07-24,2021-08-30,209.5399932861328,270.5299987792969,4,0.29106618043019816,0.28806618043019816,0.28806618043019816,1.0,0.15556088809715113,crisis,reactive,growth,0.1817053047093653,0.16178749488264588,0.0,0.6537636392996379,0.019413090695586086,0.10410549207653452,
CTSH,2020-07-30,2021-09-03,63.313133239746094,71.17642974853516,1,0.12419692576283237,0.12119692576283236,0.12119692576283236,1.0,0.1561706260348843,crisis,reactive,transition,0.20624421121667802,0.056109641425014845,-0.024252764159723106,2.038017898158724,0.02160671163464773,0.13965639187296142,
NVR,2020-07-30,2021-09-03,3943.550048828125,5100.64013671875,1,0.293413313781695,0.290413313781695,0.290413313781695,1.0,0.17005194190499012,crisis,balanced,shake_out,0.28663949390803434,0.16398956726067238,-0.023334655081237887,1.037037037037037,0.03134388761200749,0.13965639187296142,
AGCO,2020-07-30,2021-09-03,56.821495056152344,119.46485137939453,1,1.1024587836229327,1.0994587836229328,1.0994587836229328,1.0,0.18769115178838677,crisis,balanced,mature,0.4053466599956619,-0.07485244943319436,-0.15322269538864552,1.9642906018776174,0.027565368918313373,0.13965639187296142,
CHD,2020-07-31,2021-09-07,90.02836608886719,79.62200927734375,4,-0.11558975535834226,-0.11858975535834226,-0.11858975535834226,1.0,0.1860982306468683,crisis,reserved,mature,0.3352553898999129,0.3127194596492384,0.0,2.302974707706336,0.016996584984337548,0.13533650460786117,
GNRC,2020-07-31,2021-09-07,157.5800018310547,445.54998779296875,4,1.8274526121065389,1.824452612106539,1.824452612106539,1.0,0.20175289235252836,crisis,reactive,transition,0.5885081318427097,1.2194366455078125,0.0,1.5847234089980309,0.023209335270692466,0.13533650460786117,
AIZ,2020-08-05,2021-09-09,110.5948486328125,157.2134246826172,1,0.4215257457839079,0.4185257457839079,0.4185257457839079,1.0,0.15077215288879606,crisis,reactive,mature,0.32198800589390864,0.058817565697084406,-0.13256211988711253,2.997831256042434,0.03390408878531009,0.15945322274254226,
CHDN,2020-08-06,2021-09-10,78.50626373291016,107.14959716796875,2,0.36485411574938054,0.36185411574938053,0.36185411574938053,1.0,0.1501636921438759,crisis,reactive,transition,0.6271462791739673,0.3254229804216866,-0.025612906714169714,1.5420285842821053,0.033457055586649236,0.18764535890403367,
SCI,2020-08-06,2021-09-10,42.390201568603516,57.69399642944336,2,0.3610219884440149,0.3580219884440149,0.3580219884440149,1.0,0.19217292037718006,crisis,balanced,mature,0.3253461544837788,0.008735207685399704,-0.11109211724524981,1.405781876191588,0.02234946043375268,0.18764535890403367,
PWR,2020-08-06,2021-09-10,44.93824768066406,114.9052734375,2,1.556959369088644,1.5539593690886442,1.5539593690886442,1.0,0.1659901793386374,crisis,balanced,mature,0.4997733208652382,0.35669087113633413,0.0,2.8478165066155596,0.022501856795603462,0.18764535890403367,
ENSG,2020-08-06,2021-09-10,55.23503875732422,79.26341247558594,2,0.4350204916815694,0.4320204916815694,0.4320204916815694,1.0,0.25318780767058513,crisis,reactive,growth,0.5359595834445383,0.16027448105694786,0.0,2.357499266216613,0.04232679823069585,0.18764535890403367,
EME,2020-08-07,2021-09-13,73.12025451660156,116.46270751953125,3,0.5927557732049336,0.5897557732049336,0.5897557732049336,1.0,0.1596426545754785,crisis,balanced,mature,0.3242920356917036,-0.09815463626595322,-0.19533027121701618,1.031721760404793,0.026142368250138475,0.17485715312773875,
CW,2020-08-10,2021-09-14,104.41278076171875,112.42781829833984,1,0.07676299278832799,0.07376299278832799,0.07376299278832799,1.0,0.15294818599430546,crisis,balanced,mature,0.24533685427959684,-0.09532155052468416,-0.28113871526424483,1.1909792322018249,0.024289866654436925,0.17347139295370773,
OLED,2020-08-11,2021-09-15,174.96434020996094,186.18760681152344,1,0.06414602305872341,0.06114602305872341,0.06114602305872341,1.0,0.15160285205726204,normal,reactive,growth,0.23471094705914086,-0.13765717699191382,-0.17740739409583717,0.8945654643208724,0.028277461206364183,0.12856858895391143,
QCOM,2020-08-12,2021-09-16,102.31228637695312,125.27836608886719,1,0.22447039867039287,0.22147039867039287,0.22147039867039287,1.0,0.18550021674387845,normal,balanced,transition,0.4942535933496499,0.6854892729488122,0.0,1.5997089365728567,0.04140887953659933,0.15648975532146459,
BAH,2020-08-13,2021-09-17,77.55799865722656,73.517578125,2,-0.05209547180405605,-0.05509547180405605,-0.05509547180405605,1.0,0.16155477802738039,normal,reactive,transition,0.1584462386526322,0.21783242288547133,0.0,0.6889598743486612,0.014937688894528494,0.13521956437527494,
TGT,2020-08-19,2021-09-23,132.33172607421875,211.23831176757812,3,0.5962786705366807,0.5932786705366807,0.5932786705366807,1.0,0.21604149209043527,normal,reserved,growth,0.32000948246372074,0.5302868260401505,0.0,7.738112877867986,0.02925731841061806,0.11156315043083032,
TSLA,2020-08-24,2021-09-28,134.27999877929688,259.1866760253906,4,0.930195698403236,0.927195698403236,0.927195698403236,1.0,0.21957483311806217,normal,reactive,shake_out,1.2427346550127472,8.368372215634107,-0.017453806448256226,1.5188587438506154,0.045638617327422824,0.12290027300465711,
DY,2020-08-28,2021-10-04,57.52000045776367,71.58999633789062,3,0.24461049666469314,0.24161049666469314,0.24161049666469314,1.0,0.174711095048582,normal,reactive,declining,0.2981268037702052,0.29258427994974534,0.0,1.9954690340085877,0.032704081902244636,0.09833655867449376,
WDAY,2020-08-28,2021-10-04,243.8800048828125,249.67999267578125,3,0.023782137431708428,0.02078213743170843,0.02078213743170843,1.0,0.242847653217673,normal,balanced,growth,0.36497457537446465,0.3756769323223468,0.0,5.21099898157578,0.03837077578127612,0.09833655867449376,
ARMK,2020-08-28,2021-10-04,19.489336013793945,24.593364715576172,3,0.26188828075875725,0.25888828075875725,0.25888828075875725,1.0,0.23134947990162424,normal,reactive,mature,-0.04987007576937508,-0.2847755346513786,-0.3768400721712326,1.0970474551232634,0.03780883409280855,0.09833655867449376,
HAE,2020-09-03,2021-10-08,90.05999755859375,67.5,2,-0.2504996465707878,-0.25349964657078783,-0.25349964657078783,1.0,0.15573534950051388,normal,reactive,transition,0.009414888213380879,-0.2938686144573376,-0.30434116415856083,0.598202019715119,0.020779840103217286,0.15088103201193315,
RH,2020-09-10,2021-10-15,385.4599914550781,659.0700073242188,3,0.7098272763310312,0.7068272763310312,0.7068272763310312,1.0,0.2563881436089675,crisis,reactive,growth,0.5306964508137657,1.2792100436615033,0.0,6.785901952007474,0.04922709368000245,0.07249098339156212,
VFC,2020-09-14,2021-10-19,61.231834411621094,63.01409912109375,4,0.0291068318726444,0.0261068318726444,0.0261068318726444,1.0,0.1504982352167824,crisis,balanced,transition,0.16491590631530695,-0.14994544821170652,-0.25408736712077884,1.126742874420011,0.025088175180303186,0.09226082554672432,
TTC,2020-09-16,2021-10-21,78.43002319335938,93.11979675292969,1,0.18729783520979604,0.18429783520979603,0.18429783520979603,1.0,0.15370023632512703,crisis,reactive,mature,0.29757202722104403,0.18390707831549036,0.0,1.3585457725163113,0.01540369641906333,0.081180583082614,
RL,2020-09-16,2021-10-21,73.24358367919922,110.79762268066406,1,0.5127280386217639,0.5097280386217639,0.5097280386217639,1.0,0.17257901786798194,crisis,balanced,transition,0.10631584830624541,-0.15609716090124992,-0.3364884778236905,0.8508857581252616,0.025314341654796246,0.081180583082614,
AVY,2020-09-17,2021-10-22,117.31188201904297,201.01150512695312,1,0.7134795015420807,0.7104795015420807,0.7104795015420807,1.0,0.15078635518687994,crisis,balanced,transition,0.15184020000394027,0.150435306534914,-0.06759686438325385,1.2660081804704664,0.021046157585645455,0.1005399165945795,
IP,2020-09-17,2021-10-22,32.04721450805664,43.46928405761719,1,0.35641380147685053,0.35341380147685053,0.35341380147685053,1.0,0.17495242023994928,crisis,reactive,transition,0.29534506027967855,0.10980760702409986,-0.056734580176524885,1.4396973588975415,0.026596962505313966,0.1005399165945795,
MU,2020-09-17,2021-10-22,49.72013854980469,65.93367004394531,1,0.3260958631058424,0.3230958631058424,0.3230958631058424,1.0,0.15167202347100764,crisis,reactive,growth,0.05570505850594398,0.023283887598144037,-0.15019182538667275,1.1233686907201819,0.024007165178074753,0.1005399165945795,
COO,2020-09-18,2021-10-25,86.5653076171875,103.70262908935547,4,0.19796985586828053,0.19496985586828053,0.19496985586828053,1.0,0.16289054429445493,crisis,balanced,mature,0.25254225070145986,0.1461189866771342,-0.03754195166370977,1.4245086089746284,0.018901970076851668,0.07643589650006999,
DE,2020-09-18,2021-10-25,206.04110717773438,332.1220703125,4,0.6119214018103978,0.6089214018103978,0.6089214018103978,1.0,0.17387217694268076,crisis,balanced,mature,0.44453050199245814,0.37976343018063585,0.0,1.3958351842866028,0.01600876672852117,0.07643589650006999,
GPC,2020-09-18,2021-10-25,87.44886779785156,117.72966766357422,4,0.34626863249642437,0.34326863249642436,0.34326863249642436,1.0,0.1544579268251503,crisis,balanced,mature,0.20948229387720385,0.08206355742676119,-0.020779760881622145,1.4432645159059874,0.014299293379180518,0.07643589650006999,
WDC,2020-09-23,2021-10-28,29.291553497314453,43.109458923339844,3,0.471736858452805,0.468736858452805,0.468736858452805,1.0,0.23130322138650047,crisis,reactive,transition,-0.11845967385577838,-0.343231104820114,-0.4441022944936872,2.048164606721043,0.03477501893340534,0.04407003251018926,
NKE,2020-09-23,2021-10-28,117.35203552246094,153.00924682617188,3,0.30384825576277463,0.30084825576277463,0.30084825576277463,1.0,0.20650822699961546,crisis,balanced,transition,0.2992509795126954,0.41391724683001785,0.0,4.651011510493234,0.025873336502982576,0.04407003251018926,
SPXC,2020-09-28,2021-11-02,45.45000076293945,61.56999969482422,5,0.3546754380921646,0.3516754380921646,0.3516754380921646,1.0,0.15363770412315028,crisis,balanced,growth,0.12222224106023338,0.13596607522171444,-0.1469594255959319,1.398700355633344,0.023844144710777632,0.054055114455603404,
MLM,2020-09-28,2021-11-02,223.99757385253906,396.3775329589844,5,0.7695617240029824,0.7665617240029824,0.7665617240029824,1.0,0.1666954081820808,crisis,balanced,mature,0.07478651658410729,-0.14557082117112263,-0.16419215460586623,0.7961224965943899,0.020231935450911526,0.054055114455603404,
ENTG,2020-09-29,2021-11-03,71.6884994506836,143.63751220703125,1,1.003633962318367,1.000633962318367,1.000633962318367,1.0,0.16353140448242282,crisis,reactive,growth,0.2258997680846,0.5705010671850217,-0.010944564884679875,0.8949507045794235,0.026956158805252886,0.060454865708765126,
WMS,2020-09-29,2021-11-03,59.38193130493164,109.72994995117188,1,0.84786765165482,0.84486765165482,0.84486765165482,1.0,0.17187414005120583,crisis,reactive,growth,0.2784737405857356,0.9173036384339726,0.0,0.6504815314356026,0.02697151384670008,0.060454865708765126,
STE,2020-09-30,2021-11-04,167.8408660888672,213.48744201660156,2,0.2719634198239047,0.2689634198239047,0.2689634198239047,1.0,0.15308772438584212,crisis,balanced,transition,0.17124429637510752,0.27963224887336113,0.0,1.0122578094108343,0.016883312043220234,0.06090338055682687,
PSTG,2020-10-08,2021-11-12,17.760000228881836,28.200000762939453,1,0.5878378603328946,0.5848378603328946,0.5848378603328946,1.0,0.16686072155793608,crisis,reactive,shake_out,0.025404188326233257,0.06730774521122518,-0.13281246944097735,1.1390501025985413,0.026761525873155414,0.0719188214995472,
TYL,2020-10-09,2021-11-15,389.2799987792969,551.280029296875,3,0.416152977357114,0.413152977357114,0.413152977357114,1.0,0.1554224904089015,crisis,balanced,transition,0.09409784186335979,0.45123774586765775,0.0,1.221001221001221,0.019029429175274733,0.07827319299232749,
KLAC,2020-10-13,2021-11-17,207.3284454345703,401.9000244140625,1,0.9384702546322619,0.9354702546322619,0.9354702546322619,1.0,0.15616499984890056,crisis,reactive,growth,0.08538553758367962,0.37874627687139184,0.0,0.8369932769310542,0.017753803478999727,0.07817206858303027,
LRCX,2020-10-14,2021-11-18,35.30347442626953,60.54612350463867,1,0.7150188328088731,0.7120188328088731,0.7120188328088731,1.0,0.15689999381530292,crisis,balanced,growth,0.03793478814322526,0.6232688209876907,-0.024078119356633065,0.8577847988041346,0.017385829969286944,0.06491105093252059,
GT,2020-10-20,2021-11-24,9.84000015258789,22.010000228881836,1,1.236788606460872,1.233788606460872,1.233788606460872,1.0,0.16569211737194145,crisis,reactive,transition,-0.01796410149226224,-0.3558332061813114,-0.41734460622433445,1.1260224863389805,0.030220540328024494,0.06981027450308086,
TPR,2020-10-20,2021-11-24,18.041391372680664,39.062889099121094,1,1.165181625529859,1.1621816255298592,1.1621816255298592,1.0,0.16101602955238603,crisis,balanced,transition,0.51591388369791,-0.20306475415609437,-0.29526566847833047,1.0706594643002834,0.027792292513613263,0.06981027450308086,
FLR,2020-10-20,2021-11-24,11.890000343322754,23.280000686645508,1,0.9579478565548745,0.9549478565548745,0.9549478565548745,1.0,0.2544214986753388,crisis,reactive,declining,0.05688891940646701,-0.3898197488327476,-0.422272427336708,1.142037596680838,0.048051783528286846,0.06981027450308086,
CNC,2020-10-20,2021-11-24,65.55999755859375,75.61000061035156,1,0.15329474414296151,0.1502947441429615,0.1502947441429615,1.0,0.15814657326898554,crisis,reactive,growth,0.020706743455534804,0.3448204627403846,-0.10006864884310207,0.5514629959218033,0.01624901932656784,0.06981027450308086,
VMI,2020-10-22,2021-11-26,140.0911407470703,234.64950561523438,2,0.6749774779754696,0.6719774779754696,0.6719774779754696,1.0,0.15740523916618723,normal,balanced,transition,0.2065386654618382,0.12260804185325314,-0.03517674809731153,1.7620429483459084,0.020474844341849943,0.06384965325881953,
GAP,2020-10-22,2021-11-26,17.318740844726562,14.429667472839355,2,-0.16681774949978012,-0.16981774949978012,-0.16981774949978012,1.0,0.16709717880674746,normal,reactive,transition,0.5517239287325273,0.23758310318919307,0.0,4.67765582434799,0.04187215279455663,0.06384965325881953,
BG,2020-10-22,2021-11-26,48.631385803222656,80.53409576416016,2,0.6560107106555744,0.6530107106555744,0.6530107106555744,1.0,0.16427067613281893,normal,reserved,transition,0.2678067794965062,0.07904776455063955,0.0,1.3757033174929414,0.015637846057185198,0.06384965325881953,
IPGP,2020-10-27,2021-12-01,201.7899932861328,162.39999389648438,2,-0.19520293721301862,-0.19820293721301863,-0.19820293721301863,1.0,0.15854691303266877,normal,reactive,shake_out,0.2035666758829775,0.6214543851700995,0.0,1.0065764198060974,0.01827033594646953,0.02545581946717479,
ZBRA,2020-10-28,2021-12-02,285.20001220703125,596.9600219726562,3,1.0931276171871738,1.0901276171871739,1.0901276171871739,1.0,0.15075763010045973,crisis,reactive,growth,-0.01260207788744483,0.19395494635948163,-0.06097717943907821,1.0229499258855401,0.017051110817663185,-0.017050454178431318,
CPRI,2020-10-28,2021-12-02,21.25,63.04999923706055,3,1.9670587876263785,1.9640587876263786,1.9640587876263786,1.0,0.208957612314445,crisis,balanced,transition,0.3586956223483937,-0.3285939887481495,-0.4595625593863576,1.19141749992545,0.029955952965352865,-0.017050454178431318,
AIG,2020-10-29,2021-12-03,27.530813217163086,48.1877555847168,1,0.7503208206968579,0.7473208206968579,0.7473208206968579,1.0,0.15241318559596018,crisis,balanced,declining,0.0791259738081922,-0.38498719532439307,-0.41743723114528886,1.1561992272829746,0.020275313746365785,-0.011659582018257675,
ADP,2020-10-29,2021-12-03,140.67010498046875,208.5032196044922,1,0.48221414659100237,0.47921414659100237,0.47921414659100237,1.0,0.15932063853193085,crisis,reactive,mature,0.16646447346511573,-0.0010936121370684893,-0.11078191955118144,1.0483194662998105,0.018594504819851636,-0.011659582018257675,
SAIA,2020-10-29,2021-12-03,146.9600067138672,318.6700134277344,1,1.1684131659587398,1.16541316595874,1.16541316595874,1.0,0.15748932307311822,crisis,reactive,growth,0.195477152436643,0.6475337639208658,-0.010236995268110394,2.365370365944021,0.01924032557900126,-0.011659582018257675,
DLB,2020-10-30,2021-12-06,69.39680480957031,81.47737121582031,3,0.17407957670961816,0.17107957670961815,0.17107957670961815,1.0,0.15738033443000324,crisis,balanced,mature,0.07330796059902434,0.1644183561985617,0.0,2.4236923708577787,0.022123741175373912,-0.02426537551278174,
EXLS,2020-10-30,2021-12-06,15.14799976348877,26.757999420166016,3,0.7664378028748611,0.7634378028748611,0.7634378028748611,1.0,0.1571723275890036,crisis,reactive,mature,0.11958610956766558,0.09166902003918742,-0.04849248172773202,1.5932595034801476,0.011615546564240149,-0.02426537551278174,
GRMN,2020-11-02,2021-12-07,97.72638702392578,124.97879028320312,4,0.2788643281430767,0.2758643281430767,0.2758643281430767,1.0,0.15943186126608802,crisis,balanced,transition,0.08279398736745303,0.1975166931349175,0.0,2.7404675352243477,0.018024301551527816,-0.01494730823565138,
IDXX,2020-11-04,2021-12-09,469.3599853515625,607.5800170898438,6,0.29448618555489126,0.29148618555489125,0.29148618555489125,1.0,0.18956453319306849,crisis,balanced,transition,0.2196554367610939,0.7952188312766117,0.0,1.8996610520323942,0.026090665439484566,0.018663701074555172,
GOOGL,2020-11-04,2021-12-09,86.57695007324219,146.42828369140625,6,0.6913079470636372,0.6883079470636372,0.6883079470636372,1.0,0.1743477354175037,crisis,balanced,mature,0.15830944476586217,0.3523133004242791,0.0,1.6707532698680343,0.026037580693098555,0.018663701074555172,
GOOG,2020-11-04,2021-12-09,86.74433135986328,146.8999481201172,6,0.6934818197018,0.6904818197018,0.6904818197018,1.0,0.17522154860673173,crisis,balanced,mature,0.16096276434813173,0.3540252818803664,0.0,1.792004255564728,0.026022914713356958,0.018663701074555172,
AEIS,2020-11-05,2021-12-10,82.36995697021484,85.45126342773438,1,0.03740813484501082,0.03440813484501082,0.03440813484501082,1.0,0.18533406591717538,crisis,reactive,transition,0.049206836037983814,0.3149162079111434,0.0,2.0321882184870197,0.03184424503907249,0.04061741975017452,
IT,2020-11-06,2021-12-13,147.97999572753906,320.44000244140625,4,1.165427839526369,1.1624278395263692,1.1624278395263692,1.0,0.15430515405581213,crisis,balanced,mature,0.1427908676345766,-0.07720132723679562,-0.0968569410119543,0.9532846435486035,0.03710860979530762,0.04049686164378152,
MTSI,2020-11-06,2021-12-13,43.2599983215332,75.05000305175781,4,0.7348591299967928,0.7318591299967928,0.7318591299967928,1.0,0.16538218890138562,crisis,reactive,transition,0.12685592626495135,0.8751625008143642,-0.0032258801710460805,1.5470702173691424,0.036457424184659,0.04049686164378152,
ATI,2020-11-09,2021-12-14,11.630000114440918,15.079999923706055,1,0.2966465842920576,0.2936465842920576,0.2936465842920576,1.0,0.26222239898603894,crisis,reactive,transition,0.28083702777103836,-0.5057373661258946,-0.5111391480926675,1.49213752166702,0.0606118176504809,0.04982569737113485,
UHS,2020-11-09,2021-12-14,123.3582763671875,125.15859985351562,1,0.014594265900484071,0.011594265900484072,0.011594265900484072,1.0,0.15601812206869223,crisis,reserved,mature,0.1082263283137126,-0.08683404034986819,-0.14083102867538966,1.4933196764524244,0.03438559136717852,0.04982569737113485,
DVN,2020-11-09,2021-12-14,8.63723087310791,32.88900375366211,1,2.807818065401296,2.804818065401296,2.804818065401296,1.0,0.15643032552488184,crisis,balanced,declining,-0.022804553530591742,-0.46753888342521244,-0.5497269514043004,1.5485474259084466,0.05447766713207602,0.04982569737113485,
TAP,2020-11-09,2021-12-14,35.4591064453125,40.11376953125,1,0.13126848227594912,0.12826848227594911,0.12826848227594911,1.0,0.1531531036697272,crisis,reserved,declining,0.09061982138758995,-0.21015600524206568,-0.28279970841000124,1.5416672649216765,0.03134994188383081,0.04982569737113485,
SLB,2020-11-09,2021-12-14,16.199535369873047,26.958999633789062,1,0.6641835100978168,0.6611835100978168,0.6611835100978168,1.0,0.15313607740147916,crisis,balanced,transition,-0.08191894571205305,-0.4773094664948001,-0.5401896645047719,1.7528565627645443,0.05675343547466328,0.04982569737113485,
KEX,2020-11-09,2021-12-14,44.9900016784668,58.09000015258789,1,0.2911757720691761,0.2881757720691761,0.2881757720691761,1.0,0.1673753121219661,crisis,reactive,mature,-0.06016288526590485,-0.4589947126353263,-0.5079295468850616,1.6346853327729192,0.048802903638139564,0.04982569737113485,
MCK,2020-11-09,2021-12-14,172.7271728515625,224.74462890625,1,0.3011538670837277,0.2981538670837277,0.2981538670837277,1.0,0.169442339539596,crisis,reserved,transition,0.14897363912547323,0.2859702173477894,0.0,2.1766096564549473,0.024712574762926723,0.04982569737113485,
MPC,2020-11-09,2021-12-14,31.383644104003906,56.73176193237305,1,0.8076856130654133,0.8046856130654133,0.8046856130654133,1.0,0.1969813251865601,crisis,reactive,transition,-0.04202775814112936,-0.41647465331559763,-0.41647465331559763,2.324057925217402,0.04516063939542177,0.04982569737113485,
HQY,2020-11-09,2021-12-14,64.05999755859375,40.2400016784668,1,-0.37183885088880186,-0.37483885088880187,-0.37483885088880187,1.0,0.1523953564870109,crisis,reactive,shake_out,0.11389322601680663,0.05483283453742627,-0.26980513954886476,2.7840866969045486,0.0577661604246407,0.04982569737113485,
CAH,2020-11-10,2021-12-15,50.26065444946289,44.65262222290039,2,-0.1115789734135153,-0.1145789734135153,-0.1145789734135153,1.0,0.18057809361359373,crisis,reserved,transition,0.11375321369356794,0.10439208527593058,-0.02176465827732066,1.6560209729099913,0.026923564879310524,0.04594693421221985,
CVS,2020-11-10,2021-12-15,58.72407913208008,86.20843505859375,2,0.46802531998325336,0.46502531998325336,0.46502531998325336,1.0,0.17780382953029664,crisis,reactive,transition,0.08661991629996413,0.0015494116919914092,-0.05377248703038651,1.5925280753122568,0.022503912529138827,0.04594693421221985,
CSL,2020-11-10,2021-12-15,137.21987915039062,228.65647888183594,2,0.6663509711390458,0.6633509711390458,0.6633509711390458,1.0,0.15151423408297549,crisis,reactive,mature,0.15683024230957443,-0.08562151427113363,-0.10029644817449412,1.015320541424959,0.027002589710215127,0.04594693421221985,
CXT,2020-11-10,2021-12-15,20.101409912109375,32.8764762878418,2,0.6355308623419764,0.6325308623419764,0.6325308623419764,1.0,0.18598765461259645,crisis,reactive,mature,0.0922543001782814,-0.21211080463705756,-0.283354340757649,1.406766275058627,0.04143165591029929,0.04594693421221985,
DVA,2020-11-10,2021-12-15,107.16999816894531,105.16000366210938,2,-0.018755197734232842,-0.02175519773423284,-0.02175519773423284,1.0,0.18336866978649669,crisis,balanced,transition,0.23838683886258716,0.5325324996604248,0.0,1.2509741594614663,0.0216443068691137,0.04594693421221985,
GATX,2020-11-10,2021-12-15,72.13986206054688,95.09501647949219,2,0.3182034698053495,0.3152034698053495,0.3152034698053495,1.0,0.17966828390897893,crisis,balanced,mature,0.2534391140213408,-2.8236688595750792e-05,-0.04198821127227048,1.2334626918327747,0.029335775373797297,0.04594693421221985,
HON,2020-11-10,2021-12-15,170.26243591308594,180.68545532226562,2,0.06121737512612779,0.05821737512612779,0.05821737512612779,1.0,0.15980997803321575,crisis,balanced,mature,0.2833903124859105,0.13592528231893963,0.0,1.7712160470621918,0.026514181192450813,0.04594693421221985,
LFUS,2020-11-10,2021-12-15,209.8271026611328,292.0264892578125,2,0.39174818483497,0.38874818483497,0.38874818483497,1.0,0.15520322210019413,crisis,balanced,transition,0.19459125262069898,0.23739312578421212,0.0,2.357864357864358,0.019202056284935685,0.04594693421221985,
XRAY,2020-11-10,2021-12-15,47.34166717529297,48.626792907714844,2,0.027145764167185282,0.024145764167185283,0.024145764167185283,1.0,0.1710550763747332,crisis,balanced,transition,0.22766486620593707,-0.04817902220014747,-0.12148781555506605,1.3693098936794141,0.03954597605294273,0.04594693421221985,
MET,2020-11-10,2021-12-15,39.17781448364258,53.449493408203125,2,0.3642796085656903,0.3612796085656903,0.3612796085656903,1.0,0.18126308364281943,crisis,balanced,mature,0.21629565344471047,-0.026539339208405455,-0.08829841573410935,1.5559676317872786,0.0359306546517588,0.04594693421221985,
VVV,2020-11-10,2021-12-15,21.822900772094727,34.64822769165039,2,0.5877003728099981,0.5847003728099981,0.5847003728099981,1.0,0.1626259001807436,crisis,reserved,transition,0.048960380481160914,-0.0011866353070664193,-0.00652655125635937,1.0037946379798832,0.026696956242275215,0.04594693421221985,
OMC,2020-11-16,2021-12-21,50.90766525268555,62.29624557495117,1,0.22371052111184464,0.22071052111184464,0.22071052111184464,1.0,0.1657652343867606,crisis,reactive,transition,0.14956429425886264,-0.17554998953771783,-0.21555468611404593,1.0559614824549197,0.046116705493676004,0.0570136745302563,
ALGN,2020-11-17,2021-12-22,451.3800048828125,645.8900146484375,1,0.4309229643792569,0.4279229643792569,0.4279229643792569,1.0,0.27494128921164623,crisis,balanced,growth,0.5214372927940949,0.6619292884359393,-0.08239311759786194,0.47821860099069485,0.08494887643016921,0.048178924057650674,
AMAT,2020-11-18,2021-12-23,72.41299438476562,149.77598571777344,2,1.0683578546958081,1.0653578546958082,1.0653578546958082,1.0,0.15699937353339966,crisis,reactive,shake_out,0.19094448063418223,0.2863593995066025,0.0,1.2938567366312568,0.028657450295120755,0.02560131401223309,
COP,2020-11-18,2021-12-23,32.471961975097656,60.82875061035156,2,0.8732699507655366,0.8702699507655366,0.8702699507655366,1.0,0.20877166405438302,crisis,balanced,mature,0.055957761342205314,-0.31345234429352775,-0.386981598422403,1.563946000015425,0.05038295659297078,0.02560131401223309,
RRX,2020-11-18,2021-12-23,107.61073303222656,158.20127868652344,2,0.4701254626631559,0.4671254626631559,0.4671254626631559,1.0,0.15912954598450627,crisis,balanced,mature,0.198395472985333,0.468504225576178,-0.0027679064258288033,1.3654393904974924,0.026917283831284486,0.02560131401223309,
CF,2020-11-18,2021-12-23,28.943599700927734,66.01715850830078,2,1.2808897024023147,1.2778897024023148,1.2778897024023148,1.0,0.1605504770210935,crisis,balanced,transition,-0.021312792151196303,-0.252520998427587,-0.30434791777223835,1.0905541342405936,0.02862672422038071,0.02560131401223309,
ABBV,2020-11-18,2021-12-23,79.9232177734375,112.91719818115234,2,0.41282097151349184,0.40982097151349184,0.40982097151349184,1.0,0.15420902822332067,crisis,balanced,shake_out,0.060565772982122956,0.1947831307602399,-0.007593231013441004,0.8791846311485554,0.02605004432361034,0.02560131401223309,
CNH,2020-11-18,2021-12-23,8.264564514160156,14.781105995178223,2,0.7884918158546526,0.7854918158546526,0.7854918158546526,1.0,0.16843328570132868,crisis,reactive,transition,0.34639704620012113,-0.014801133850934622,-0.056687318401110076,1.6993614952314706,0.03232449659267978,0.02560131401223309,
APA,2020-11-20,2021-12-27,9.85915756225586,24.26520347595215,6,1.4611842667823298,1.45818426678233,1.45818426678233,1.0,0.17796558043919103,crisis,balanced,declining,-0.2378845694801921,-0.5038951954872742,-0.6542479794993101,0.599842390600091,0.05044634567312415,0.014119124278149986,
BRKR,2020-11-20,2021-12-27,50.10762023925781,81.48765563964844,6,0.6262527585735416,0.6232527585735416,0.6232527585735416,1.0,0.16058261536028143,crisis,balanced,transition,0.21263975038591387,0.027290663147527594,-0.052032509177170505,1.4040525536639525,0.02092091289093219,0.014119124278149986,
WAB,2020-11-23,2021-12-28,71.40081787109375,89.0335464477539,1,0.24695415406156962,0.24395415406156962,0.24395415406156962,1.0,0.15229325582108544,crisis,reactive,transition,0.10713478734381043,-0.08504807320047147,-0.08538687616157259,0.4063407234773524,0.0402392443678538,0.022078052516274038,
EHC,2020-11-23,2021-12-28,60.51084899902344,50.72429656982422,1,-0.16173219498799563,-0.16473219498799563,-0.16473219498799563,1.0,0.17393806599125283,crisis,reactive,mature,0.24218715005489488,0.1439677934808814,-0.012410923515332795,1.0456719247848105,0.029491636597555798,0.022078052516274038,
MKSI,2020-11-23,2021-12-28,132.76834106445312,169.06396484375,1,0.27337559156272784,0.27037559156272784,0.27037559156272784,1.0,0.16703079540007948,crisis,reactive,shake_out,0.15741796645697015,0.3072036016543489,0.0,0.7011541917202294,0.025452402600568306,0.022078052516274038,
LDOS,2020-11-23,2021-12-28,95.36897277832031,83.68501281738281,1,-0.1225132201863618,-0.1255132201863618,-0.1255132201863618,1.0,0.1697225862188369,crisis,balanced,transition,0.1358259615633619,0.15437108940025568,-0.15970993924733812,0.7369730752003185,0.023438316158462348,0.022078052516274038,
ULTA,2020-11-23,2021-12-28,282.8699951171875,398.80999755859375,1,0.40987027412848986,0.40687027412848986,0.40687027412848986,1.0,0.20755137664576595,crisis,reactive,transition,0.2183220089604807,0.22343318586228778,-0.06129289654597603,0.8048685826774804,0.045654772066287895,0.022078052516274038,
AXP,2020-11-24,2021-12-29,112.57109832763672,154.97569274902344,2,0.3766916646577321,0.37369166465773207,0.37369166465773207,1.0,0.17246341729828243,crisis,balanced,mature,0.1797875810983478,0.022950333911402332,-0.1081868114399801,1.1726541779396265,0.05297942296114272,0.03083946883793165,
PNC,2020-11-24,2021-12-29,115.19209289550781,169.88548278808594,2,0.47480159894473983,0.47180159894473983,0.47180159894473983,1.0,0.1806930391147535,crisis,balanced,mature,0.2687505824454044,-0.045466905075644326,-0.09439296419020027,1.0335055314157289,0.036651533947627865,0.03083946883793165,
MS,2020-11-24,2021-12-29,53.92269515991211,85.7043228149414,2,0.5893924174371907,0.5863924174371907,0.5863924174371907,1.0,0.19482023518998123,crisis,balanced,mature,0.21855090699236723,0.32589673012012366,0.0,1.7551763796155642,0.025123899552296828,0.03083946883793165,
XOM,2020-11-24,2021-12-29,34.0835075378418,52.70048141479492,2,0.5462164906673208,0.5432164906673208,0.5432164906673208,1.0,0.20184932986519963,crisis,balanced,transition,0.09035852355468532,-0.3405199793626178,-0.36061152900355997,1.2631548663578103,0.041442750727950256,0.03083946883793165,
PRU,2020-11-24,2021-12-29,61.89019012451172,88.61375427246094,2,0.431789983100493,0.428789983100493,0.428789983100493,1.0,0.1636737705363503,crisis,balanced,transition,0.19159101346704932,-0.0946193718061672,-0.12510953560784888,0.9708594879531597,0.044781732736339584,0.03083946883793165,
HPE,2020-11-24,2021-12-29,9.78427505493164,14.218040466308594,2,0.45315216369987166,0.45015216369987165,0.45015216369987165,1.0,0.18952242819339918,crisis,reactive,mature,0.2329566263500844,-0.24749611097814994,-0.27276018874461916,1.0041149518864974,0.031654907805498865,0.03083946883793165,
IR,2020-11-24,2021-12-29,45.229190826416016,61.09593200683594,2,0.3508075402302573,0.3478075402302573,0.3478075402302573,1.0,0.15384541817707983,crisis,reactive,insufficient_data,0.25573050858174295,0.36133189735841076,0.0,0.8753409584357438,0.027211299748762217,0.03083946883793165,
NVT,2020-11-24,2021-12-29,21.925382614135742,36.035282135009766,2,0.6435417693361978,0.6405417693361978,0.6405417693361978,1.0,0.17287587180526023,crisis,balanced,insufficient_data,0.24807648356277645,-0.013224772633899762,-0.13933414234660368,1.284669564924342,0.03416490321399148,0.03083946883793165,
GWRE,2020-11-30,2022-01-04,122.4800033569336,112.91999816894531,6,-0.07805359998340566,-0.08105359998340567,-0.08105359998340567,1.0,0.15903462428984075,calm,reactive,transition,0.05942394870956269,0.027430620732945332,-0.0018743030662132787,1.2882008502446458,0.014969961354667246,0.05680542641115216,
TSN,2020-12-03,2022-01-07,58.942508697509766,79.44249725341797,1,0.34779633593665316,0.34479633593665315,0.34479633593665315,1.0,0.15440857876920885,normal,reactive,mature,0.09702983667264697,-0.2068070825749072,-0.24075494331050828,1.2346502680035698,0.022889609177240654,0.0980866722301339,
TJX,2020-12-03,2022-01-07,61.029109954833984,69.89635467529297,1,0.14529533081870927,0.14229533081870926,0.14229533081870926,1.0,0.1572268981827636,normal,balanced,mature,0.21807452979187736,0.11051896846722986,0.0,0.7331474325027902,0.03428017129401081,0.0980866722301339,
HPQ,2020-12-03,2022-01-07,19.136079788208008,32.9373779296875,1,0.721218676668776,0.718218676668776,0.718218676668776,1.0,0.16777419084710254,normal,balanced,mature,0.22251456446195128,0.18667902768846023,0.0,0.8435822825110743,0.018773508557421076,0.0980866722301339,
STX,2020-12-03,2022-01-07,52.327144622802734,97.08242797851562,1,0.8552976409916655,0.8522976409916655,0.8522976409916655,1.0,0.16805042728920813,normal,reactive,transition,0.3758249334667174,0.12226724827921975,0.0,1.239228071962847,0.014648298616339464,0.0980866722301339,
CME,2020-12-04,2022-01-10,145.9537353515625,185.72523498535156,3,0.2724938799133194,0.2694938799133194,0.2694938799133194,1.0,0.16333942884077088,calm,reserved,mature,0.12756551986567133,-0.07972404875376005,-0.16590723710473954,0.730684381566123,0.02340358875021579,0.1071994509453793,
BBWI,2020-12-08,2022-01-12,29.660701751708984,52.909706115722656,1,0.7838319052135749,0.7808319052135749,0.7808319052135749,1.0,0.18030826404498215,calm,reactive,declining,0.4129011185003437,1.3256126964851669,0.0,0.7054584451102124,0.04622689245175516,0.08851289343468305,
ANF,2020-12-10,2022-01-14,21.59000015258789,34.13999938964844,1,0.5812875937176054,0.5782875937176054,0.5782875937176054,1.0,0.15474281021742955,normal,reactive,shake_out,0.4065146329671099,0.26336799378192355,-0.06007832834214699,0.42971522114878075,0.034419717056385295,0.09266879961205254,
DIS,2020-12-11,2022-01-18,171.67709350585938,148.7666473388672,4,-0.1334508040597172,-0.1364508040597172,-0.1364508040597172,1.0,0.23371430188135553,normal,balanced,mature,0.3660886960863259,0.20043715385229288,0.0,6.150368660319569,0.03461374436855771,0.10362798677811558,
TTWO,2020-12-14,2022-01-18,195.1999969482422,154.0399932861328,4,-0.2108606777951081,-0.2138606777951081,-0.2138606777951081,1.0,0.17711746431844966,normal,reactive,growth,0.1877814366437125,0.5907423877810312,0.0,2.6365813689650826,0.012062554517578065,0.11168034875828381,
FTNT,2020-12-18,2022-01-24,29.170000076293945,58.07400131225586,3,0.9908810819459613,0.9878810819459612,0.9878810819459612,1.0,0.18417420648344632,normal,balanced,growth,0.24860888134433057,0.3641039569187543,-0.02506684485586741,2.6737263579368844,0.02257352457153107,0.12458843097645889,
ARWR,2020-12-21,2022-01-25,82.02999877929688,50.9900016784668,1,-0.3783981173075929,-0.3813981173075929,-0.3813981173075929,1.0,0.15952875881890743,normal,reactive,growth,0.8779761494089753,0.28654330205014267,0.0,1.1282881994576892,0.04446153751205254,0.10243460264213233,
CIEN,2020-12-23,2022-01-27,52.5,63.58000183105469,1,0.21104765392485114,0.20804765392485114,0.20804765392485114,1.0,0.15630145396422868,normal,balanced,transition,0.32275136851908726,0.2289325491535159,-0.13920317174649766,0.49669962936535805,0.01741385599403381,0.0972375883929899,
SNPS,2020-12-23,2022-01-27,254.6999969482422,285.3599853515625,1,0.12037686992807761,0.11737686992807761,0.11737686992807761,1.0,0.15156970872866685,normal,reactive,transition,0.19029816821078893,0.8183764091529635,-0.012981945371817738,0.6228768804772915,0.01726531475119214,0.0972375883929899,
LITE,2020-12-23,2022-01-27,98.12999725341797,97.25,1,-0.00896766817536332,-0.011967668175363318,-0.011967668175363318,1.0,0.15383083139450618,normal,reactive,growth,0.3061360420714463,0.2335637145050944,0.0,1.3781440941181031,0.029680676683113673,0.0972375883929899,
SYNA,2020-12-30,2022-02-03,94.7699966430664,204.14999389648438,6,1.1541627216193477,1.1511627216193479,1.1511627216193479,1.0,0.16215099657778503,normal,reactive,transition,0.18137615558410425,0.430274578745401,0.0,1.4007446693883414,0.029611200466194296,0.11040564824854604,
DD,2021-01-06,2022-02-10,29.43317413330078,30.896074295043945,1,0.049702426082820494,0.04670242608282049,0.04670242608282049,1.0,0.15904459165944307,normal,balanced,transition,0.33683250571045487,0.29300034337097114,0.0,2.920778764997967,0.020916837021527003,0.06052818546901051,
GS,2021-01-06,2022-02-10,252.240966796875,333.0899658203125,1,0.3205228716417967,0.3175228716417967,0.3175228716417967,1.0,0.17060868598594547,normal,reactive,transition,0.3408668863745681,0.2299267729606138,0.0,2.105358629958526,0.021786427450910383,0.06052818546901051,
WBD,2021-01-06,2022-02-10,34.25,30.09000015258789,1,-0.12145984955947764,-0.12445984955947764,-0.12445984955947764,1.0,0.164732587095826,normal,balanced,transition,0.5331244299939022,0.06664588442762431,0.0,1.7647526258370634,0.02470384727540844,0.06052818546901051,
SCHW,2021-01-11,2022-02-15,56.254268646240234,84.7565689086914,1,0.5066691106001273,0.5036691106001273,0.5036691106001273,1.0,0.16261388150437106,normal,reactive,transition,0.5497185715456707,0.277694581594921,0.0,1.1542543386090116,0.02166400933681746,0.09079504485672274,
CROX,2021-01-11,2022-02-15,74.97000122070312,101.2300033569336,1,0.35027346550154137,0.34727346550154137,0.34727346550154137,1.0,0.15175698128562226,normal,reactive,growth,0.4671233553689962,0.7752782863689565,0.0,3.269419321513466,0.03480259719156668,0.09079504485672274,
KEYS,2021-01-11,2022-02-15,150.14999389648438,169.77000427246094,1,0.13066940508504366,0.12766940508504365,0.12766940508504365,1.0,0.1607111984218576,normal,reactive,growth,0.4207985755383332,0.4749507799144579,0.0,1.276086201023319,0.015982390216153133,0.09079504485672274,
OLLI,2021-01-11,2022-02-15,95.38999938964844,45.11000061035156,1,-0.5270992672294028,-0.5300992672294028,-0.5300992672294028,1.0,0.18934590903069032,normal,reactive,shake_out,0.01814491305308019,0.7187387277414132,-0.1383795485639462,0.9769181431225062,0.024035723692267013,0.09079504485672274,
CBOE,2021-01-12,2022-02-16,94.4953842163086,115.16986846923828,1,0.2187882976972071,0.2157882976972071,0.2157882976972071,1.0,0.15026571847593706,normal,reserved,declining,0.20958604119802127,-0.11146289503414342,-0.19786495813233862,1.0264325954589426,0.012597220467429992,0.09110137391951012,
FIVE,2021-01-13,2022-02-17,192.60000610351562,162.35000610351562,2,-0.15706126189706193,-0.16006126189706193,-0.16006126189706193,1.0,0.1687251964805162,normal,reactive,growth,0.4124377034425937,0.702917848823714,0.0,0.7893227108883669,0.024928023650888555,0.1117388718573018,
PODD,2021-01-15,2022-02-22,281.20001220703125,234.5399932861328,5,-0.16593178127796582,-0.16893178127796582,-0.16893178127796582,1.0,0.1532399865392181,normal,reactive,growth,0.16612761432686018,0.48972250683577756,-0.01034702009515931,1.5194430159420864,0.027788299068392208,0.09683717814044779,
SATS,2021-01-19,2022-02-23,24.34000015258789,24.440000534057617,6,0.004108479081463612,0.0011084790814636118,0.0011084790814636118,1.0,0.16732525340809282,normal,reactive,declining,-0.0627646978769234,-0.42006196224313286,-0.42006196224313286,1.2228270094716474,0.03644263000695889,0.10002053657365817,
TTEK,2021-01-22,2022-02-28,27.566301345825195,30.940696716308594,3,0.12241016044012865,0.11941016044012864,0.11941016044012864,1.0,0.1751161482135197,normal,balanced,growth,0.38532428691079756,0.6169666767507884,0.0,2.4051858794126835,0.031370266088082785,0.1329497469979064,
KR,2021-01-26,2022-03-02,33.15625762939453,45.262882232666016,1,0.3651384525537771,0.3621384525537771,0.3621384525537771,1.0,0.15839086559727678,normal,reserved,transition,0.15558306781103992,0.3364567554292075,0.0,2.10085889911291,0.020276600008726012,0.16298853882713593,
BLKB,2021-01-27,2022-03-03,69.18000030517578,60.13999938964844,1,-0.13067361774572017,-0.13367361774572017,-0.13367361774572017,1.0,0.17442916523556107,normal,reactive,declining,0.4021078251161554,-0.1330652474559807,-0.1561849112825252,1.6138698630136987,0.015430499640296164,0.14703851555904102,
BIIB,2021-01-29,2022-03-07,282.6099853515625,205.77999877929688,3,-0.2718587118451965,-0.2748587118451965,-0.2748587118451965,1.0,0.15456402526565982,normal,reactive,declining,0.14412368582819157,0.05118087757360468,-0.20532581202002798,3.4340740103393634,0.023974288195011517,0.10242318178033627,
SWKS,2021-02-01,2022-03-08,161.32901000976562,116.58007049560547,1,-0.2773768927947391,-0.2803768927947391,-0.2803768927947391,1.0,0.19358246680322613,normal,reactive,shake_out,0.3362872000722943,0.6392476476294273,0.0,2.1209831999097983,0.03541465209456497,0.09595641905712649,
OPCH,2021-02-03,2022-03-10,19.809999465942383,26.079999923706055,1,0.31650684638044235,0.31350684638044235,0.31350684638044235,1.0,0.21586544912714492,normal,reactive,transition,0.2666239789694085,0.16392473167684618,0.0,2.5915186661833998,0.03348150970314941,0.09139064518090367,
OXY,2021-02-09,2022-03-16,23.11815071105957,49.885650634765625,7,1.1578564504686208,1.154856450468621,1.154856450468621,1.0,0.18178599329554157,normal,reactive,declining,1.1806269565912788,-0.3818372627325346,-0.40773212414720117,1.0176612925564787,0.04992126359387323,0.10580121901547068,
CYTK,2021-02-09,2022-03-16,23.649999618530273,34.720001220703125,7,0.4680761852317017,0.4650761852317017,0.4650761852317017,1.0,0.15309837187395536,normal,reactive,growth,0.3591954101736883,0.5662251007326367,-0.18335634094648223,0.6183081613841027,0.030089876018687345,0.10580121901547068,
LOPE,2021-02-18,2022-03-25,107.29000091552734,97.54000091552734,2,-0.09087519728587257,-0.09387519728587257,-0.09387519728587257,1.0,0.19099824991363065,normal,reactive,transition,0.2493014013371695,0.3047549134811107,0.0,2.8804124769136057,0.022845844307580878,0.10018999863022016,
KHC,2021-02-18,2022-03-25,30.372045516967773,32.269596099853516,2,0.06247687801684765,0.059476878016847645,0.059476878016847645,1.0,0.16379675748680056,normal,balanced,transition,0.2221379852408929,0.4986659606753687,0.0,2.7805117472194696,0.021567431701900498,0.10018999863022016,
EOG,2021-02-22,2022-03-29,51.36488723754883,100.23233032226562,6,0.9513783775815174,0.9483783775815174,0.9483783775815174,1.0,0.18202559266965945,normal,reactive,transition,0.22220643847421395,-0.02268737587618841,-0.02268737587618841,0.9915747987740499,0.03694160905214186,0.0663171674499663,
NXST,2021-02-22,2022-03-29,109.82076263427734,162.8408966064453,6,0.4827878872844331,0.4797878872844331,0.4797878872844331,1.0,0.17283206213801044,normal,reactive,shake_out,0.17698311560936353,0.13140012231712106,-0.004261887265507136,1.2159911707610291,0.030888948732646332,0.0663171674499663,
EXPE,2021-02-22,2022-03-29,158.9790496826172,193.4256591796875,6,0.2166738923514695,0.2136738923514695,0.2136738923514695,1.0,0.15283127494842244,normal,reactive,transition,0.2843662568404359,0.4353729219411302,0.0,0.8456771213799279,0.029727433711662928,0.0663171674499663,
CDW,2021-02-22,2022-03-29,149.3120574951172,171.7220001220703,6,0.15008796344317998,0.14708796344317998,0.14708796344317998,1.0,0.1518100178397092,normal,reactive,growth,0.16445003849046924,0.24220473388540364,-0.008895747899554607,0.7431133888532991,0.022286394589578293,0.0663171674499663,
CAT,2021-02-23,2022-03-30,200.4246826171875,207.2100067138672,7,0.03385473290053653,0.030854732900536534,0.030854732900536534,1.0,0.15813037221535323,normal,reactive,transition,0.2675453029334218,0.7552814834557939,0.0,1.2907030954221044,0.020415678896364357,0.06935110041362624,
EL,2021-02-23,2022-03-30,270.8365783691406,261.3413391113281,7,-0.0350589248874309,-0.0380589248874309,-0.0380589248874309,1.0,0.15117002095326013,normal,reactive,growth,0.18504421262680548,0.5354115176802186,-0.012984122817944033,1.02716043156624,0.026655795147222085,0.06935110041362624,
RJF,2021-02-23,2022-03-30,73.60501861572266,105.25707244873047,7,0.4300257567796697,0.4270257567796697,0.4270257567796697,1.0,0.1652979455325745,normal,reactive,transition,0.2773214261244219,0.3347400305642938,-0.004853008451607854,1.114602301805501,0.01642372483840852,0.06935110041362624,
HAL,2021-02-24,2022-03-31,20.253446578979492,34.84650421142578,8,0.7205221874479395,0.7175221874479395,0.7175221874479395,1.0,0.17930039057635333,normal,reactive,transition,0.27157336957742007,0.2343758209883804,0.0,1.3750397273208816,0.033538408799775224,0.07890385099809549,
NUE,2021-02-24,2022-03-31,58.10856246948242,139.9593963623047,8,1.4085847319972657,1.4055847319972659,1.4055847319972659,1.0,0.16013427200005081,normal,balanced,transition,0.15351329918968348,0.5002529670817784,0.0,1.1275918457416414,0.018154355021627436,0.07890385099809549,
TXRH,2021-02-24,2022-03-31,86.87032318115234,78.03726959228516,8,-0.10168091087272058,-0.10468091087272058,-0.10468091087272058,1.0,0.1858200797799187,normal,reactive,shake_out,0.26235378115205643,0.49558745714127905,0.0,0.9589758945949992,0.022596367312948364,0.07890385099809549,
LYB,2021-02-24,2022-03-31,75.39747619628906,76.28311157226562,8,0.011746220439407207,0.008746220439407208,0.008746220439407208,1.0,0.17822476249749547,normal,reactive,transition,0.22160273693458055,0.5265097215094261,0.0,1.8174022373384056,0.02024641684957756,0.07890385099809549,
BAC,2021-02-25,2022-04-01,31.663442611694336,36.91677474975586,9,0.16591159093109153,0.16291159093109153,0.16291159093109153,1.0,0.16796831395643572,normal,balanced,transition,0.28387568787632356,0.26651577002870197,-0.01236938590523129,1.5039291007726239,0.015419275353801585,0.05735268699429352,
SLAB,2021-02-26,2022-04-04,155.74000549316406,151.3699951171875,12,-0.028059652124311607,-0.031059652124311606,-0.031059652124311606,1.0,0.1523851961286424,normal,reactive,shake_out,0.30380920445436566,0.7562021307759776,-0.043601025573558605,0.9132578281145902,0.035549832309460086,0.04060122408615996,
MLI,2021-03-01,2022-04-05,19.71881866455078,24.902145385742188,13,0.2628619294780401,0.2598619294780401,0.2598619294780401,1.0,0.1641627061998122,normal,reactive,transition,0.2917302743980683,0.5041665848262837,0.0,1.2108256812520912,0.020467831847435385,0.0634530998754681,
FIX,2021-03-02,2022-04-06,64.92413330078125,86.02145385742188,14,0.3249534415638746,0.3219534415638746,0.3219534415638746,1.0,0.1544349379711917,normal,reactive,transition,0.30674041763705895,0.5473473897203487,0.0,2.064153576345019,0.03370372800339781,0.05551830245720635,
SNA,2021-03-03,2022-04-07,188.48878479003906,184.8267822265625,15,-0.019428225226003404,-0.022428225226003403,-0.022428225226003403,1.0,0.19200037672959014,normal,reactive,transition,0.1910840910429863,0.47544728613000475,0.0,1.108902671679558,0.020752588260487172,0.03260230803408426,
HII,2021-03-05,2022-04-11,166.30413818359375,188.26278686523438,3,0.13203909969696048,0.12903909969696048,0.12903909969696048,1.0,0.15340366820196755,normal,reactive,declining,0.08830198792782418,-0.06890089054456983,-0.09162262122968945,0.8039197894927865,0.021207350857367396,0.037731093633938784,
CI,2021-03-08,2022-04-12,214.5936737060547,237.13563537597656,1,0.10504485654502238,0.10204485654502238,0.10204485654502238,1.0,0.16640836719367477,normal,balanced,transition,0.08691226070787739,0.29878854880838124,0.0,1.1895341941016233,0.016824814656228773,0.04044032283977983,
CMI,2021-03-08,2022-04-12,238.60415649414062,175.1333770751953,1,-0.2660086913469337,-0.2690086913469337,-0.2690086913469337,1.0,0.17647993956858765,normal,reactive,shake_out,0.2057593012605865,0.9805003102059302,0.0,1.0833523461860217,0.016988014821270707,0.04044032283977983,
HUBB,2021-03-08,2022-04-12,171.1946258544922,171.0953369140625,1,-0.0005799769702705682,-0.0035799769702705682,-0.0035799769702705682,1.0,0.1541983284527249,normal,reactive,transition,0.1542326038652979,0.5580745132011391,0.0,0.9587339101352053,0.017474947072968983,0.04044032283977983,
FCN,2021-03-09,2022-04-13,124.0,162.8000030517578,1,0.31290325041740163,0.30990325041740163,0.30990325041740163,1.0,0.16428001995735084,normal,reactive,growth,0.14878633681068987,0.07723046948580237,-0.12731365193980682,1.6172996547337817,0.01699536466697435,0.05652513242004509,
ETN,2021-03-10,2022-04-14,127.56839752197266,131.42926025390625,1,0.030265040612966754,0.027265040612966755,0.027265040612966755,1.0,0.15353830296884075,normal,balanced,shake_out,0.20458486794311237,0.6900414711283926,-0.0013626215847859502,0.9562680046786333,0.014435038406306458,0.06424257400537359,
UFPI,2021-03-15,2022-04-19,68.53778076171875,72.18653106689453,6,0.053237065230652414,0.05023706523065241,0.05023706523065241,1.0,0.1530636118461984,calm,balanced,shake_out,0.32607054252019974,1.1642206594013906,0.0,1.100693793362085,0.01847059537996036,0.07234739965561987,
TKR,2021-03-17,2022-04-21,78.8569107055664,56.98500061035156,1,-0.27736199528383165,-0.28036199528383166,-0.28036199528383166,1.0,0.15458580878061542,calm,balanced,shake_out,0.12028158529542843,2.6082467964645515,0.0,1.122707618905621,0.022767489745224603,0.07136180992399299,
LEN,2021-03-17,2022-04-21,90.31107330322266,71.50346374511719,1,-0.20825363790061768,-0.21125363790061769,-0.21125363790061769,1.0,0.15138278410464165,calm,reactive,transition,0.2524449505232922,2.3002427663232994,0.0,3.164701854422241,0.04421395367646437,0.07136180992399299,
SMCI,2021-03-17,2022-04-21,3.8299999237060547,4.271999835968018,1,0.11540467912967123,0.11240467912967123,0.11240467912967123,1.0,0.177906930425953,calm,reactive,shake_out,0.2561495219938206,1.396745810293416,0.0,1.2672707623243828,0.02341084072156568,0.07136180992399299,
STT,2021-03-19,2022-04-25,71.30618286132812,62.027347564697266,3,-0.13012665836671933,-0.13312665836671933,-0.13312665836671933,1.0,0.15550537258738772,normal,reactive,transition,0.20770317741305133,0.8666088550962374,-0.012785498867257439,1.5129524197673596,0.020268014723629126,0.06124875579495148,
MO,2021-03-26,2022-05-02,35.580257415771484,40.31970977783203,3,0.13320455517445784,0.13020455517445784,0.13020455517445784,1.0,0.17504955146738765,calm,reserved,transition,0.31098077259328516,0.550609747835902,0.0,1.2637922459604725,0.01749362718921982,0.0649778666525016,
MUSA,2021-03-26,2022-05-02,148.57266235351562,227.3011474609375,3,0.5298988647056371,0.5268988647056371,0.5268988647056371,1.0,0.18384518528074395,calm,reactive,transition,0.1704610838853695,0.8431900733955096,0.0,1.2370923814101165,0.019851772211315868,0.0649778666525016,
HD,2021-03-30,2022-05-04,269.7541809082031,284.80126953125,1,0.055780742943025485,0.05278074294302548,0.05278074294302548,1.0,0.15007133590078567,calm,balanced,transition,0.16220832473496705,0.6703984298531984,0.0,0.9075888741483596,0.012126575432252176,0.0696905012065685,
DBX,2021-03-31,2022-05-05,26.65999984741211,21.299999237060547,1,-0.20105028661025515,-0.20405028661025515,-0.20405028661025515,1.0,0.1611826788802221,calm,reactive,insufficient_data,0.19928026974354696,0.49105151559017557,-0.0498930735985762,0.5276793062825113,0.027788202439901863,0.06601529922367977,
UTHR,2021-04-01,2022-05-06,192.33999633789062,184.08999633789062,1,-0.04289279482727515,-0.04589279482727515,-0.04589279482727515,1.0,0.16528366060588076,calm,reactive,transition,0.17631950828454945,1.056452462826992,0.0,3.819186948021304,0.03787765276456833,0.07249735399349455,
PHM,2021-04-01,2022-05-06,50.97075271606445,41.249412536621094,1,-0.19072388892502046,-0.19372388892502046,-0.19372388892502046,1.0,0.15252973850272158,calm,reactive,shake_out,0.3129443405051451,1.7354176879265815,0.0,0.8101063157912004,0.026559295423791176,0.07249735399349455,
DG,2021-04-16,2022-05-23,199.93215942382812,180.8116912841797,3,-0.0956347802912273,-0.0986347802912273,-0.0986347802912273,1.0,0.15534798182660808,calm,reserved,transition,0.0455934546520087,0.1989946666932647,-0.02438066591904764,0.8572141657136684,0.01184286882974827,0.08626890780263174,
HOG,2021-04-19,2022-05-24,39.91751480102539,28.932392120361328,1,-0.2751955560214856,-0.2781955560214856,-0.2781955560214856,1.0,0.19494799673782276,calm,reactive,transition,0.07562354819961858,1.4053090341456778,0.0,6.3922817321740535,0.03334367766137435,0.08376735920780254,
EFX,2021-04-22,2022-05-27,213.51939392089844,200.5885772705078,2,-0.06056038476383574,-0.06356038476383574,-0.06356038476383574,1.0,0.19349372088251915,calm,reactive,transition,0.24166169908769874,0.7021891777743825,0.0,4.519509052115681,0.03554518321856303,0.10243495573890615,
EPAM,2021-04-23,2022-05-31,458.1499938964844,338.5199890136719,4,-0.26111536936927693,-0.26411536936927693,-0.26411536936927693,1.0,0.1524881710379371,calm,reactive,growth,0.312863547851872,1.2565630530024032,0.0,0.6766866843358943,0.01575938418962688,0.10371023008413283,
HALO,2021-04-27,2022-06-01,51.11000061035156,45.400001525878906,1,-0.11171980074905696,-0.11471980074905697,-0.11471980074905697,1.0,0.16060672471620396,calm,reactive,growth,0.07238776277769521,1.1992255212441627,-0.006608360496523025,0.6772327381923191,0.015448265512425258,0.10939995009616865,
UPS,2021-05-03,2022-06-07,171.32586669921875,154.45599365234375,1,-0.09846658517999451,-0.10146658517999452,-0.10146658517999452,1.0,0.19230246824069275,calm,reactive,transition,0.2990846484410885,1.4157684014689527,0.0,1.7715495861740307,0.027180557285442032,0.07868367589471048,
BX,2021-05-04,2022-06-08,75.16584014892578,102.78655242919922,1,0.36746362743433236,0.36446362743433236,0.36446362743433236,1.0,0.15504425074864342,calm,balanced,growth,0.26359668586233,0.8130267621074947,-0.003946851213647351,0.8985311108418853,0.014431472428740141,0.06360984239122747,
APO,2021-05-05,2022-06-09,50.95199966430664,52.916259765625,2,0.03855118767192134,0.035551187671921336,0.035551187671921336,1.0,0.16066639604483843,calm,balanced,shake_out,0.13244713682532683,0.4190823832596067,0.0,1.195035777493812,0.013588617554461158,0.06554456387413099,
EQT,2021-05-07,2022-06-13,19.380178451538086,42.60740661621094,4,1.1985043493151863,1.1955043493151865,1.1955043493151865,1.0,0.1922227712082747,calm,reactive,declining,0.22935241245466442,0.4789134504513972,0.0,2.112020415534786,0.03970296889288089,0.08074298824573178,
HSIC,2021-05-10,2022-06-14,82.97000122070312,75.0,1,-0.09605882973898772,-0.09905882973898772,-0.09905882973898772,1.0,0.15958512867762803,calm,reactive,transition,0.19450046522172415,0.49576346484261746,0.0,0.9746719674487186,0.020884350991514988,0.06445007601880848,
VTRS,2021-05-11,2022-06-15,12.270766258239746,9.040085792541504,1,-0.2632826995240708,-0.2662826995240708,-0.2662826995240708,1.0,0.15366361551698887,normal,reactive,transition,-0.174481765091136,-0.0671595239790348,-0.19382313925270112,1.0963559265392813,0.018660674708589155,0.05581817704355929,
STLD,2021-05-11,2022-06-15,59.54424285888672,67.81488800048828,1,0.13889915707219713,0.13589915707219713,0.13589915707219713,1.0,0.24378621073909634,normal,reactive,transition,0.5702408471746074,1.853950555818741,0.0,1.2252523508447908,0.02192844905060875,0.05581817704355929,
GEN,2021-05-12,2022-06-16,22.56914520263672,20.140239715576172,1,-0.10762062387621052,-0.11062062387621052,-0.11062062387621052,1.0,0.17674310719854117,normal,reactive,transition,0.190592725960661,0.2548854998424066,0.0,3.746702337678762,0.03102004047165912,0.03350264625968968,
SW,2021-05-12,2022-06-16,47.02750015258789,29.500062942504883,1,-0.3727061220182354,-0.3757061220182354,-0.3757061220182354,1.0,0.15043927292733456,normal,herd,shake_out,0.13181750785769086,0.9320912842741926,0.0,0.12422360248447205,0.023692129718648,0.03350264625968968,
GWW,2021-05-13,2022-06-17,442.73663330078125,426.796142578125,1,-0.03600445394322449,-0.03900445394322449,-0.03900445394322449,1.0,0.15352979872467964,normal,reactive,shake_out,0.2420429078418267,0.7062375972943122,-0.019231655880481924,0.764199900476292,0.015246336406468325,0.05072344212728086,
MTZ,2021-05-13,2022-06-17,116.79000091552734,69.4000015258789,1,-0.40577103363433475,-0.40877103363433476,-0.40877103363433476,1.0,0.1840973507392215,normal,reactive,shake_out,0.39467403743578355,2.600185137473158,-0.014097570334729248,1.164752781579104,0.01937903703328465,0.05072344212728086,
WTS,2021-05-13,2022-06-17,133.3830108642578,113.63729095458984,1,-0.1480377432007659,-0.1510377432007659,-0.1510377432007659,1.0,0.15883667128079723,normal,reactive,transition,0.1777686622249568,0.9046051219636018,-0.0029499551284712933,1.0423321534432646,0.01827624997126502,0.05072344212728086,
GTLS,2021-05-18,2022-06-22,151.5399932861328,157.25,5,0.03767986648307242,0.03467986648307242,0.03467986648307242,1.0,0.17586059567964202,normal,reactive,growth,0.10669686257082245,3.316148978973641,-0.08318712903688874,1.2679949130987707,0.03774799346514674,0.0634981858200343,
WCC,2021-05-21,2022-06-27,100.83277893066406,108.72126007080078,4,0.07823330095425707,0.07523330095425707,0.07523330095425707,1.0,0.1516626372731333,calm,reactive,transition,0.29446940614868256,2.751624206667059,-0.058013173777659466,0.7055569410751128,0.03312624561128548,0.09044775717835529,
NEM,2021-05-27,2022-07-01,62.89969253540039,54.89960479736328,2,-0.12718802613438218,-0.13018802613438218,-0.13018802613438218,1.0,0.16254691662634593,calm,reactive,transition,0.31883797037777395,0.28106607831149644,-0.017343299923705868,1.2066467706858803,0.016363683690796403,0.11474415756819623,
NTNX,2021-06-01,2022-07-06,32.54999923706055,14.880000114440918,7,-0.5428571286263211,-0.5458571286263211,-0.5458571286263211,1.0,0.19970433355143036,calm,reactive,transition,0.26555210365654025,0.33511076117842853,-0.07185630110329266,1.0894139820053725,0.02899066724913186,0.09962184350492742,
IDCC,2021-06-03,2022-07-08,76.0877456665039,59.64006805419922,9,-0.2161672351865387,-0.2191672351865387,-0.2191672351865387,1.0,0.1858403895088083,calm,reactive,transition,0.2784823643821772,0.49974018017533006,0.0,0.7872083226491813,0.02220233084444206,0.07541789280408207,
NVDA,2021-06-03,2022-07-08,16.927087783813477,15.812559127807617,9,-0.06584290636642331,-0.06884290636642332,-0.06884290636642332,1.0,0.15135734769114126,calm,balanced,growth,0.36103700318379506,0.9375692979766328,0.0,1.4871809335777746,0.02521902296032429,0.07541789280408207,
CCL,2021-06-04,2022-07-11,30.399478912353516,8.450935363769531,12,-0.7220039399972971,-0.7250039399972971,-0.7250039399972971,1.0,0.16249962893174935,calm,reactive,transition,0.11175834301007326,0.4198047399925795,-0.024592767433585738,0.7043887985170991,0.028111743543074143,0.07375602063941233,
RCL,2021-06-04,2022-07-11,91.95563507080078,31.85748863220215,12,-0.6535558847734166,-0.6565558847734166,-0.6565558847734166,1.0,0.1515969293450187,calm,reactive,transition,0.06909877704976752,0.3546946426277333,-0.030006222609092026,0.6952465258750299,0.02870321940906316,0.07375602063941233,
TRGP,2021-06-04,2022-07-11,41.935279846191406,54.22324752807617,12,0.29302219341218416,0.29002219341218416,0.29002219341218416,1.0,0.2202277664411431,calm,reactive,transition,0.34710648452373927,1.0121268496218665,0.0,5.403739042449574,0.03162088518602072,0.07375602063941233,
DOCU,2021-06-04,2022-07-11,233.24000549316406,63.11000061035156,12,-0.729420343320129,-0.732420343320129,-0.732420343320129,1.0,0.1909146983688231,calm,reactive,insufficient_data,0.03560964492048724,0.6702950910386085,-0.1322916068254928,5.784449020008488,0.050600160883603536,0.07375602063941233,
NCLH,2021-06-07,2022-07-12,33.11000061035156,11.600000381469727,13,-0.6496526678455244,-0.6526526678455244,-0.6526526678455244,1.0,0.16181577692328844,calm,reactive,transition,0.07744878306438241,0.23268800662615452,-0.0006036962607562923,0.8891835442450149,0.029670664872391346,0.07181220116170706,
LNTH,2021-06-07,2022-07-12,25.18000030517578,66.08999633789062,13,1.6247019673111658,1.621701967311166,1.621701967311166,1.0,0.15347101170350808,calm,reactive,declining,0.28142497679392453,0.6234687255701663,0.0,0.6366326422423348,0.0475938372813256,0.07181220116170706,
INTU,2021-06-08,2022-07-13,450.0410461425781,373.23834228515625,14,-0.17065710898087705,-0.17365710898087705,-0.17365710898087705,1.0,0.15605936925299535,calm,reactive,growth,0.17409636160933406,0.6078921226512144,0.0,1.0627470771301202,0.014563119087079019,0.06508534470975746,
CVLT,2021-06-08,2022-07-13,79.33999633789062,57.650001525878906,14,-0.2733803354318176,-0.2763803354318176,-0.2763803354318176,1.0,0.1701236338157654,calm,balanced,transition,0.17107005664783204,0.9412771815854748,0.0,0.473032762707976,0.019435946369603236,0.06508534470975746,
TTD,2021-06-08,2022-07-13,60.48699951171875,44.15999984741211,14,-0.2699257658026738,-0.2729257658026738,-0.2729257658026738,1.0,0.19460387453634007,calm,reactive,growth,-0.20229205833982733,0.6664003237731893,-0.3771418587213866,0.9709282398030723,0.025531681369716633,0.06508534470975746,
AMKR,2021-06-09,2022-07-14,21.63721466064453,15.993896484375,15,-0.2608153713303054,-0.2638153713303054,-0.2638153713303054,1.0,0.1511155183833968,calm,reactive,shake_out,0.0023047262482651654,0.8669903360016853,-0.12193838206180618,1.4506417995806062,0.015628792625496594,0.06481419187419823,
TKO,2021-06-09,2022-07-14,60.071510314941406,59.113739013671875,15,-0.015943852522571023,-0.018943852522571022,-0.018943852522571022,1.0,0.1748933628237161,calm,reactive,shake_out,0.11711730501187256,0.3951822694018787,0.0,6.373795795822871,0.03004780016214697,0.06481419187419823,
LLY,2021-06-09,2022-07-14,215.95614624023438,316.7647399902344,15,0.46680122564262794,0.46380122564262793,0.46380122564262793,1.0,0.1508223681227742,calm,reserved,growth,0.1890974643222081,0.5247332667903082,0.0,1.2693313304842462,0.02441552992969071,0.06481419187419823,
ILMN,2021-06-11,2022-07-18,440.82684326171875,182.188720703125,4,-0.5867113732115455,-0.5897113732115455,-0.5897113732115455,1.0,0.15526893242493756,calm,reactive,shake_out,0.10748064306650318,0.3265712093459583,-0.10220702719188224,0.7623998704809763,0.01578926228048417,0.08478696852496026,
DXCM,2021-06-11,2022-07-18,100.04750061035156,76.98999786376953,4,-0.23046555492058296,-0.23346555492058296,-0.23346555492058296,1.0,0.165588907329253,calm,reactive,growth,0.17997938859923002,0.08092264421045137,-0.11421236664729162,0.8272093716950945,0.015400073702002057,0.08478696852496026,
CVNA,2021-06-16,2022-07-21,279.4599914550781,28.209999084472656,1,-0.8990553211656872,-0.9020553211656872,-0.9020553211656872,1.0,0.15857176611490414,calm,reactive,growth,0.019294517154546886,1.3491929523018538,-0.11237455626458015,1.184229401505485,0.02385615311908629,0.08008658035684735,
RMBS,2021-06-18,2022-07-25,22.270000457763672,23.770000457763672,3,0.06735518496485149,0.06435518496485149,0.06435518496485149,1.0,0.15262542843815724,calm,balanced,transition,0.16964282494347072,0.4738584357228861,0.0,2.377424228186464,0.020367741268069228,0.0657191098901333,
FANG,2021-06-21,2022-07-26,74.42693328857422,99.96414947509766,1,0.3431179420964243,0.3401179420964243,0.3401179420964243,1.0,0.1656925067600265,calm,reactive,transition,0.21336520702069395,1.0473182074792597,0.0,1.1823564610097144,0.030610440219574223,0.06296326053845158,
FSLR,2021-06-28,2022-08-02,92.70999908447266,99.72000122070312,1,0.07561214761574209,0.07261214761574208,0.07261214761574208,1.0,0.16879713439694277,calm,reactive,shake_out,0.11537531305345117,0.8687764149135668,-0.13782200188844018,1.7520311807552016,0.025245676699277547,0.05215906083169264,
PEGA,2021-06-29,2022-08-03,70.2220687866211,19.979183197021484,1,-0.7154856935683448,-0.7184856935683448,-0.7184856935683448,1.0,0.15316829718518843,calm,reactive,growth,0.18227289490000742,0.4038300276338398,-0.032391450909210584,0.5663242765628451,0.015019642803642465,0.053476454345090074,
DECK,2021-07-02,2022-08-08,65.4383316040039,53.36000061035156,3,-0.18457577840987194,-0.18757577840987194,-0.18757577840987194,1.0,0.15231073111926113,calm,reactive,growth,0.1466997564921826,1.0145201977943024,0.0,0.6137354651162791,0.019900833995686033,0.054141651239353106,
MASI,2021-07-02,2022-08-08,252.02999877929688,154.61000061035156,3,-0.38654127937466753,-0.38954127937466754,-0.38954127937466754,1.0,0.1513875458514193,calm,reactive,growth,0.07626938015119333,0.07429664203883424,-0.111788550557544,0.5168347113864338,0.015091262744688753,0.054141651239353106,
NOW,2021-07-06,2022-08-10,111.697998046875,103.23999786376953,1,-0.07572203916811471,-0.07872203916811471,-0.07872203916811471,1.0,0.1551749801772597,calm,reactive,growth,0.040018589012407624,0.35641422531691935,-0.060524495058097316,0.5681676058703505,0.016743401024948187,0.05221664598248155,
HCA,2021-07-20,2022-08-24,239.1558837890625,204.0277557373047,1,-0.14688381274675688,-0.14988381274675688,-0.14988381274675688,1.0,0.1682060955721893,calm,reactive,shake_out,0.24389750297019797,1.2925941636802456,0.0,3.4643322645161057,0.03445362133671035,0.03234293885693118,
CMG,2021-07-21,2022-08-25,35.11980056762695,33.264801025390625,2,-0.05281919351063302,-0.055819193510633025,-0.055819193510633025,1.0,0.16917490320018408,calm,reactive,growth,0.19547002905685407,0.48151053666597554,0.0,4.161593966208391,0.028530367021577484,0.04107504627435876,
DPZ,2021-07-22,2022-08-26,505.5859680175781,369.6430969238281,1,-0.26888181178521864,-0.27188181178521864,-0.27188181178521864,1.0,0.16072027256105303,calm,balanced,growth,0.3366516776804813,0.42541240665838975,0.0,4.811383504370961,0.03394245219589597,0.04405734320374566,
ALB,2021-07-29,2022-09-02,191.60540771484375,247.21575927734375,2,0.29023372683333637,0.28723372683333637,0.28723372683333637,1.0,0.152495168301083,calm,reactive,transition,0.21612130287628872,1.471759667297054,0.0,2.032415027118793,0.028502120503040615,0.06036104031950429,
RGEN,2021-07-29,2022-09-02,241.0,210.33999633789062,2,-0.12721993220792271,-0.13021993220792272,-0.13021993220792272,1.0,0.1551337200426786,calm,balanced,growth,0.2371028336341594,0.5933884297520662,0.0,1.2290705041180197,0.02699694172278702,0.06036104031950429,
RVTY,2021-07-30,2022-09-06,180.17539978027344,130.93441772460938,4,-0.2732947012506378,-0.2762947012506378,-0.2762947012506378,1.0,0.15183225637435419,calm,balanced,growth,0.32591997121777383,0.5356089255637098,0.0,1.5496743512870879,0.01550247600801974,0.04608690053757636,
MPWR,2021-07-30,2022-09-06,433.8689880371094,406.8866271972656,4,-0.06219011172454647,-0.06519011172454647,-0.06519011172454647,1.0,0.15447338650882536,calm,reactive,growth,0.34975381290464314,0.7064959348793283,0.0,1.047728071269084,0.019813879076095588,0.04608690053757636,
EXPO,2021-08-02,2022-09-06,102.28217315673828,88.47512817382812,4,-0.13498974999047086,-0.13798974999047087,-0.13798974999047087,1.0,0.17170544833769247,calm,reactive,transition,0.12921209950636303,0.30996914231665174,0.0,1.543396898948494,0.019545834932018325,0.03651657492502913,
AMD,2021-08-03,2022-09-07,112.55999755859375,79.61000061035156,5,-0.2927327439847347,-0.2957327439847347,-0.2957327439847347,1.0,0.15333305856028198,calm,reactive,growth,0.4812475420829041,0.3236123747270747,0.0,2.5091440291476244,0.024856194750378393,0.056040023758715085,
PFE,2021-08-03,2022-09-07,36.26255416870117,37.81682205200195,5,0.04286151152149942,0.039861511521499415,0.039861511521499415,1.0,0.15702193898316402,calm,reactive,mature,0.15639029282880101,0.3051647723996276,0.0,1.634027559870483,0.012744995561786425,0.056040023758715085,
PAG,2021-08-03,2022-09-07,80.41781616210938,103.4781494140625,5,0.28675652178202915,0.28375652178202915,0.28375652178202915,1.0,0.15152531250433013,calm,reactive,shake_out,-0.015033725474951631,1.045138860256536,-0.022167492711613668,1.1155175768096857,0.025489870939766564,0.056040023758715085,
ON,2021-08-04,2022-09-08,45.66999816894531,70.55000305175781,6,0.5447778822056184,0.5417778822056184,0.5417778822056184,1.0,0.19501638199269866,calm,reactive,shake_out,0.22867905350346662,1.1481654598903694,0.0,1.2527331764901302,0.03566173854539303,0.06034538009697421,
RBC,2021-08-04,2022-09-08,220.8809814453125,251.81858825683594,6,0.1400646022536043,0.13706460225360428,0.13706460225360428,1.0,0.15921346336170142,calm,reactive,shake_out,0.19518683948794324,0.8139548143343178,-0.04095839657365696,0.6214491740232497,0.04133630964553046,0.06034538009697421,
PCTY,2021-08-06,2022-09-12,241.8000030517578,261.4700012207031,4,0.08134821307150641,0.07834821307150641,0.07834821307150641,1.0,0.1881234233485939,calm,reactive,growth,0.5230537378315814,0.8207831136684391,0.0,2.580505934540223,0.029921833627403884,0.07878906250000006,
CAR,2021-08-10,2022-09-14,81.52870178222656,158.62991333007812,1,0.9456940913127578,0.9426940913127578,0.9426940913127578,1.0,0.17197991364554305,calm,reactive,transition,-0.025550758649568017,1.6840787227246157,-0.08945249289383661,1.1583232891388777,0.058546611354251,0.06568362001487604,
BLD,2021-08-10,2022-09-14,220.4499969482422,169.3300018310547,1,-0.2318892983663301,-0.2348892983663301,-0.2348892983663301,1.0,0.15216422656849457,calm,reactive,growth,0.07024954617361678,0.5305838979145368,-0.05003016776909219,0.4661897069005308,0.022797519011354038,0.06568362001487604,
AON,2021-08-11,2022-09-15,264.82867431640625,273.52655029296875,2,0.03284340715375356,0.029843407153753557,0.029843407153753557,1.0,0.16434595649031078,calm,reactive,mature,0.07666594706190333,0.4343135380880234,0.0,0.485292701827818,0.021828136818450673,0.07620955130689211,
BLDR,2021-08-11,2022-09-15,50.2400016784668,55.29999923706055,2,0.10071650854984937,0.09771650854984937,0.09771650854984937,1.0,0.152512968304741,calm,reactive,shake_out,0.09574707416453965,0.6548089811742934,-0.04048890197044119,1.028857242818084,0.02398450424509271,0.07620955130689211,
WST,2021-08-18,2022-09-22,437.0636901855469,250.66197204589844,1,-0.4264863962058143,-0.4294863962058143,-0.4294863962058143,1.0,0.17721262528971377,normal,reactive,growth,0.2810481269761307,0.6119833332639242,0.0,0.9350584018487369,0.014515107644046892,0.0506527119871194,
BALL,2021-08-20,2022-09-26,88.95121765136719,45.98897171020508,5,-0.4829865973228954,-0.4859865973228954,-0.4859865973228954,1.0,0.1672802923780089,calm,reactive,transition,0.14703045495507894,0.2437137275044523,-0.02854389411532776,1.3037413390216213,0.016581774864745245,0.057318953595333566,
DKS,2021-08-25,2022-09-29,111.69908905029297,103.7917251586914,1,-0.07079165961721712,-0.07379165961721712,-0.07379165961721712,1.0,0.21210692333530243,calm,reactive,growth,0.343756209674688,1.4480078386423498,0.0,8.263282412413245,0.03719513297630816,0.06845570378140287,
SGI,2021-08-25,2022-09-29,42.95464324951172,23.530704498291016,1,-0.4521964863819816,-0.4551964863819816,-0.4551964863819816,1.0,0.1548136221543593,calm,reactive,shake_out,0.17947343893911416,1.0704485232453096,0.0,0.9014584654407102,0.012663936641454746,0.06845570378140287,
WSM,2021-08-26,2022-09-30,85.2078857421875,54.86406326293945,1,-0.356115190688559,-0.359115190688559,-0.359115190688559,1.0,0.16780399002840718,calm,reactive,growth,0.14107272832043471,1.0829798013755458,0.0,5.012038820566009,0.030335804177005585,0.06610059885009334,
EXEL,2021-09-02,2022-10-07,20.270000457763672,15.399999618530273,1,-0.24025657273076806,-0.24325657273076806,-0.24325657273076806,1.0,0.1543973848382441,calm,reactive,declining,-0.11677560854392433,-0.022190019036683162,-0.24758722880727912,1.1502178763120958,0.02077214937108886,0.07024235988657246,
PANW,2021-09-03,2022-10-10,78.03666687011719,81.56999969482422,3,0.04527785419881969,0.04227785419881969,0.04227785419881969,1.0,0.19270527059383588,calm,reactive,growth,0.27984915720567693,0.9869296967104539,0.0,0.4890583597233891,0.0448214463730565,0.06780325051038893,
NFLX,2021-09-08,2022-10-13,60.60499954223633,23.250999450683594,1,-0.6163517923223528,-0.6193517923223528,-0.6193517923223528,1.0,0.15136175388044926,calm,reactive,growth,0.2320593867495917,0.21163954341386848,-0.0010878655458042008,1.6447672629308057,0.011916884253286878,0.06298700611796049,
PWR,2021-09-10,2022-10-17,114.9052734375,129.0474395751953,4,0.1230767371646142,0.1200767371646142,0.1200767371646142,1.0,0.17133672772226807,normal,reactive,shake_out,0.3296229622776883,1.2529611613124136,-0.0017241475306086773,1.194192508263607,0.029754095113906736,0.05607012608414008,
CTRA,2021-09-13,2022-10-18,14.817063331604004,25.480846405029297,5,0.719696125660745,0.716696125660745,0.716696125660745,1.0,0.18816671933757356,calm,reactive,declining,0.24646587822646282,0.045165512724066215,-0.03567049496189778,1.103609206840631,0.027092624137799944,0.07255091768439526,
FN,2021-09-13,2022-10-18,106.20999908447266,101.66999816894531,5,-0.04274551317825093,-0.04574551317825093,-0.04574551317825093,1.0,0.1631005560228605,calm,balanced,growth,0.16496655936810511,0.7566986551898496,0.0,0.5320495185694636,0.02601708594971035,0.07255091768439526,
CHDN,2021-09-14,2022-10-19,108.02513122558594,98.17384338378906,1,-0.09119440754230324,-0.09419440754230324,-0.09419440754230324,1.0,0.16316185271205397,calm,reactive,growth,0.10695567195684474,0.34313245702096995,-0.13647626608304242,0.9577567370721048,0.01344136219336386,0.051661683446269535,
HGV,2021-09-14,2022-10-19,46.56999969482422,37.70000076293945,1,-0.19046594352609747,-0.19346594352609747,-0.19346594352609747,1.0,0.16057813825631143,calm,reactive,transition,0.07304142989615059,1.0846015835603966,-0.005552041983010403,1.0813237449072075,0.020704956195093323,0.051661683446269535,
BKR,2021-09-15,2022-10-20,22.562402725219727,23.922557830810547,1,0.0602841427021632,0.0572841427021632,0.0572841427021632,1.0,0.15241147141301392,calm,reactive,transition,0.0609167175860541,0.7343696369995041,-0.035199659532042515,1.9396937069286904,0.024452308175977627,0.055166270367331016,
LSCC,2021-09-20,2022-10-25,64.08999633789062,51.529998779296875,1,-0.19597438408914614,-0.19897438408914614,-0.19897438408914614,1.0,0.15534162765368195,normal,reactive,growth,0.14712721609369384,1.3045666151982012,-0.04214627364929735,1.0241087878036035,0.016776754873996165,0.01799466947967998,
VICR,2021-09-23,2022-10-28,139.0,49.95000076293945,1,-0.6406474765256154,-0.6436474765256154,-0.6436474765256154,1.0,0.15898916816109912,calm,reactive,growth,0.31454513720608457,0.8538276043854873,0.0,1.5007404969557347,0.019616687480570844,0.03524839568789995,
MTN,2021-09-24,2022-10-31,288.7958984375,185.3486785888672,3,-0.35820183184152954,-0.36120183184152954,-0.36120183184152954,1.0,0.1688734060963146,calm,reactive,shake_out,0.08935250085932478,0.5619728406199982,0.0,2.9101297464587548,0.024517892249049232,0.03137544523787472,
AN,2021-09-28,2022-11-02,122.4800033569336,106.30000305175781,1,-0.13210319939348558,-0.13510319939348558,-0.13510319939348558,1.0,0.15908118678116412,normal,reactive,transition,0.2565917905305024,1.3535741968134523,-0.024840725757097393,0.6010820773292921,0.023681817563444573,0.0020927270540280762,
FITB,2021-09-28,2022-11-02,36.38817596435547,30.145444869995117,1,-0.17155933016470803,-0.17455933016470804,-0.17455933016470804,1.0,0.17562139346120814,normal,reactive,transition,0.16747035027689194,1.1539592310099756,-0.000687967503880671,1.1800880239315064,0.0215432899683182,0.0020927270540280762,
OKE,2021-09-28,2022-11-02,45.545841217041016,49.7750129699707,1,0.09285527810928529,0.08985527810928529,0.08985527810928529,1.0,0.1566534715493837,normal,reactive,transition,0.04993398983250841,1.3903352095672918,-0.010526587091016393,1.066502627637956,0.02176572324288102,0.0020927270540280762,
MAR,2021-09-28,2022-11-02,147.83665466308594,147.7968292236328,1,-0.0002693881266718767,-0.003269388126671877,-0.003269388126671877,1.0,0.18500476947353972,normal,reactive,transition,0.09605362353205238,0.6476077340413782,-0.02482549293320735,1.0937178323891146,0.014393815586211216,0.0020927270540280762,
MOS,2021-09-28,2022-11-02,32.84200668334961,47.05284118652344,1,0.4327029904167976,0.4297029904167976,0.4297029904167976,1.0,0.18600034201756357,normal,reactive,transition,0.20981889537391907,1.0501853167769073,-0.022137073805958196,1.2726822149406614,0.023935827091800956,0.0020927270540280762,
AAL,2021-09-28,2022-11-02,21.43000030517578,13.579999923706055,1,-0.3663089253234304,-0.3693089253234304,-0.3693089253234304,1.0,0.15989616015290398,normal,reactive,transition,0.01999048413700555,0.7493877800143496,-0.17002321617100713,0.7866811717101152,0.02697289200301229,0.0020927270540280762,
THO,2021-09-29,2022-11-03,115.3702392578125,70.66190338134766,1,-0.3875205266460201,-0.3905205266460201,-0.3905205266460201,1.0,0.17185068736364917,normal,reactive,declining,0.13917940224188108,0.3586433663229165,-0.15708619022981263,1.7265211424089928,0.02849757280728817,0.0003051946960657137,
VLO,2021-09-30,2022-11-04,60.973323822021484,115.85706329345703,1,0.9001270724823667,0.8971270724823667,0.8971270724823667,1.0,0.1737835520947409,normal,reactive,transition,0.018881230322822073,0.8601638674038679,-0.15171718484029162,1.1600893796975125,0.023472511723865573,-0.0030734410821333658,
CFG,2021-09-30,2022-11-04,38.78684997558594,34.723270416259766,1,-0.10476693935918902,-0.10776693935918902,-0.10776693935918902,1.0,0.1571923641266951,normal,reactive,transition,0.08881465979507963,0.926527472381723,-0.06568834653483546,1.4489582081559769,0.021943653337695324,-0.0030734410821333658,
BYD,2021-10-01,2022-11-07,63.551422119140625,56.08346176147461,3,-0.11751051524332123,-0.12051051524332124,-0.12051051524332124,1.0,0.15666196088166007,normal,reactive,transition,0.1610422910487892,1.0769471429332804,-0.03740232822155087,0.966412010698506,0.023874165068188156,-0.0028629415349791243,
KEY,2021-10-01,2022-11-07,17.85419464111328,15.197975158691406,3,-0.14877285342825464,-0.15177285342825464,-0.15177285342825464,1.0,0.16318734069020674,normal,reactive,transition,0.11748193920077576,0.8980056700464447,-0.03400358484302202,1.0962031183836867,0.020075051504380652,-0.0028629415349791243,
LUV,2021-10-01,2022-11-07,50.349422454833984,34.64707565307617,3,-0.31186746612324345,-0.31486746612324346,-0.31486746612324346,1.0,0.15124533241466706,normal,reactive,transition,0.028576934853282276,0.4022187456309474,-0.15210614798250355,1.7936092134993595,0.020519112981008406,-0.0028629415349791243,
LYV,2021-10-01,2022-11-07,98.7300033569336,73.26000213623047,3,-0.25797630258982895,-0.26097630258982896,-0.26097630258982896,1.0,0.18812617933895723,normal,reactive,shake_out,0.18013386367624085,0.8039467236015871,0.0,2.0804585648876306,0.025580933930048125,-0.0028629415349791243,
UAL,2021-10-01,2022-11-07,51.34000015258789,42.779998779296875,3,-0.166731619552976,-0.169731619552976,-0.169731619552976,1.0,0.16406742627103427,normal,reactive,transition,0.004696706176778864,0.4257151498362519,-0.1779023294575317,1.731269995092091,0.028017443196056972,-0.0028629415349791243,
DAL,2021-10-01,2022-11-07,44.02783203125,32.3659782409668,3,-0.26487458619370297,-0.26787458619370297,-0.26787458619370297,1.0,0.16672673477297245,normal,reactive,transition,0.05731611049534657,0.4292916167986871,-0.12139386606485325,1.68952790390495,0.024255967787026888,-0.0028629415349791243,
HLT,2021-10-01,2022-11-07,136.37496948242188,127.5027084350586,3,-0.06505784075359133,-0.06805784075359134,-0.06805784075359134,1.0,0.15822362329429102,normal,reactive,shake_out,0.09599333535712118,0.5705999571389522,-0.004683100058110012,2.2286420380174654,0.01910090471375186,-0.0028629415349791243,
WH,2021-10-01,2022-11-07,73.71897888183594,66.50604248046875,3,-0.0978436830077204,-0.1008436830077204,-0.1008436830077204,1.0,0.16620960529563505,normal,reactive,insufficient_data,0.11618199790521522,0.6101973507425285,0.0,1.5566678423220945,0.01609211266271572,-0.0028629415349791243,
WMB,2021-10-04,2022-11-08,22.269262313842773,29.148326873779297,1,0.3089040159026928,0.3059040159026928,0.3059040159026928,1.0,0.15703414598481719,normal,reactive,transition,0.049076780639528916,0.49516812739636706,-0.0006473469730130521,1.9121570492952336,0.01670871773862636,-0.019196585373132957,
ALK,2021-10-04,2022-11-08,62.09000015258789,45.119998931884766,1,-0.27331295182797355,-0.27631295182797355,-0.27631295182797355,1.0,0.16280939838093145,normal,reactive,transition,0.04055642798564807,0.6526484071582688,-0.15798749726985828,1.0042209599576282,0.02416947761220783,-0.019196585373132957,
CHH,2021-10-04,2022-11-08,127.69265747070312,112.15606689453125,1,-0.12167176158689064,-0.12467176158689064,-0.12467176158689064,1.0,0.1732651539340775,normal,reactive,shake_out,0.11631142580767495,0.5088741942518664,-0.002473413487029008,1.4455634131020647,0.016763861595222695,-0.019196585373132957,
CW,2021-10-04,2022-11-08,127.14785766601562,173.72264099121094,1,0.3663041138100429,0.3633041138100429,0.3633041138100429,1.0,0.15689308876811486,normal,reactive,transition,0.06465535222438246,0.3698559785367208,-0.0222610059206938,0.7619408642911296,0.018279672589051117,-0.019196585373132957,
RF,2021-10-04,2022-11-08,18.09273910522461,19.555076599121094,1,0.08082454985902099,0.07782454985902099,0.07782454985902099,1.0,0.1829451676289073,normal,reactive,transition,0.09864431745702307,0.7927085013559454,-0.062086014384212684,0.8858407980456026,0.02153292242684769,-0.019196585373132957,
HXL,2021-10-04,2022-11-08,59.92123031616211,56.555999755859375,1,-0.05616090561803866,-0.05916090561803866,-0.05916090561803866,1.0,0.17356078319262605,normal,reactive,transition,0.007453156576127329,0.6599044296901997,-0.0343219796632076,1.0211584974419163,0.0231619250149356,-0.019196585373132957,
MTB,2021-10-04,2022-11-08,133.07391357421875,151.83834838867188,1,0.14100761231454806,0.13800761231454806,0.13800761231454806,1.0,0.16998531583643364,normal,balanced,transition,0.08168696706002332,0.6240363424074518,-0.06769783861186252,1.211101412390758,0.021948180255178314,-0.019196585373132957,
GM,2021-10-04,2022-11-08,51.95860290527344,37.67350387573242,1,-0.27493231593590783,-0.27793231593590784,-0.27793231593590784,1.0,0.16939598059687824,normal,reactive,transition,-0.08461935955783129,0.7435400505218983,-0.15550683654116215,1.696876140190239,0.016436286175976273,-0.019196585373132957,
PSX,2021-10-04,2022-11-08,63.938297271728516,92.71317291259766,1,0.45004131903263045,0.44704131903263045,0.44704131903263045,1.0,0.16132576556741057,normal,reactive,transition,-0.06953397094794722,0.5145589685734979,-0.17166801171651258,1.8846094705208802,0.023462119482420118,-0.019196585373132957,
USB,2021-10-06,2022-11-10,50.21096420288086,38.075687408447266,1,-0.24168579486743513,-0.24468579486743514,-0.24468579486743514,1.0,0.1513252730679083,normal,reactive,transition,0.08653138071134636,0.63518951888791,0.0,0.7807744502562616,0.016275790492186068,-0.002457536172641883,
AYI,2021-10-06,2022-11-10,193.11231994628906,194.85537719726562,1,0.009026131794498404,0.006026131794498404,0.006026131794498404,1.0,0.18266610128969962,normal,reactive,transition,0.17264339919020033,0.7334921113344441,0.0,3.41671455021388,0.0282940985301853,-0.002457536172641883,
GNTX,2021-10-11,2022-11-15,33.60962677001953,27.27071189880371,1,-0.18860414352682608,-0.1916041435268261,-0.1916041435268261,1.0,0.1747030213785206,calm,reactive,transition,0.16915087639585846,0.3353935378047621,-0.02113719936885705,1.1475880788338377,0.01194776449012566,0.02411645944429952,
IBKR,2021-10-11,2022-11-15,17.539533615112305,18.71135902404785,1,0.06681052271115617,0.06381052271115617,0.06381052271115617,1.0,0.17099304724711575,calm,reactive,transition,0.16107985940678748,0.4064296078369296,-0.0855779883220299,0.6824030140823661,0.023651271175172597,0.02411645944429952,
MGM,2021-10-12,2022-11-16,48.670223236083984,37.01694869995117,1,-0.23943334879740397,-0.24243334879740397,-0.24243334879740397,1.0,0.1955591249074899,calm,reactive,transition,0.2683886226241212,1.322627630125949,0.0,2.9854792074155965,0.029850455799114755,0.0063820172229980265,
ARMK,2021-10-12,2022-11-16,25.2645320892334,28.084041595458984,1,0.1115995141436692,0.1085995141436692,0.1085995141436692,1.0,0.16263294718431864,calm,reactive,transition,0.08060643028933923,0.36552663257598517,-0.12287720100302457,0.660883420422795,0.024349663852283068,0.0063820172229980265,
FCX,2021-10-15,2022-11-21,36.22669982910156,34.46670913696289,3,-0.048582694544117455,-0.05158269454411746,-0.05158269454411746,1.0,0.15165061652392267,calm,reactive,shake_out,0.10034293124470128,1.267579593576401,-0.133872469663321,1.241128607389879,0.029600374248165365,0.013504740161583095,
DLTR,2021-10-20,2022-11-25,101.33999633789062,151.3300018310547,2,0.4932899871684029,0.4902899871684029,0.4902899871684029,1.0,0.16018075470824442,calm,reactive,transition,0.023326240402586684,0.06853648514327393,-0.15025998220149162,0.28702006430176313,0.04102686495935136,0.03080229250205635,
TSLA,2021-10-21,2022-11-25,298.0,182.86000061035156,2,-0.3863758368780149,-0.3893758368780149,-0.3893758368780149,1.0,0.15630771748175096,calm,reactive,growth,0.3198493715287156,1.0996266848314318,0.0,1.5786032233461684,0.014261564640656503,0.02955995738981798,
FDS,2021-10-25,2022-11-29,413.6025695800781,433.6375427246094,1,0.04844015636767529,0.04544015636767529,0.04544015636767529,1.0,0.15342092598857518,calm,balanced,transition,0.20737809608848612,0.3558479841647171,0.0,0.8386459105510254,0.008916777362679897,0.04087378117785123,
KKR,2021-10-25,2022-11-29,72.06037902832031,49.30707550048828,1,-0.3157533145765137,-0.3187533145765137,-0.3187533145765137,1.0,0.16011508639420408,calm,reactive,growth,0.1807455096039119,1.0744366930549698,0.0,0.8984512751154388,0.015365976956024999,0.04087378117785123,
HUM,2021-10-28,2022-12-02,446.6289367675781,525.7127075195312,1,0.17706817503655747,0.17406817503655747,0.17406817503655747,1.0,0.1522737820673229,calm,balanced,shake_out,0.1263050605832552,0.1862958217163624,-0.00592047438239951,0.9458443906906836,0.014075717160652784,0.037777386044467676,
ANET,2021-11-02,2022-12-07,30.74187469482422,31.690000534057617,2,0.030841510111061288,0.02784151011106129,0.02784151011106129,1.0,0.2790292394819275,calm,reactive,transition,0.3232983022965934,0.9715018008232981,0.0,5.736611665624202,0.048015668258676,0.04370313908688783,
TER,2021-11-04,2022-12-09,141.9668426513672,91.19651794433594,1,-0.3576210033191318,-0.3606210033191318,-0.3606210033191318,1.0,0.15614843769596498,calm,balanced,growth,0.21961610155494204,0.46051967621272083,0.0,1.0546417678523101,0.030994985510714803,0.04914555735799242,
CHE,2021-11-05,2022-12-12,488.5998229980469,508.9278564453125,4,0.04160466805438623,0.038604668054386226,0.038604668054386226,1.0,0.15098574075684482,calm,reactive,transition,0.08539616789052284,0.006088143095618781,-0.10534885017848383,1.7542269162775939,0.023168602746687837,0.051371930428883106,
QCOM,2021-11-05,2022-12-12,147.57321166992188,112.51116180419922,4,-0.23759088434116493,-0.24059088434116493,-0.24059088434116493,1.0,0.17785380452364608,calm,reactive,growth,0.10191913231552485,0.14560013911105374,0.0,2.6733763077663277,0.031066092709362277,0.051371930428883106,
QLYS,2021-11-05,2022-12-12,135.0399932861328,119.70999908447266,4,-0.11352188213737413,-0.11652188213737413,-0.11652188213737413,1.0,0.15260026222479514,calm,reactive,growth,0.221418200688412,0.46798561171962616,-0.07061259153566735,2.2580645161290325,0.023976966173127365,0.051371930428883106,
KNX,2021-11-08,2022-12-13,55.235313415527344,54.01343536376953,1,-0.022121320151943347,-0.025121320151943346,-0.025121320151943346,1.0,0.15135109276231584,calm,balanced,transition,0.1595438864468135,0.5153649418316364,-0.01772751589689825,0.7030832932727422,0.023133298672000216,0.04955459980907828,
TREX,2021-11-09,2022-12-14,132.8000030517578,46.61000061035156,1,-0.6490210878068605,-0.6520210878068605,-0.6520210878068605,1.0,0.277297681531266,calm,reactive,growth,0.28520275523547167,0.9601476465204106,0.0,3.128723863566274,0.034764819883461036,0.053319616038696394,
THC,2021-11-10,2022-12-15,79.93000030517578,44.5,2,-0.443262857123767,-0.446262857123767,-0.446262857123767,1.0,0.16252524008836577,calm,reactive,growth,0.14562138671278047,1.5278304295931706,0.0,0.8153272913331081,0.028057496970189638,0.05600564063395885,
STRL,2021-11-11,2022-12-16,28.860000610351562,31.010000228881836,3,0.07449755970410843,0.07149755970410843,0.07149755970410843,1.0,0.16546221083116866,calm,reactive,transition,0.3330254558365089,0.9087302135442064,0.0,1.000022007526574,0.025990869905955793,0.05526129775227484,
POOL,2021-11-11,2022-12-16,522.9382934570312,298.56390380859375,3,-0.4290647528700705,-0.4320647528700705,-0.4320647528700705,1.0,0.15989847619951877,calm,balanced,growth,0.14534854186919222,0.6424930336845591,0.0,1.8279643748425944,0.020845244770860978,0.05526129775227484,
AOS,2021-11-12,2022-12-19,75.9176025390625,52.81781005859375,6,-0.3042745253787885,-0.3072745253787885,-0.3072745253787885,1.0,0.17195614849403223,calm,balanced,transition,0.1602773516912961,0.516108632893755,0.0,0.7182155774482242,0.028508490752122848,0.054299436928766376,
REGN,2021-11-15,2022-12-20,643.3834838867188,728.6077880859375,7,0.13246268568222108,0.12946268568222108,0.12946268568222108,1.0,0.15669704238011356,calm,reactive,transition,-0.029312632349360657,0.15812910620916454,-0.04879884764306175,0.9385562530178657,0.022424213900616732,0.04537753498253827,
TMHC,2021-11-16,2022-12-21,33.27000045776367,31.049999237060547,8,-0.06672681665638747,-0.06972681665638747,-0.06972681665638747,1.0,0.15339179477455367,calm,reactive,transition,0.19332860327277235,0.33668144932138544,0.0,1.0215346520465658,0.0267774032654362,0.04785085089475727,
MEDP,2021-11-16,2022-12-21,224.8800048828125,210.58999633789062,8,-0.06354503839667092,-0.06654503839667092,-0.06654503839667092,1.0,0.15011885571430947,calm,reactive,growth,0.2483624161471769,0.8542216948076082,-0.011255704938067157,0.7840164600140777,0.03354714726991592,0.04785085089475727,
KLAC,2021-11-17,2022-12-22,401.9000244140625,362.53955078125,9,-0.09793598218909505,-0.10093598218909505,-0.10093598218909505,1.0,0.19337177294202498,calm,reactive,growth,0.26013652517218744,0.7670886965958734,-0.007939371687251673,1.1617578215663982,0.0199765793673304,0.04280957499063054,
WMS,2021-11-18,2022-12-23,128.00035095214844,81.50562286376953,1,-0.3632390672566239,-0.3662390672566239,-0.3662390672566239,1.0,0.15505968856465985,calm,reactive,growth,0.12939309179270464,0.9709494783650057,-0.014481613205610921,1.1219666670576232,0.025207185577870946,0.0524698073965324,
BMRN,2021-11-19,2022-12-27,91.47000122070312,102.16000366210938,5,0.11686894390230629,0.11386894390230629,0.11386894390230629,1.0,0.20240349027319984,calm,balanced,transition,0.09531791259551703,0.20434502825638545,0.0,3.343804668836177,0.032872139171856184,0.04182177085690708,
MU,2021-11-19,2022-12-27,81.09127807617188,49.17038345336914,5,-0.39364152816556075,-0.39664152816556075,-0.39664152816556075,1.0,0.17125238593840672,calm,reactive,shake_out,0.12359532032436782,0.35417012520294144,-0.13018027930513587,2.8315748472775324,0.022885451426421826,0.04182177085690708,
ENSG,2021-11-22,2022-12-27,81.37939453125,94.60899353027344,5,0.16256693816938173,0.15956693816938172,0.15956693816938172,1.0,0.1562876173583347,calm,reactive,growth,0.010542973959184021,0.16992607675040428,-0.14371739437233666,0.5480461242793081,0.0324654410433784,0.034037767486271076,
VC,2021-11-23,2022-12-28,120.48722839355469,126.85004425048828,6,0.052809048243273926,0.04980904824327392,0.04980904824327392,1.0,0.1562223383525529,calm,reactive,transition,0.15035957063348904,-0.019280413667686513,-0.1623949566238122,0.6536659407378077,0.026506562255750675,0.0371505419355076,
DY,2021-11-24,2022-12-29,98.97000122070312,93.76000213623047,7,-0.052642204912722534,-0.05564220491272254,-0.05564220491272254,1.0,0.1747861502326227,calm,reactive,transition,0.3874947242411946,0.5561321319995647,-0.01795988867352094,1.9080957937434018,0.049293764044967145,0.03920570176839777,
FLR,2021-11-24,2022-12-29,23.280000686645508,34.95000076293945,7,0.5012886482854959,0.4982886482854959,0.4982886482854959,1.0,0.2002095297691795,calm,reactive,transition,0.4134791534429034,0.31898023738224013,-0.05672607784517214,0.4333190072651673,0.037855636901415704,0.03920570176839777,
LRCX,2021-11-29,2023-01-03,64.80662536621094,40.103126525878906,4,-0.3811878600488279,-0.3841878600488279,-0.3841878600488279,1.0,0.17271198242821673,normal,reactive,growth,0.1170781100028806,0.5176791321160634,0.0,1.5293027457210049,0.01939618018595771,0.026423037971113006,
PSTG,2021-11-29,2023-01-03,32.08000183105469,27.149999618530273,4,-0.15367836443674954,-0.15667836443674954,-0.15667836443674954,1.0,0.17456696622281467,normal,reactive,shake_out,0.21148045262939674,0.7558840190079239,0.0,2.449399147778347,0.03874561839431687,0.026423037971113006,
DHI,2021-12-02,2023-01-06,98.15455627441406,90.6253890991211,3,-0.07670726108977988,-0.07970726108977988,-0.07970726108977988,1.0,0.1654606825195788,normal,reactive,shake_out,0.13896231689292637,0.4300888689890492,-0.013906076022191849,1.2738697853028451,0.021635594120496156,0.0186545945295693,
TOL,2021-12-03,2023-01-09,65.05036926269531,51.87108612060547,6,-0.2026012041356361,-0.2056012041356361,-0.2056012041356361,1.0,0.1604001214054403,normal,reactive,transition,0.1174162353793653,0.44136557010031163,-0.003648726626659715,1.3855638120113372,0.01868208795585063,0.01790931109390992,
AAPL,2021-12-09,2023-01-13,170.81353759765625,132.6331024169922,1,-0.22352113139063012,-0.22652113139063013,-0.22652113139063013,1.0,0.16160038617973552,normal,reactive,growth,0.17490930597092857,0.42515521225061237,-0.0029701319512380753,1.06236314322016,0.01675696781095926,0.04329705399552952,
CRUS,2021-12-13,2023-01-17,91.81999969482422,85.66000366210938,5,-0.06708773745576557,-0.07008773745576558,-0.07008773745576558,1.0,0.16058470512953876,calm,balanced,shake_out,0.09374631367091224,0.1713228780423901,-0.09403057644574397,2.596409055425449,0.022986309300399174,0.07142256077590203,
DGX,2021-12-16,2023-01-20,157.2838592529297,136.30319213867188,1,-0.13339364391179265,-0.13639364391179265,-0.13639364391179265,1.0,0.15299327436973026,calm,reserved,mature,0.1245240323632355,0.45014892587175437,0.0,0.9885554335116749,0.018819700897251303,0.049379844901685344,
VRTX,2021-12-17,2023-01-23,214.5399932861328,311.80999755859375,4,0.4533886795770128,0.4503886795770128,0.4503886795770128,1.0,0.16276392669847142,normal,balanced,transition,0.16845483673527895,-0.0936972280339381,-0.110936159062207,1.8861561933901256,0.02470828645430548,0.03706899300950828,
FICO,2021-12-17,2023-01-23,412.25,649.9500122070312,4,0.5765919034736962,0.5735919034736962,0.5735919034736962,1.0,0.1714395527473361,normal,reactive,growth,-0.016837179174596706,-0.21021875277708924,-0.2543589994950536,1.7972063010986594,0.018954473275173776,0.03706899300950828,
AVGO,2021-12-20,2023-01-24,59.246402740478516,55.818363189697266,1,-0.05786072051998414,-0.060860720519984146,-0.060860720519984146,1.0,0.16585689266978818,normal,reactive,shake_out,0.2776664913871738,0.5388034140611802,0.0,1.1920156413404266,0.0273904468928419,0.028113227017473097,
INCY,2021-12-21,2023-01-25,73.68000030517578,84.97000122070312,1,0.1532301963730347,0.1502301963730347,0.1502301963730347,1.0,0.15342399650209343,normal,balanced,transition,0.07280139746334857,-0.1626320934880484,-0.2668656686052161,0.5029021999237743,0.02558562882685431,0.06814273339147281,
GDDY,2021-12-27,2023-01-31,82.3499984741211,82.12999725341797,4,-0.0026715388558539166,-0.005671538855853917,-0.005671538855853917,1.0,0.17892691281286116,calm,reactive,shake_out,0.1485355924570928,-0.014834285418044102,-0.11308562382934806,2.173472603664851,0.02578299141774369,0.09964331253590353,
HRL,2021-12-29,2023-02-02,41.6494140625,39.98393249511719,1,-0.039988115196135876,-0.04298811519613588,-0.04298811519613588,1.0,0.16400280025069466,calm,reserved,mature,0.1826718650970276,0.06766081612293262,-0.023436499344195894,0.4516153338237598,0.016257445431344796,0.1029380221538454,
ATI,2022-01-06,2023-02-10,17.75,38.61000061035156,2,1.1752113019916375,1.1722113019916376,1.1722113019916376,1.0,0.15022425419551572,calm,reactive,declining,0.05529133900412364,-0.051309413759905276,-0.2842741715300213,1.1059871955346074,0.018501246208680232,0.07613777324136284,
GPN,2022-01-06,2023-02-10,145.1226806640625,114.04688262939453,2,-0.2141346748314541,-0.2171346748314541,-0.2171346748314541,1.0,0.15299250016085636,calm,balanced,shake_out,-0.00619360455705853,-0.262919309986405,-0.3070014439595138,1.7122446020103648,0.023252477784149305,0.07613777324136284,
ALL,2022-01-07,2023-02-13,113.7553939819336,126.62783813476562,5,0.11315897824481547,0.11015897824481546,0.11015897824481546,1.0,0.15360738185786757,calm,balanced,shake_out,0.0002562670200378925,0.18455785562662208,-0.07836650820619684,1.246451751905416,0.012737606343475042,0.053798117311780747,
PGR,2022-01-07,2023-02-13,99.3695068359375,127.5777816772461,5,0.2838725454065243,0.2808725454065243,0.2808725454065243,1.0,0.1511222163903611,calm,reactive,transition,0.23209604638475678,0.1699436225319082,0.0,1.6989761056363994,0.015186242005981515,0.053798117311780747,
CF,2022-01-07,2023-02-13,63.13176727294922,80.565185546875,5,0.27614335899314635,0.27314335899314635,0.27314335899314635,1.0,0.16402566607152794,calm,balanced,shake_out,0.14745055846091892,0.641845028436824,-0.06969836275459806,0.6275386118074471,0.023094744682066026,0.053798117311780747,
BMY,2022-01-10,2023-02-14,54.554420471191406,62.37392044067383,6,0.14333393888056545,0.14033393888056545,0.14033393888056545,1.0,0.1569954401311577,calm,balanced,mature,0.12526558723547798,0.027280431602316302,-0.044789471968691874,2.0859198271512533,0.011998379297153163,0.04448746506364376,
JAZZ,2022-01-10,2023-02-14,146.49000549316406,150.69000244140625,6,0.028670877129826966,0.025670877129826967,0.025670877129826967,1.0,0.19010035495842081,calm,reactive,transition,0.04115144755157152,-0.09254777835877692,-0.21419371884981042,3.4506476757484568,0.023907268543871783,0.04448746506364376,
HQY,2022-01-10,2023-02-14,49.52000045776367,63.599998474121094,6,0.2843295211268517,0.2813295211268517,0.2813295211268517,1.0,0.20301394960315539,calm,reactive,declining,-0.21583532444618636,-0.34867813688235816,-0.45588397653657353,1.589743072844745,0.03681236452335167,0.04448746506364376,
WDC,2022-01-11,2023-02-15,49.687259674072266,32.8664436340332,1,-0.33853378412044877,-0.34153378412044877,-0.34153378412044877,1.0,0.15466369073634356,calm,reactive,shake_out,0.1916966522436414,0.33454627309699947,-0.14448627470143893,0.9584161699293587,0.021525399264644817,0.050509725987590626,
APA,2022-01-11,2023-02-15,27.76140594482422,36.62823486328125,1,0.3193940874637202,0.3163940874637202,0.3163940874637202,1.0,0.21900782023849424,calm,reactive,transition,0.19099915488403063,0.8097045109287464,0.0,1.432618297705798,0.03546238629813436,0.050509725987590626,
COP,2022-01-11,2023-02-15,71.6221923828125,100.91731262207031,1,0.40902294756182145,0.40602294756182145,0.40602294756182145,1.0,0.15604834677943313,calm,reactive,transition,0.13188588305842708,0.8375056787965043,0.0,1.1486514756633972,0.021244848447761196,0.050509725987590626,
DVN,2022-01-11,2023-02-15,40.60169219970703,50.410911560058594,1,0.24159631850079255,0.23859631850079255,0.23859631850079255,1.0,0.17605058776434732,calm,reactive,growth,0.25244818047414563,1.7646046119471759,0.0,1.1457894718526742,0.029871309168757732,0.050509725987590626,
SLB,2022-01-11,2023-02-15,33.14675521850586,51.87508010864258,1,0.5650123146799202,0.5620123146799202,0.5620123146799202,1.0,0.1878869901750282,calm,reactive,transition,0.07243681035930827,0.4578873641874941,0.0,1.376883875135168,0.02266488744674395,0.050509725987590626,
PSKY,2022-01-12,2023-02-16,31.632041931152344,22.1180362701416,2,-0.30077115102838226,-0.30377115102838226,-0.30377115102838226,1.0,0.15435896582654868,calm,reactive,declining,-0.09780088046600155,-0.2225803508956805,-0.6445901356602172,0.5636066997757918,0.030681780140514883,0.04573830605684703,
BKNG,2022-01-13,2023-02-17,96.555419921875,96.6744155883789,1,0.001232407943543512,-0.001767592056456488,-0.001767592056456488,1.0,0.15545147350875915,calm,balanced,shake_out,0.03137342117266462,0.1603176276758922,-0.07145232753738429,0.8615951799825906,0.019028017232978305,0.027079960349261523,
BCO,2022-01-13,2023-02-17,68.50086212158203,61.94054412841797,1,-0.09576986026132295,-0.09876986026132295,-0.09876986026132295,1.0,0.16868516597776842,calm,reactive,transition,0.1758551787429079,-0.004704806691329888,-0.12865808194328698,0.8471095152603232,0.016716000957855085,0.027079960349261523,
GT,2022-01-13,2023-02-17,23.450000762939453,11.800000190734863,1,-0.4968017139946679,-0.4998017139946679,-0.4998017139946679,1.0,0.15239236511722185,calm,reactive,transition,0.1879433148347569,1.04090524195523,-0.028583208125716242,1.802516299687391,0.02284230751896999,0.027079960349261523,
XOM,2022-01-13,2023-02-17,60.87055969238281,100.47541046142578,1,0.6506404897407083,0.6476404897407083,0.6476404897407083,1.0,0.15193008946023642,calm,balanced,transition,0.12105276099652862,0.5655273507729157,-0.010091183253195468,0.9348282980671455,0.018365738687016284,0.027079960349261523,
TNL,2022-01-13,2023-02-17,47.589385986328125,36.69043731689453,1,-0.22902057766756512,-0.23202057766756512,-0.23202057766756512,1.0,0.16152990954684926,calm,reactive,shake_out,0.0854838859841287,0.22185373157746735,-0.12805067274578574,0.6893708731404271,0.02160725597000247,0.027079960349261523,
MPC,2022-01-13,2023-02-17,66.42476654052734,114.84989166259766,1,0.7290221350273769,0.7260221350273769,0.7260221350273769,1.0,0.16829922924569427,calm,reactive,transition,0.09756130460433754,0.7301288372061598,0.0,0.8635642467245471,0.01723266044596882,0.027079960349261523,
HPE,2022-01-13,2023-02-17,15.474392890930176,14.944554328918457,1,-0.03423969946648231,-0.03723969946648231,-0.03723969946648231,1.0,0.17352518597649325,calm,reactive,transition,0.1378795470523162,0.43972951385358194,0.0,0.9916891943213487,0.014962487522820584,0.027079960349261523,
BA,2022-01-14,2023-02-21,225.9600067138672,205.52000427246094,4,-0.09045849634483949,-0.09345849634483949,-0.09345849634483949,1.0,0.16755714808623018,calm,reactive,declining,0.054212982058926995,0.07237435107060985,-0.16059287245241882,0.8556075307486446,0.021534011716359828,0.02485182093183802,
LVS,2022-01-14,2023-02-21,40.83492660522461,53.52518844604492,4,0.3107697967356371,0.3077697967356371,0.3077697967356371,1.0,0.21875820542830787,calm,reactive,declining,0.10884706073925621,-0.21046818822054636,-0.3506040591405645,5.002670611366504,0.046577508947371345,0.02485182093183802,
HWM,2022-01-14,2023-02-21,34.62217330932617,41.71116638183594,4,0.20475297749723298,0.20175297749723298,0.20175297749723298,1.0,0.1703932547845713,calm,reactive,growth,0.1423525489951012,0.2654394574167398,-0.017185936265187496,0.9667346355782775,0.01623383486290058,0.02485182093183802,
WFC,2022-01-18,2023-02-22,50.96209716796875,42.60247039794922,1,-0.1640361608837757,-0.1670361608837757,-0.1670361608837757,1.0,0.17555026066126134,normal,balanced,transition,0.1233492089118502,0.7702566217289548,-0.02359639416295256,1.4935306288669747,0.019716345832904755,0.007087056179364781,
TFC,2022-01-18,2023-02-22,54.290184020996094,40.01508331298828,1,-0.2629407316520991,-0.2659407316520991,-0.2659407316520991,1.0,0.16629245838022064,normal,reactive,shake_out,0.05015093131435355,0.34278431491689876,-0.0035604615066101575,1.6714505595074671,0.013229800760836394,0.007087056179364781,
GL,2022-01-18,2023-02-22,101.40652465820312,117.15485382080078,1,0.15529897327295616,0.15229897327295616,0.15229897327295616,1.0,0.1639640228352289,normal,reactive,transition,0.13019379746747184,0.0982798274489558,-0.008021176455135004,1.0044362253644041,0.012522330174039536,0.007087056179364781,
HBAN,2022-01-18,2023-02-22,14.400999069213867,12.885958671569824,1,-0.1052038397032371,-0.1082038397032371,-0.1082038397032371,1.0,0.16048558902488783,normal,reactive,shake_out,0.05681358904318201,0.23701524668966933,-0.010209746068920333,1.416565206560079,0.014920267889834006,0.007087056179364781,
KMI,2022-01-21,2023-02-27,13.714794158935547,14.797669410705566,4,0.07895672652618702,0.07595672652618701,0.07595672652618701,1.0,0.1645866604838785,normal,reactive,transition,0.019918222169772015,0.2141703544446043,-0.06401196991744029,1.3907127982220548,0.011330470172916262,-0.03377658983885268,
ANF,2022-01-24,2023-02-28,35.90999984741211,29.40999984741211,5,-0.18100807651405293,-0.18400807651405293,-0.18400807651405293,1.0,0.17146205204629367,normal,reactive,shake_out,-0.0792307731432792,0.4723247538354991,-0.24952975982155023,1.60846941862762,0.03945038901254748,-0.040529377695871505,
FLS,2022-01-24,2023-02-28,30.204681396484375,32.78294372558594,5,0.08535969293162804,0.08235969293162804,0.08235969293162804,1.0,0.1662278102418493,normal,reactive,transition,0.0040281075464707605,-0.08977000931384915,-0.24558861416552202,1.0927208023293433,0.014584662854893276,-0.040529377695871505,
AXP,2022-01-25,2023-03-01,164.16510009765625,169.14532470703125,6,0.03033668304903081,0.02733668304903081,0.02733668304903081,1.0,0.1761173199663489,normal,balanced,shake_out,-0.0013555699780049002,0.5334747642216722,-0.07235161836502935,3.2920655358491078,0.025887095664951197,-0.05405193357208549,
COF,2022-01-25,2023-03-01,140.9664306640625,103.19911193847656,6,-0.267917110106798,-0.270917110106798,-0.270917110106798,1.0,0.1587558331508782,normal,reactive,growth,0.011343156398543108,0.5074040582404067,-0.14058876483221738,2.1783028004430602,0.0181820225098285,-0.05405193357208549,
CVX,2022-01-25,2023-03-01,111.73238372802734,142.72781372070312,6,0.27740775734386114,0.27440775734386114,0.27440775734386114,1.0,0.18972308376471853,normal,balanced,transition,0.17147740750419738,0.5820811888705215,0.0,1.6190453429103928,0.013191972565865078,-0.05405193357208549,
TAP,2022-01-25,2023-03-01,43.91788101196289,47.744972229003906,6,0.08714198246492244,0.08414198246492244,0.08414198246492244,1.0,0.15603294634992113,normal,reactive,declining,0.14790788746347738,-0.07294571895609037,-0.1607059984454614,0.785945418988836,0.01902038984441719,-0.05405193357208549,
GAP,2022-01-25,2023-03-01,14.84286880493164,11.179739952087402,6,-0.24679385777681606,-0.24979385777681606,-0.24979385777681606,1.0,0.15449485503128013,normal,reactive,declining,-0.21435641325303056,-0.07234336967578125,-0.5050686978642926,1.2003695731331232,0.03474433713890279,-0.05405193357208549,
PCAR,2022-01-25,2023-03-01,53.55157470703125,65.39002990722656,6,0.22106642549655864,0.21806642549655864,0.21806642549655864,1.0,0.16178263978297033,normal,balanced,mature,0.07052641789487746,0.006317375880424025,-0.029241103812287395,2.6410396634119935,0.017149269847165763,-0.05405193357208549,
AFL,2022-01-25,2023-03-01,56.16791534423828,63.79726028442383,6,0.13583101479603288,0.13283101479603288,0.13283101479603288,1.0,0.15200929843037098,normal,balanced,shake_out,0.15999379827470395,0.4048864089255779,-0.03371840661026382,1.0996639042015683,0.012202131304852435,-0.05405193357208549,
DE,2022-01-26,2023-03-02,351.5699462890625,402.8576965332031,7,0.14588206638678836,0.14288206638678835,0.14288206638678835,1.0,0.15157117762672326,normal,balanced,growth,0.04076364414948741,0.28471904782031165,-0.047611237188803,1.2115535809452451,0.01781038074807281,-0.05716484936281829,
GLW,2022-01-27,2023-03-03,36.139495849609375,32.66160583496094,1,-0.09623515582844056,-0.09923515582844056,-0.09923515582844056,1.0,0.17741299998575516,normal,balanced,shake_out,0.1043371839270788,0.15813964945493342,-0.10736467915214198,2.076388825676549,0.02959531477428809,-0.06567979508984534,
KEX,2022-01-27,2023-03-03,64.01000213623047,75.63999938964844,1,0.18169031190885154,0.17869031190885154,0.17869031190885154,1.0,0.16844825277847392,normal,reactive,transition,0.14446632910722434,0.2610323926877751,-0.08504855669105871,1.1840902896901102,0.017359909321663106,-0.06567979508984534,
ADM,2022-01-27,2023-03-03,65.6174087524414,73.44434356689453,1,0.11928137613574852,0.11628137613574852,0.11628137613574852,1.0,0.17314668904949496,normal,balanced,mature,0.17740814021889761,0.5196113249018506,0.0,2.6775208043986676,0.017006336252363537,-0.06567979508984534,
MA,2022-01-28,2023-03-06,372.943359375,359.9607238769531,4,-0.03481127943879714,-0.03781127943879714,-0.03781127943879714,1.0,0.15247910411716664,normal,reactive,growth,0.162650521026088,0.19543335873747392,-0.0295772828197588,1.5859097423845867,0.026533478378599516,-0.049075485442563904,
TTWO,2022-02-08,2023-03-15,172.1999969482422,113.30999755859375,5,-0.3419860652340714,-0.3449860652340714,-0.3449860652340714,1.0,0.20417564239171657,crisis,balanced,transition,-0.08321356934698343,-0.138224448821892,-0.13839689571519376,1.1418735396330253,0.028938416513092924,-0.03444698318967865,
TMUS,2022-02-08,2023-03-15,120.60839080810547,138.85731506347656,5,0.15130725261400868,0.14830725261400868,0.14830725261400868,1.0,0.1957036048966881,crisis,reactive,mature,0.06089331790977126,0.007631116511472857,-0.16043096762023001,0.9529893074304284,0.0294515082822693,-0.03444698318967865,
CPRI,2022-02-08,2023-03-15,68.31999969482422,41.400001525878906,5,-0.39402807800341244,-0.39702807800341244,-0.39702807800341244,1.0,0.21741375648094532,crisis,reactive,shake_out,0.07862329539373802,0.511838941602546,0.0,1.3660766105629716,0.03461658652687619,-0.03444698318967865,
OMC,2022-02-09,2023-03-16,77.7150650024414,78.87358856201172,6,0.014907322789138977,0.011907322789138978,0.011907322789138978,1.0,0.17755788878332027,normal,reactive,transition,0.31815399905081443,0.41616827738925855,0.0,2.911486053480011,0.03548181299689837,-0.020419328797813274,
RL,2022-02-10,2023-03-17,115.24491882324219,104.86272430419922,7,-0.09008808913273425,-0.09308808913273425,-0.09308808913273425,1.0,0.1506876845659675,crisis,reactive,transition,-0.009744834643697464,0.1551402440912879,-0.08425934671422619,0.9044934505057205,0.021143890598836035,-0.041868541834005124,
HAE,2022-02-10,2023-03-17,58.0,76.61000061035156,7,0.32086207948881995,0.31786207948881995,0.31786207948881995,1.0,0.15998592597794523,crisis,reactive,declining,-0.02373337571172418,-0.5696690864719818,-0.5696690864719818,1.382220941244287,0.049735612226862486,-0.041868541834005124,
MAT,2022-02-10,2023-03-17,24.489999771118164,16.25,7,-0.33646385659978073,-0.33946385659978073,-0.33946385659978073,1.0,0.15365514926021137,crisis,balanced,growth,0.07601052393844032,0.30892575999334526,0.0,2.8336603370128355,0.03407130791079657,-0.041868541834005124,
WYNN,2022-02-10,2023-03-17,91.34268188476562,103.81523132324219,7,0.13654678383771834,0.13354678383771834,0.13354678383771834,1.0,0.1700175757794452,crisis,reactive,declining,-0.03583102286501938,-0.20084840789687364,-0.327285658787586,0.9391341806072456,0.029832184888781157,-0.041868541834005124,
CRS,2022-02-11,2023-03-20,37.08283996582031,39.4188117980957,10,0.06299333692965492,0.05999333692965492,0.05999333692965492,1.0,0.24932748813975197,crisis,reactive,transition,0.2528435172536496,0.06142281112972281,-0.19467542111798197,2.6096640562932696,0.050823099336059226,-0.05759198016828304,
HRB,2022-02-14,2023-03-21,21.499650955200195,31.956707000732422,11,0.4863825960394461,0.4833825960394461,0.4833825960394461,1.0,0.1503146283781175,crisis,reactive,transition,0.026138845250611276,0.328970520269378,-0.04332295632660754,1.2117163528492658,0.014827246090403326,-0.06437826326755092,
PLNT,2022-02-14,2023-03-21,92.12999725341797,76.66000366210938,11,-0.16791483829914766,-0.17091483829914766,-0.17091483829914766,1.0,0.15086972812190522,crisis,reactive,shake_out,0.012083911774930955,0.17035055671706534,-0.03941201401689398,0.9099524134628122,0.02554687514250053,-0.06437826326755092,
NBIX,2022-02-15,2023-03-22,86.48999786376953,95.1500015258789,12,0.10012722714769584,0.09712722714769584,0.09712722714769584,1.0,0.1587748259697827,crisis,reactive,transition,0.0054638600214478306,-0.23689782373095847,-0.23689782373095847,0.7920363557671499,0.026297260389404255,-0.04829545986029926,
COHR,2022-02-17,2023-03-24,73.37000274658203,34.709999084472656,1,-0.5269183891901976,-0.5299183891901976,-0.5299183891901976,1.0,0.1731140818225827,crisis,reactive,growth,0.1431910626006203,-0.16119810537722723,-0.17847940037792454,1.3972624758890153,0.029287299111680133,-0.06618210858961493,
PII,2022-02-17,2023-03-24,107.7481918334961,95.25874328613281,1,-0.11591330058385851,-0.11891330058385852,-0.11891330058385852,1.0,0.17138785022892122,crisis,reactive,shake_out,0.030761312374642413,0.05302318291651509,-0.1357032734262299,0.7561574558097692,0.018704708288980423,-0.06618210858961493,
SYNA,2022-02-23,2023-03-30,206.3800048828125,110.16999816894531,6,-0.4661789148057125,-0.4691789148057125,-0.4691789148057125,1.0,0.17761822530074936,crisis,reactive,growth,-0.2739234028518004,0.5838833465017967,-0.2952706143708872,0.5745656780608185,0.04690585027615672,-0.09231903149079301,
PODD,2022-02-23,2023-03-30,230.82000732421875,316.8800048828125,6,0.37284461843773586,0.36984461843773586,0.36984461843773586,1.0,0.1581846059941966,crisis,reactive,growth,-0.2198600360513201,-0.12125482344895899,-0.274812274568644,0.9299777387879082,0.05138532003049903,-0.09231903149079301,
OLED,2022-02-24,2023-03-31,155.7823944091797,149.98611450195312,7,-0.03720754151462069,-0.04020754151462069,-0.04020754151462069,1.0,0.16967894441146986,crisis,balanced,growth,0.14218775329557642,-0.22598526322333445,-0.32778923037144003,3.009365916675638,0.063387787162488,-0.06093711510564925,
ENTG,2022-02-24,2023-03-31,130.0526580810547,81.03386688232422,7,-0.3769149506208458,-0.3799149506208458,-0.3799149506208458,1.0,0.1664258377091306,crisis,balanced,growth,-0.0943292151430758,0.25995104700500127,-0.14507038792223603,0.7898275214413352,0.03893551130756512,-0.06093711510564925,
FTNT,2022-02-24,2023-03-31,63.290000915527344,66.45999908447266,7,0.050086871908507025,0.04708687190850702,0.04708687190850702,1.0,0.19007281591096398,crisis,reactive,growth,-0.047152995888842586,0.8741486543562385,-0.13930965461772715,1.8724450747752028,0.04284145566487744,-0.06093711510564925,
GNRC,2022-02-24,2023-03-31,301.3500061035156,108.01000213623047,7,-0.6415795588232762,-0.6445795588232762,-0.6445795588232762,1.0,0.16478273043916247,crisis,reactive,growth,-0.28461206654228965,-0.08559895516464366,-0.4042111242065459,1.294604773100851,0.052067479152178506,-0.06093711510564925,
TECH,2022-02-25,2023-04-03,103.73712158203125,72.68844604492188,10,-0.29930149462029654,-0.30230149462029654,-0.30230149462029654,1.0,0.16104229981670623,crisis,balanced,growth,-0.08427684070394348,0.13820507733531562,-0.21452112879466223,0.7974341045207187,0.025635649055972865,-0.028448703226089833,
XYZ,2022-02-25,2023-04-03,119.81999969482422,67.83000183105469,10,-0.43390083455337636,-0.43690083455337636,-0.43690083455337636,1.0,0.15252800240527975,crisis,reactive,growth,-0.38395887046362864,-0.502821578029775,-0.5748199115259872,2.7300450144484687,0.08971039266361787,-0.028448703226089833,
TTEK,2022-02-28,2023-04-04,30.940696716308594,28.027156829833984,1,-0.09416529670254337,-0.09716529670254337,-0.09716529670254337,1.0,0.1908678009737767,crisis,reactive,growth,-0.1539189408389232,0.19833608222580446,-0.16403523888364857,0.8446785252906688,0.023885405991167678,-0.044386216581549176,
TPL,2022-02-28,2023-04-04,125.11091613769531,186.55845642089844,1,0.4911445154439986,0.4881445154439986,0.4881445154439986,1.0,0.15852403735659948,crisis,reactive,growth,-0.023081518485898678,0.09155363697160857,-0.31779875299134475,2.3990591924735396,0.038926100081364205,-0.044386216581549176,
LAD,2022-02-28,2023-04-04,330.74224853515625,213.3369140625,1,-0.3549753168596985,-0.3579753168596985,-0.3579753168596985,1.0,0.18916257918950874,crisis,reactive,growth,0.17512004367491674,-0.08655160009534191,-0.17459013059858075,1.3361070149568148,0.02470326659121906,-0.044386216581549176,
KTOS,2022-02-28,2023-04-04,20.920000076293945,13.289999961853027,1,-0.3647227574863662,-0.3677227574863662,-0.3677227574863662,1.0,0.2783124884932324,crisis,reactive,shake_out,0.011116458980159338,-0.2266173505974831,-0.29324324977406613,2.976995940460081,0.06206172720493401,-0.044386216581549176,
NOC,2022-02-28,2023-04-04,414.7727966308594,445.3923645019531,1,0.07382250745423069,0.07082250745423069,0.07082250745423069,1.0,0.1581498653887807,crisis,reserved,mature,0.2590473379621909,0.5049925853679278,0.0,2.4468010130008033,0.024949726941974146,-0.044386216581549176,
LDOS,2022-02-28,2023-04-04,96.56107330322266,88.45063018798828,1,-0.08399288489436973,-0.08699288489436974,-0.08699288489436974,1.0,0.16280722888402543,crisis,balanced,shake_out,0.14144470197779602,0.14754969824857134,-0.04230418390491486,2.2538419474666718,0.025618187563518163,-0.044386216581549176,
KBR,2022-02-28,2023-04-04,47.374813079833984,53.11616134643555,1,0.12118988748148718,0.11818988748148718,0.11818988748148718,1.0,0.1543694399891462,crisis,reactive,growth,0.15751181742906284,0.6260526966316851,0.0,1.5318293042263986,0.0228705423112024,-0.044386216581549176,
AVAV,2022-02-28,2023-04-04,71.05000305175781,101.55999755859375,1,0.42941580853431227,0.42641580853431227,0.42641580853431227,1.0,0.2919341563493801,crisis,reactive,transition,-0.10437411557017728,-0.36522824213311134,-0.41919396723395563,3.555314480140043,0.0408517920804666,-0.044386216581549176,
BWXT,2022-02-28,2023-04-04,50.918601989746094,60.980995178222656,1,0.19761723211691695,0.19461723211691695,0.19461723211691695,1.0,0.21534527490725225,crisis,reactive,transition,0.10898903000309157,-0.10328026086820408,-0.20679934528291843,3.2017399631930865,0.030587179379378875,-0.044386216581549176,
CACI,2022-03-01,2023-04-05,284.989990234375,297.8399963378906,1,0.04508932434064716,0.04208932434064716,0.04208932434064716,1.0,0.16999377291260606,crisis,reactive,shake_out,0.08048976221836956,0.31714191739026676,-0.013875466317041507,1.5725042257849715,0.022389164252356857,-0.05115654558159721,
RTX,2022-03-01,2023-04-05,94.02722930908203,92.50564575195312,1,-0.01618237151418367,-0.019182371514183668,-0.019182371514183668,1.0,0.16743106263744809,crisis,reactive,shake_out,0.27359370123656324,0.40082888065534816,0.0,1.6938337418917397,0.01710390001518251,-0.05115654558159721,
LMT,2022-03-01,2023-04-05,410.70184326171875,452.0341491699219,1,0.10063822840421044,0.09763822840421044,0.09763822840421044,1.0,0.17828484595672436,crisis,reactive,mature,0.37729169476777913,0.3788545239963128,0.0,2.343509589282458,0.023010436355395625,-0.05115654558159721,
LHX,2022-03-01,2023-04-05,234.0039520263672,185.58656311035156,1,-0.20690842396781417,-0.20990842396781417,-0.20990842396781417,1.0,0.21630261063929088,crisis,balanced,mature,0.20320737969893932,0.3972342826571542,0.0,1.8732707087959009,0.025692304201388245,-0.05115654558159721,
UHS,2022-03-02,2023-04-06,146.07815551757812,126.33779907226562,2,-0.13513558119192615,-0.13813558119192615,-0.13813558119192615,1.0,0.1619120882995143,crisis,reactive,transition,0.1840877652311237,0.18091762792584132,-0.06795809686369036,1.4604388600564508,0.023205365529326533,-0.04467435297020117,
WWD,2022-03-02,2023-04-06,121.02872467041016,91.67906951904297,2,-0.2425015650730291,-0.24550156507302912,-0.24550156507302912,1.0,0.15809488165583274,crisis,reactive,shake_out,0.15349559444538374,0.0806433527752004,-0.039122929691086994,1.1283318060480496,0.016896018859407103,-0.04467435297020117,
BBY,2022-03-03,2023-04-10,89.89306640625,64.70414733886719,6,-0.2802098101042363,-0.2832098101042363,-0.2832098101042363,1.0,0.151780680868465,crisis,reactive,growth,0.03944183236621357,0.09849510605299927,-0.19646622737064323,5.266946094208503,0.0338955086144097,-0.06897311903237846,
KR,2022-03-03,2023-04-10,50.51619338989258,45.771583557128906,6,-0.09392255263859584,-0.09692255263859584,-0.09692255263859584,1.0,0.23707986155070931,crisis,reactive,transition,0.22811669045767768,0.6311449310904509,0.0,3.573408969856085,0.03181309968966834,-0.06897311903237846,
AGCO,2022-03-03,2023-04-10,113.91480255126953,111.09412384033203,6,-0.02476130097024043,-0.02776130097024043,-0.02776130097024043,1.0,0.18143753709557967,crisis,reactive,growth,0.10211453205361143,0.015341398512482396,-0.1418395493230259,0.8923214399693623,0.03337343374324796,-0.06897311903237846,
AIZ,2022-03-03,2023-04-10,159.2452392578125,113.5788345336914,6,-0.28676778619540877,-0.28976778619540877,-0.28976778619540877,1.0,0.15415143502722636,crisis,balanced,shake_out,0.09829804412515619,0.3146325563877099,0.0,0.6429973542715712,0.02133432123794156,-0.06897311903237846,
CHRW,2022-03-04,2023-04-10,96.84278106689453,88.46744537353516,6,-0.08648384114014729,-0.08948384114014729,-0.08948384114014729,1.0,0.19401879034759328,crisis,reactive,mature,0.08069595331273316,0.18522511792140106,-0.03513338867614857,1.2341782715434966,0.02295264206810086,-0.07920085400222143,
GD,2022-03-04,2023-04-10,224.41835021972656,214.20330810546875,6,-0.04551785584492685,-0.04851785584492685,-0.04851785584492685,1.0,0.16287315014626705,crisis,balanced,shake_out,0.22797222053148825,0.4555191486990764,0.0,1.9673411240161058,0.014354336452106533,-0.07920085400222143,
EHC,2022-03-07,2023-04-11,51.352840423583984,60.808509826660156,7,0.18413138056397793,0.18113138056397793,0.18113138056397793,1.0,0.15304059883797635,crisis,reactive,transition,0.0923212355402836,-0.1597502839356464,-0.23278487035037676,0.5976845998261735,0.017041986033670638,-0.09991758498695147,
GATX,2022-03-07,2023-04-11,107.3447036743164,105.34429168701172,7,-0.018635404624842367,-0.021635404624842366,-0.021635404624842366,1.0,0.15593385346133487,crisis,balanced,transition,0.11209187297641288,0.21731394497730605,0.0,1.3996564846933621,0.01758737367339136,-0.09991758498695147,
ROL,2022-03-07,2023-04-11,32.27074432373047,37.232242584228516,7,0.153746012509838,0.150746012509838,0.150746012509838,1.0,0.17349501819238516,crisis,balanced,transition,0.0564974965329621,0.044678707451242694,-0.13763627880434604,1.006266409942237,0.01736888585665971,-0.09991758498695147,
MOG-A,2022-03-07,2023-04-11,80.9284439086914,96.99755096435547,7,0.1985594468342211,0.1955594468342211,0.1955594468342211,1.0,0.1665488329597251,crisis,reactive,transition,0.12790493295648075,0.035088054840637595,-0.07768368066315601,1.5419535446773096,0.015073671235622758,-0.09991758498695147,
BG,2022-03-07,2023-04-11,97.30242156982422,87.21024322509766,7,-0.10371970380495021,-0.10671970380495022,-0.10671970380495022,1.0,0.15372023788880654,crisis,balanced,shake_out,0.2788861428780862,0.4075462335878448,-0.004212196051850858,1.6838477483302208,0.015417534478890577,-0.09991758498695147,
BAH,2022-03-07,2023-04-11,80.7596206665039,91.0732192993164,7,0.12770736845585762,0.12470736845585761,0.12470736845585761,1.0,0.1574375589724898,crisis,balanced,transition,0.046656403783193134,0.13500566305938588,-0.0314834610177428,1.6760265979473175,0.024096153647339837,-0.09991758498695147,
CLH,2022-03-08,2023-04-12,101.0,140.88999938964844,8,0.39495048900642016,0.39195048900642016,0.39195048900642016,1.0,0.17699722279180907,crisis,reactive,growth,0.032825432604766114,0.12272122085240089,-0.13785745894601042,2.05660142570174,0.02604683669508874,-0.1148806291091693,
NYT,2022-03-08,2023-04-12,43.84619903564453,37.908287048339844,8,-0.1354259232933166,-0.1384259232933166,-0.1384259232933166,1.0,0.18506934451865054,crisis,reactive,growth,0.023728573231525996,-0.08310506056770017,-0.17514629396982218,1.1058757491208664,0.024736530500398944,-0.1148806291091693,
XPO,2022-03-09,2023-04-13,41.61616134643555,32.5099983215332,9,-0.21881314206511493,-0.22181314206511493,-0.22181314206511493,1.0,0.1826961096060114,crisis,reactive,growth,-0.03764768274826269,-0.01587696643251546,-0.22513552317321606,2.636200242891321,0.0485173325291425,-0.08376372391236986,
OXY,2022-03-16,2023-04-20,49.885650634765625,58.914695739746094,2,0.18099483498944435,0.17799483498944435,0.17799483498944435,1.0,0.34574893293955794,crisis,reactive,declining,0.9687353263833867,0.9974937435235693,-0.08842254422019469,0.8385410151731679,0.055763874908580036,-0.046006837831583214,
EXLS,2022-03-16,2023-04-20,28.013999938964844,33.534000396728516,2,0.19704435174520962,0.19404435174520962,0.19404435174520962,1.0,0.18016426643353028,crisis,reactive,growth,0.053950339329378316,0.6258851238094014,-0.03439953195929979,1.3983440662373505,0.02375463794021388,-0.046006837831583214,
WSO,2022-03-17,2023-04-21,267.7576904296875,312.8634948730469,1,0.16845754970090776,0.16545754970090776,0.16545754970090776,1.0,0.15485457809215547,crisis,reactive,transition,0.0009096602634524054,0.22340203545612103,-0.03802283119741756,1.1114411470850323,0.011431661608626348,-0.0510966460234773,
TSCO,2022-03-23,2023-04-27,43.241485595703125,45.3684196472168,1,0.049187349190542795,0.04618734919054279,0.04618734919054279,1.0,0.1516195478542048,crisis,reserved,growth,0.008423773170713966,0.3624249309367322,-0.02297852241340892,0.7688709793480607,0.018018141205574857,-0.0689690174237142,
LULU,2022-04-07,2023-05-12,379.2300109863281,376.20001220703125,1,-0.007989870768445373,-0.010989870768445372,-0.010989870768445372,1.0,0.15155351155370708,crisis,reactive,growth,0.07515879358663646,0.1709328332472091,-0.20648237517444745,0.6976167242776574,0.03129295082672587,-0.047846674928057165,
OLLI,2022-04-08,2023-05-15,51.189998626708984,65.77999877929688,4,0.2850166154326752,0.2820166154326752,0.2820166154326752,1.0,0.20965296379728512,crisis,reactive,declining,0.0840744875767867,-0.43071619585077003,-0.4662704965891652,0.8387359747062744,0.049861322542596107,-0.03664926129985524,
CLX,2022-04-11,2023-05-16,127.13391876220703,151.31382751464844,1,0.19019242848690787,0.18719242848690787,0.18719242848690787,1.0,0.15017454785984408,crisis,reactive,mature,-0.2029745221753987,-0.1959487412827321,-0.2304763061452184,1.0458163062575234,0.009996874397784655,-0.05368397166055627,
CAH,2022-04-12,2023-05-17,58.4817008972168,82.37631225585938,2,0.40858270180339007,0.40558270180339007,0.40558270180339007,1.0,0.15377000284333192,crisis,reactive,transition,0.21399380658836709,0.07821963047485303,0.0,1.3813049665855626,0.020655908042983333,-0.03925177095049126,
HAL,2022-04-13,2023-05-18,36.98127746582031,27.887920379638672,1,-0.245890832045651,-0.248890832045651,-0.248890832045651,1.0,0.1667656474094489,crisis,reactive,transition,0.42122455753217847,0.9615183525740221,0.0,0.72002150113095,0.025141907848793464,-0.01901047625080088,
NUE,2022-04-13,2023-05-18,153.68699645996094,134.28208923339844,1,-0.1262625184533288,-0.1292625184533288,-0.1292625184533288,1.0,0.17422410319171328,crisis,balanced,growth,0.5709747094438811,1.086113644584867,0.0,0.8893429039421921,0.021413746767633152,-0.01901047625080088,
ROST,2022-04-19,2023-05-24,102.67249298095703,98.30884552001953,7,-0.04250064778057783,-0.04550064778057783,-0.04550064778057783,1.0,0.16557348085837492,crisis,reactive,shake_out,0.09659612048706423,-0.14781548979198322,-0.18364360765579435,1.139702079724985,0.01907886183179238,0.011809193721928901,
BURL,2022-04-19,2023-05-24,227.5399932861328,166.89999389648438,7,-0.26650259813180754,-0.26950259813180755,-0.26950259813180755,1.0,0.19439250740116645,crisis,reactive,shake_out,-0.008972181021868364,-0.2934857013878742,-0.35475276816507184,1.0080608475717379,0.03178269856648892,0.011809193721928901,
AZO,2022-04-20,2023-05-25,2254.030029296875,2459.75,1,0.09126762644209196,0.08826762644209196,0.08826762644209196,1.0,0.15790197689517232,normal,reactive,shake_out,0.16732270173837072,0.524156982519794,0.0,0.9240443681038749,0.01732829495932766,0.02364310284341764,
BBWI,2022-04-20,2023-05-25,51.435890197753906,33.86843490600586,1,-0.34154080398350295,-0.34454080398350295,-0.34454080398350295,1.0,0.15379825717359746,normal,reactive,growth,0.04079800732825123,0.07507937152122945,-0.27222482620653654,1.4281862784973702,0.02754554668063209,0.02364310284341764,
GIS,2022-04-20,2023-05-25,62.37673568725586,74.33209991455078,1,0.19166383260638487,0.18866383260638486,0.18866383260638486,1.0,0.15992196525412067,normal,reserved,mature,0.0735529129838901,0.21172920298082798,0.0,0.7958026329479261,0.00952384960009845,0.02364310284341764,
GMED,2022-04-20,2023-05-25,81.37000274658203,53.06999969482422,1,-0.34779405304796507,-0.35079405304796507,-0.35079405304796507,1.0,0.1749051333495284,normal,reactive,shake_out,0.23531196832695267,0.14589494858028917,-0.032000890912906144,1.4390820584144646,0.017322612250194307,0.02364310284341764,
TGT,2022-04-21,2023-05-26,217.70343017578125,125.53740692138672,1,-0.42335586159564187,-0.42635586159564187,-0.42635586159564187,1.0,0.1500149635050068,crisis,reactive,growth,0.17729674332173428,0.2221279024806586,-0.06435849845778052,1.0885083454958464,0.01995775042577754,0.010053030439941768,
EW,2022-04-21,2023-05-26,125.61000061035156,82.01000213623047,1,-0.34710610828966115,-0.35010610828966116,-0.35010610828966116,1.0,0.17604739712929418,crisis,balanced,growth,0.1563104463431193,0.2889687485271628,-0.03879700298123223,1.5009335828134192,0.020898300375591226,0.010053030439941768,
MNST,2022-04-22,2023-05-30,42.82500076293945,57.75,4,0.34851135951354295,0.34551135951354295,0.34551135951354295,1.0,0.1517488721456545,crisis,balanced,transition,0.029818485169326392,-0.11828286942519728,-0.13300940649736503,1.4469983195961225,0.01636151040502747,-0.012649914927637673,
SYY,2022-04-25,2023-05-30,80.5235824584961,63.95973205566406,4,-0.205701856488681,-0.208701856488681,-0.208701856488681,1.0,0.16218155024054418,crisis,reactive,shake_out,0.1625807465005995,0.10299925581109526,0.0,1.0240616310896922,0.012349876304737505,-0.030626031449152546,
KMB,2022-04-25,2023-05-30,123.21161651611328,118.92391967773438,4,-0.034799452840700074,-0.037799452840700076,-0.037799452840700076,1.0,0.18351953624410178,crisis,reserved,mature,0.04213661329201002,0.14692794177919222,0.0,2.3574573005534134,0.020413249057347444,-0.030626031449152546,
SHW,2022-04-26,2023-05-31,261.6429443359375,222.39437866210938,1,-0.15000811802299086,-0.15300811802299086,-0.15300811802299086,1.0,0.15822931724159012,crisis,balanced,transition,-0.05064298374042975,0.016817936855528348,-0.22762300036846284,3.1180651683645695,0.027547233105371098,-0.07537279491894655,
ULTA,2022-04-26,2023-05-31,407.3299865722656,409.8299865722656,1,0.0061375299693444685,0.0031375299693444684,0.0031375299693444684,1.0,0.1603331362722468,crisis,reactive,shake_out,0.11983833922083598,0.24619104456653385,-0.0557513515654956,0.7964638464791887,0.019933813890943793,-0.07537279491894655,
OPCH,2022-04-28,2023-06-02,30.479999542236328,28.559999465942383,2,-0.06299212943338106,-0.06599212943338106,-0.06599212943338106,1.0,0.16109430605853522,crisis,reactive,growth,0.3059125682506376,0.5974842591255087,0.0,2.2595293443301596,0.03868860171904175,-0.06577792436469643,
SMCI,2022-04-28,2023-06-02,4.297999858856201,22.194000244140625,2,4.163797341316565,4.160797341316565,4.160797341316565,1.0,0.19969348468698422,crisis,reactive,growth,-0.018945487859046928,0.16099404964658093,-0.08824784606475333,0.6281127678693817,0.0556984177118936,-0.06577792436469643,
FIVE,2022-04-28,2023-06-02,167.07000732421875,182.5500030517578,2,0.09265574339443416,0.08965574339443416,0.08965574339443416,1.0,0.16399905303232892,crisis,reactive,growth,-0.008074484419057115,-0.16992098287008206,-0.2927056323799233,0.8011527975036543,0.025729293325333077,-0.06577792436469643,
RH,2022-04-28,2023-06-02,353.0,252.2100067138672,2,-0.2855240603006596,-0.2885240603006596,-0.2885240603006596,1.0,0.18417017339665862,crisis,reactive,growth,-0.12317741818967143,-0.4869335339391724,-0.5220170196279114,0.7230739698441501,0.03841922367706694,-0.06577792436469643,
AVT,2022-04-29,2023-06-05,39.4121208190918,40.377357482910156,3,0.02449085823746855,0.02149085823746855,0.02149085823746855,1.0,0.1655118223241602,crisis,reactive,transition,0.06707569862665652,0.021764759693717384,-0.0036512804410390176,1.920147402324198,0.032232223989243164,-0.077166811871626,
PTC,2022-04-29,2023-06-05,114.20999908447266,139.27999877929688,3,0.21950792308720546,0.21650792308720546,0.21650792308720546,1.0,0.1862769105652825,crisis,reactive,shake_out,0.005104302077568068,-0.12314779973533474,-0.25201390229658316,1.6806818831874606,0.04488187927820868,-0.077166811871626,
HAS,2022-04-29,2023-06-05,74.79515838623047,53.12648010253906,3,-0.28970696434383825,-0.29270696434383825,-0.29270696434383825,1.0,0.15926844378123312,crisis,reactive,shake_out,-0.05367101051309231,-0.0874579952216874,-0.1395053509085683,1.1387618613173083,0.01740943239364219,-0.077166811871626,
CYTK,2022-04-29,2023-06-05,39.869998931884766,38.0,3,-0.04690240737351248,-0.04990240737351248,-0.04990240737351248,1.0,0.21518415614196654,crisis,reactive,growth,0.24244308950772808,0.5381943987087132,-0.14036226792383333,2.535783291460725,0.040924565949656155,-0.077166811871626,
SYF,2022-04-29,2023-06-05,33.732643127441406,30.80755615234375,3,-0.08671383870059401,-0.08971383870059402,-0.08971383870059402,1.0,0.1624496478864794,crisis,reactive,growth,-0.11928782188814491,-0.14018862972992707,-0.2859899135329176,0.9914820645012029,0.024329071008017664,-0.077166811871626,
FND,2022-04-29,2023-06-05,79.72000122070312,91.12000274658203,3,0.14300051870694586,0.14000051870694585,0.14000051870694585,1.0,0.15447329893721273,crisis,balanced,growth,-0.23603255978509896,-0.2913777669270833,-0.4437233788374828,0.771865019816076,0.035253324965274065,-0.077166811871626,
WHR,2022-05-02,2023-06-06,147.38778686523438,115.794921875,4,-0.21435198710949943,-0.21735198710949943,-0.21735198710949943,1.0,0.16944297502250208,crisis,reactive,growth,-0.07448019071491263,-0.2185822817169628,-0.24734284730697242,0.740501294823973,0.02335710964737029,-0.07669094947046706,
HPQ,2022-05-02,2023-06-06,31.805362701416016,26.313030242919922,4,-0.1726857357376267,-0.1756857357376267,-0.1756857357376267,1.0,0.15241958436181255,crisis,reactive,growth,-0.007402824387866991,0.1208322102720285,-0.0748875729402797,0.5690837264802362,0.04081819007013902,-0.07669094947046706,
LSTR,2022-05-02,2023-06-06,140.333251953125,172.1990203857422,4,0.22707211576099717,0.22407211576099717,0.22407211576099717,1.0,0.15574239888746141,crisis,reactive,growth,-0.015858190987424803,-0.13259198233659963,-0.16940719808320848,1.0640996455169274,0.017248298918590973,-0.07669094947046706,
TXRH,2022-05-02,2023-06-06,78.92266082763672,105.6683120727539,4,0.33888430730342955,0.33588430730342955,0.33588430730342955,1.0,0.1517028071626693,crisis,reactive,shake_out,-0.03954730028656994,-0.19282156649663817,-0.19282156649663817,1.774251288070002,0.026194423464003146,-0.07669094947046706,
MUSA,2022-05-02,2023-06-06,227.3011474609375,281.2315979003906,4,0.2372643123093836,0.2342643123093836,0.2342643123093836,1.0,0.21151875522194744,crisis,reactive,growth,0.265156814932654,0.6683940388802667,-0.05677434780164037,1.1179618602547674,0.01980542169828398,-0.07669094947046706,
WAT,2022-05-03,2023-06-07,326.92999267578125,257.1400146484375,1,-0.21347071113342286,-0.21647071113342287,-0.21647071113342287,1.0,0.15108486122776577,crisis,balanced,growth,0.003222007417565731,0.05987810974634278,-0.23020959906068805,2.020681509215306,0.03039890248438557,-0.06877766943708596,
CSL,2022-05-03,2023-06-07,254.60678100585938,224.82418823242188,1,-0.11697486082569064,-0.11997486082569064,-0.11997486082569064,1.0,0.15770976926620658,crisis,reactive,growth,0.2237354921729937,0.39474146364052554,0.0,1.0307979232824236,0.020482214872969425,-0.06877766943708596,
OC,2022-05-03,2023-06-07,88.65694427490234,111.03956604003906,1,0.25246326667580576,0.24946326667580576,0.24946326667580576,1.0,0.16504117334981955,crisis,balanced,growth,0.08673152329916878,-0.04796625242761399,-0.10444466742562475,0.8580240368435853,0.018163174357694323,-0.06877766943708596,
VMI,2022-05-04,2023-06-08,250.5965118408203,273.7652587890625,1,0.09245438724605659,0.08945438724605659,0.08945438724605659,1.0,0.15256949580857662,crisis,balanced,growth,0.2167318011721988,0.020231188557323643,-0.020369552950327385,0.6999525309627583,0.01999276711448261,-0.04895900849600776,
BDC,2022-05-04,2023-06-08,56.65890121459961,92.83451080322266,1,0.6384806061029202,0.6354806061029202,0.6354806061029202,1.0,0.1538203102745548,crisis,reactive,shake_out,-0.0046429872951977424,0.13233010711659632,-0.15856666870989855,2.2436157276043778,0.031105495321515648,-0.04895900849600776,
BC,2022-05-04,2023-06-08,76.05640411376953,79.7570571899414,1,0.04865669261244876,0.04565669261244876,0.04565669261244876,1.0,0.1652363269712875,crisis,reactive,growth,-0.11541799661158536,-0.2690993009755519,-0.2736394435517523,1.1270893340900088,0.023175950060144446,-0.04895900849600776,
TKR,2022-05-04,2023-06-08,59.51456069946289,79.95801544189453,1,0.34350341331875334,0.34050341331875333,0.34050341331875333,1.0,0.15471745348974714,crisis,balanced,growth,-0.03231459785727575,-0.283749921265395,-0.29065158143829084,1.5519136604376935,0.025284526810782325,-0.04895900849600776,
EXPD,2022-05-04,2023-06-08,105.61901092529297,113.08885955810547,1,0.0707244705983483,0.0677244705983483,0.0677244705983483,1.0,0.1697598126287503,crisis,balanced,transition,0.011224591911047632,-0.032877645009373846,-0.18293774230879822,1.4263564031586178,0.022848436152713626,-0.04895900849600776,
KBH,2022-05-04,2023-06-08,33.653648376464844,46.21879959106445,1,0.3733666874402495,0.3703666874402495,0.3703666874402495,1.0,0.18351133678634113,crisis,reactive,growth,-0.1005639812562229,-0.2567469110111731,-0.2891003960427315,0.9579676009576953,0.0315230010437295,-0.04895900849600776,
LYB,2022-05-04,2023-06-08,86.06147766113281,74.93814086914062,1,-0.12924873118946834,-0.13224873118946834,-0.13224873118946834,1.0,0.15554011228578912,crisis,reactive,transition,0.15822514145075783,0.0628131248481898,0.0,1.1415247792471164,0.017959291032361893,-0.04895900849600776,
AMCR,2022-05-04,2023-06-08,55.41844940185547,44.88125228881836,1,-0.19013879361056807,-0.19313879361056807,-0.19313879361056807,1.0,0.16426615284470353,crisis,reactive,shake_out,0.14060917591388367,0.09278295766918121,0.0,2.8975914598105788,0.026970400903929936,-0.04895900849600776,
ARW,2022-05-05,2023-06-09,124.47000122070312,134.16000366210938,1,0.07785010320859964,0.07485010320859964,0.07485010320859964,1.0,0.17659602098674623,crisis,balanced,growth,-0.03128651335200394,0.059319159325132986,-0.08531746365469295,1.4038153487694771,0.019813720202573267,-0.09598708612285112,
LEN,2022-05-05,2023-06-09,71.65343475341797,105.6032943725586,1,0.473806450953437,0.470806450953437,0.470806450953437,1.0,0.1554859572158474,crisis,reactive,growth,-0.17805966869318546,-0.26050987546216364,-0.32007491240816943,1.2757781567941684,0.02902731708064253,-0.09598708612285112,
ODFL,2022-05-05,2023-06-09,138.65098571777344,150.7133026123047,1,0.08699770024775955,0.08399770024775954,0.08399770024775954,1.0,0.16705058146999419,crisis,reactive,growth,-0.10233943576971416,0.05403851648175095,-0.22095916706890595,0.8425113350756924,0.027783351587141274,-0.09598708612285112,
LFUS,2022-05-05,2023-06-09,243.7360076904297,259.5264892578125,1,0.06478518179159809,0.06178518179159809,0.06178518179159809,1.0,0.16301676186611103,crisis,balanced,growth,-0.033483492932111725,-0.031125215197063016,-0.23065793927559097,1.0490595307349233,0.03069682888176046,-0.09598708612285112,
SAIA,2022-05-05,2023-06-09,218.1999969482422,294.7900085449219,1,0.3510083073687995,0.3480083073687995,0.3480083073687995,1.0,0.170877653886913,crisis,reactive,growth,-0.24857086135699913,-0.10902408172181455,-0.40128964291462166,0.7000648041474654,0.0376605180272688,-0.09598708612285112,
NXPI,2022-05-05,2023-06-09,165.19248962402344,174.99501037597656,1,0.059339990421256816,0.056339990421256814,0.056339990421256814,1.0,0.15348365032882616,crisis,reactive,growth,-0.1456039431132642,-0.08724682209472001,-0.24791041940278447,1.3057378207255486,0.027161001926618602,-0.09598708612285112,
PHM,2022-05-06,2023-06-12,41.249412536621094,71.23818969726562,4,0.7270110121937032,0.7240110121937032,0.7240110121937032,1.0,0.18838879887087367,crisis,reactive,growth,-0.11559945443915942,-0.30585277162710856,-0.30585277162710856,0.7682083230773148,0.030786745954491063,-0.08453229688880182,
LEA,2022-05-06,2023-06-12,118.2477798461914,131.59449768066406,4,0.11287076892126979,0.10987076892126979,0.10987076892126979,1.0,0.1568642759427835,crisis,balanced,shake_out,-0.20911647047033033,-0.3032311179080299,-0.3461082848929192,1.1095937515350984,0.02271329249319493,-0.08453229688880182,
AIT,2022-05-09,2023-06-13,102.6893539428711,135.25584411621094,5,0.3171359924170667,0.3141359924170667,0.3141359924170667,1.0,0.16445937477507724,crisis,reactive,growth,0.12460341385762974,0.046472910906466325,-0.043368841300439054,1.3073902537253324,0.032175482148755534,-0.09672662476690375,
UFPI,2022-05-09,2023-06-13,75.5084228515625,87.40513610839844,5,0.15755478405664713,0.15455478405664713,0.15455478405664713,1.0,0.17870285448693973,crisis,balanced,growth,0.04217742490866638,-0.05071412443814727,-0.14862817171714127,1.1430304148923547,0.030016271366036937,-0.09672662476690375,
TEX,2022-05-09,2023-06-13,31.82999610900879,55.72076416015625,5,0.7505740173303288,0.7475740173303288,0.7475740173303288,1.0,0.18552217866054965,crisis,reactive,shake_out,-0.20910314421604648,-0.3449601914615713,-0.3890152695612238,0.8414665559975958,0.02755506215499805,-0.09672662476690375,
HUBB,2022-05-09,2023-06-13,185.58966064453125,304.4114685058594,5,0.6402393724341855,0.6372393724341855,0.6372393724341855,1.0,0.159304845569167,crisis,reactive,growth,0.0807428216256898,0.02701108865605195,-0.05724307948453311,0.9492567464317456,0.020129015666566226,-0.09672662476690375,
MCHP,2022-05-09,2023-06-13,58.6724739074707,79.93296813964844,5,0.36235891920471164,0.35935891920471164,0.35935891920471164,1.0,0.16713236450485727,crisis,balanced,growth,-0.09519959140952894,-0.10520227117950287,-0.27767858140821666,1.3607859358841778,0.03216254299366063,-0.09672662476690375,
MAS,2022-05-09,2023-06-13,49.83796310424805,53.296836853027344,5,0.06940238993203307,0.06640238993203307,0.06640238993203307,1.0,0.1737294216877069,crisis,reactive,growth,-0.06401036753184075,-0.15527767384207714,-0.2306037059245536,0.8060481729477553,0.023806389582500337,-0.09672662476690375,
AEIS,2022-05-09,2023-06-13,74.24020385742188,107.80331420898438,5,0.45208806829275905,0.44908806829275905,0.44908806829275905,1.0,0.15064878035794876,crisis,reactive,growth,-0.08122571069239393,-0.13049439465880386,-0.33477041923740836,1.0228878214184798,0.030518121744799943,-0.09672662476690375,
SLAB,2022-05-09,2023-06-13,135.47000122070312,161.41000366210938,5,0.19148152511747374,0.18848152511747374,0.18848152511747374,1.0,0.16377849694973,crisis,reactive,growth,-0.09457288035199851,0.04812380054702614,-0.3552118168242343,1.2126167700889356,0.028062218697535325,-0.09672662476690375,
MTSI,2022-05-09,2023-06-13,50.029998779296875,62.13999938964844,5,0.24205478524542468,0.23905478524542467,0.23905478524542467,1.0,0.156557844614689,crisis,reactive,growth,-0.14037803911585278,-0.06223054901181824,-0.37415565109636517,0.7187921133724174,0.024925893708751205,-0.09672662476690375,
ALLE,2022-05-09,2023-06-13,107.83326721191406,113.38739013671875,5,0.051506581117399586,0.04850658111739958,0.04850658111739958,1.0,0.1648038513351293,crisis,balanced,shake_out,-0.03871038212119304,-0.17576915904080792,-0.22447701017612054,1.0332714295303516,0.020756038483152956,-0.09672662476690375,
LITE,2022-05-10,2023-06-14,89.33000183105469,56.43000030517578,1,-0.36829733405917775,-0.37129733405917775,-0.37129733405917775,1.0,0.16071385671142288,crisis,reactive,growth,-0.0431662248602217,0.309056339793387,-0.169872676104589,1.4651303604502066,0.03244844553015215,-0.09101542827096432,
MKSI,2022-05-11,2023-06-15,107.9345703125,102.79882049560547,1,-0.047582065709115606,-0.05058206570911561,-0.05058206570911561,1.0,0.15445292861997265,crisis,balanced,growth,-0.26774759196555464,-0.3450119291609882,-0.40483587677874655,0.803254250190307,0.03405771895758676,-0.1198571960731486,
RBA,2022-05-13,2023-06-20,57.58392333984375,55.533138275146484,4,-0.035613847507300345,-0.03861384750730035,-0.03861384750730035,1.0,0.18665473063626709,crisis,reactive,transition,0.07676242838628378,-0.0023318367156487385,-0.16326324275569581,1.469106534301378,0.03594885420311891,-0.08135815958760295,
AMAT,2022-05-17,2023-06-21,112.74922180175781,133.5226287841797,5,0.1842443491002259,0.1812443491002259,0.1812443491002259,1.0,0.15965546708475256,crisis,balanced,growth,-0.10302472124497297,-0.05721603035635736,-0.2990978834066663,0.8315452992950038,0.03624752146352761,-0.05015603186334894,
JBL,2022-05-17,2023-06-21,60.47003936767578,104.4853744506836,5,0.7278866616140518,0.7248866616140518,0.7248866616140518,1.0,0.16155702323263915,crisis,reactive,growth,0.04861185025355241,0.13391448282571283,-0.14308555966225633,1.2201940251927303,0.026619039145999484,-0.05015603186334894,
ADI,2022-05-18,2023-06-22,149.24908447265625,177.78775024414062,1,0.1912150139635389,0.1882150139635389,0.1882150139635389,1.0,0.16732134863538503,crisis,reactive,growth,0.026905218501618533,0.020144680247474955,-0.14557226078230223,1.5292607927168833,0.03005471336876889,-0.07142824952298543,
BLKB,2022-05-18,2023-06-22,57.689998626708984,70.20999908447266,1,0.21702202731492592,0.21402202731492592,0.21402202731492592,1.0,0.16722315597448514,crisis,reactive,transition,-0.010972110136382107,-0.17644545162855163,-0.33290938497536904,1.5563456971541783,0.03630464795911526,-0.07142824952298543,
IPGP,2022-05-18,2023-06-22,99.9800033569336,130.35000610351562,1,0.3037607694226576,0.3007607694226576,0.3007607694226576,1.0,0.15565953447529568,crisis,reactive,shake_out,-0.2586935050300718,-0.5069046850188053,-0.5417124968892801,0.7039671186508976,0.037277336182248946,-0.07142824952298543,
META,2022-05-18,2023-06-22,190.74314880371094,282.6618347167969,1,0.4818977063636356,0.4788977063636356,0.4788977063636356,1.0,0.2160595221209546,crisis,reactive,growth,-0.031292316156954825,-0.39662898223260556,-0.49699092924917365,0.585857316357816,0.054299752315433,-0.07142824952298543,
SNPS,2022-05-19,2023-06-23,300.5199890136719,419.55999755859375,2,0.3961134463488425,0.3931134463488425,0.3931134463488425,1.0,0.2252037298279035,crisis,balanced,growth,-0.023651718869441618,0.24181813642013172,-0.19987222251969616,2.2949353987589953,0.04155681902886909,-0.09044935262063347,
ADSK,2022-05-19,2023-06-23,193.72000122070312,202.0,2,0.042742095432177774,0.03974209543217777,0.03974209543217777,1.0,0.18797333134210498,crisis,reactive,growth,-0.11210923217614199,-0.31226921947673314,-0.43401406071577886,0.7628624148558193,0.03751164458390734,-0.09044935262063347,
ALV,2022-05-20,2023-06-26,68.73209381103516,77.29479217529297,5,0.12458078736549472,0.12158078736549471,0.12158078736549471,1.0,0.16250716423824657,crisis,balanced,shake_out,-0.16257851942135637,-0.2425185823086483,-0.28645144907608644,1.4499414256105254,0.027412539759423506,-0.11022312058792638,
SPXC,2022-05-20,2023-06-26,48.119998931884766,81.77999877929688,5,0.6995012592385714,0.6965012592385714,0.6965012592385714,1.0,0.15951446329957847,crisis,balanced,growth,-0.047694437079613294,-0.21959132255975222,-0.29162374921676004,1.6041799957346983,0.023361365017043594,-0.11022312058792638,
UTHR,2022-05-23,2023-06-27,210.13999938964844,215.1199951171875,1,0.023698466460471357,0.020698466460471358,0.020698466460471358,1.0,0.16351407345604896,crisis,balanced,growth,0.2643802842853842,0.13423649022328132,-0.027489829651383135,3.096101587045025,0.03066147271034839,-0.0914941555593437,
EOG,2022-05-23,2023-06-27,107.05888366699219,98.05531311035156,1,-0.08409923817855536,-0.08709923817855536,-0.08709923817855536,1.0,0.17811810654462307,crisis,reactive,transition,0.13086964500126252,0.7412724630980341,-0.031387231690355843,0.8150914884931056,0.03805466736848691,-0.0914941555593437,
EA,2022-05-25,2023-06-29,134.4418487548828,128.65106201171875,1,-0.04307279910827433,-0.04607279910827433,-0.04607279910827433,1.0,0.15685911382969417,crisis,reserved,transition,0.06401981485764119,-0.03415414914604764,-0.07179967567488987,0.7370886733516078,0.028155998952749683,-0.09296850250132627,
CHTR,2022-05-27,2023-07-03,509.94000244140625,368.20001220703125,3,-0.2779542486484209,-0.2809542486484209,-0.2809542486484209,1.0,0.1709375405761129,crisis,reactive,transition,-0.07271832918185939,-0.2597657222515486,-0.3788869850844089,0.6852153179423564,0.021301926728154747,-0.039416724963640015,
EPAM,2022-05-31,2023-07-05,338.5199890136719,232.7899932861328,5,-0.31233014049066665,-0.31533014049066665,-0.31533014049066665,1.0,0.17297376536906114,crisis,balanced,growth,0.9366131756498712,-0.29645027342839003,-0.5281885550722581,1.3657418415971543,0.0486885636171963,-0.016410013584644556,
AAON,2022-06-03,2023-07-10,36.318519592285156,62.7031364440918,10,0.7264783132132762,0.7234783132132762,0.7234783132132762,1.0,0.16146583484461283,crisis,reactive,growth,0.019693235698273748,-0.13495270338353726,-0.3313166107035619,0.6194105996038654,0.027172512710939005,-0.03544530364371079,
VVV,2022-06-03,2023-07-10,34.18471145629883,37.5099983215332,10,0.09727409486797534,0.09427409486797533,0.09427409486797533,1.0,0.15979161524546112,crisis,reactive,growth,0.17060940336694075,0.035006968523203286,-0.07116600560887676,0.40007853843708513,0.03794119568468669,-0.03544530364371079,
TPR,2022-06-06,2023-07-11,31.3022518157959,41.394195556640625,11,0.32240312295207074,0.31940312295207074,0.31940312295207074,1.0,0.15591855717146536,crisis,reactive,transition,0.015295258151367008,-0.19242517872163656,-0.2356148515653892,0.7408090632977435,0.047344833425635856,-0.019713075785904643,
HALO,2022-06-07,2023-07-12,46.0099983215332,37.189998626708984,1,-0.1916974574349497,-0.1946974574349497,-0.1946974574349497,1.0,0.17324214203951216,crisis,reactive,growth,0.33092272859990124,0.1683594990754349,-0.047412027985504146,0.6594461693078014,0.027350464891050256,-0.0029785191157720714,
AXON,2022-06-09,2023-07-14,101.04000091552734,192.24000549316406,2,0.9026128637299085,0.8996128637299085,0.8996128637299085,1.0,0.15299029989224186,crisis,reactive,growth,-0.2062843794713315,-0.35823171145382215,-0.4778024805053972,0.7495417733695582,0.039493623900667095,-0.07802907977537443,
EQT,2022-06-13,2023-07-18,42.60740661621094,38.09126281738281,1,-0.10599433660695645,-0.10899433660695645,-0.10899433660695645,1.0,0.24146230564726662,crisis,reactive,transition,0.6675764281377645,1.0817871054843922,-0.09498009556398068,0.9076069458590308,0.03645079758525037,-0.15986355187424717,
FDX,2022-06-14,2023-07-19,211.04278564453125,245.74151611328125,1,0.16441562009702904,0.16141562009702903,0.16141562009702903,1.0,0.18000545189751008,crisis,reactive,shake_out,0.03506486246319973,-0.2104354573273558,-0.23386077358740986,4.942158430812365,0.044823459764587625,-0.16267000361298212,
CDNS,2022-06-15,2023-07-20,147.72000122070312,238.7899932861328,2,0.6165041383215621,0.6135041383215621,0.6135041383215621,1.0,0.1530932684465221,crisis,balanced,growth,-0.07790259653732157,0.1284088082525907,-0.22921990125138791,1.0979994867915475,0.030653507403878552,-0.15994731258124517,
CRM,2022-06-15,2023-07-20,166.1112060546875,224.8587188720703,2,0.3536637546177459,0.3506637546177459,0.3506637546177459,1.0,0.15103353346785353,crisis,balanced,transition,-0.22757897646691871,-0.31043657377000067,-0.4562201392873869,0.7539273236928968,0.03819876845289811,-0.15994731258124517,
OKTA,2022-06-15,2023-07-20,85.91000366210938,69.76000213623047,2,-0.18798743845243093,-0.19098743845243094,-0.19098743845243094,1.0,0.1612785512691462,crisis,reactive,growth,-0.48380696122802314,-0.6299534704214399,-0.6838638319701587,0.6499876344970317,0.053429176964396155,-0.15994731258124517,
DG,2022-06-16,2023-07-21,215.97515869140625,157.43275451660156,3,-0.2710608225941964,-0.2740608225941964,-0.2740608225941964,1.0,0.20464827501739302,crisis,reserved,transition,0.05075937245808393,0.1007602741217497,-0.10349757068370169,0.9054367927215253,0.039418130770307716,-0.17716060475237716,
DELL,2022-06-17,2023-07-24,43.606075286865234,51.29084396362305,3,0.17623160594488474,0.17323160594488474,0.17323160594488474,1.0,0.2189284496682164,crisis,reactive,growth,-0.10440352438646028,-0.054471953451623256,-0.21139759677480108,0.9440996781288856,0.03820895754980923,-0.18701108791257226,
ERIE,2022-06-23,2023-07-28,171.06260681152344,209.73475646972656,1,0.22607015278804932,0.22307015278804931,0.22307015278804931,1.0,0.15301782358487662,crisis,reactive,shake_out,0.023918897961562102,-0.024221771628692546,-0.19574424705523152,1.2558199689601655,0.017161587684811158,-0.18047113299148587,
EL,2022-06-23,2023-07-28,242.66183471679688,171.29995727539062,1,-0.29407952645165847,-0.29707952645165847,-0.29707952645165847,1.0,0.16604154020418382,crisis,reactive,growth,-0.0902786707969534,-0.15577979025358002,-0.3015151632275087,1.0549210554580932,0.03096727425125616,-0.18047113299148587,
WING,2022-06-23,2023-07-28,79.41928100585938,162.89019775390625,1,1.051015769607491,1.0480157696074912,1.0480157696074912,1.0,0.22557681052540443,crisis,reactive,growth,-0.32462035683323964,-0.4668283684871575,-0.5461076242225138,1.3258909162307337,0.0456489333176041,-0.18047113299148587,
TWLO,2022-06-23,2023-07-28,97.41000366210938,64.05999755859375,1,-0.34236736320427974,-0.34536736320427974,-0.34536736320427974,1.0,0.16271425216238922,crisis,reactive,growth,-0.4417124825345542,-0.7480080601269555,-0.7623218706507108,1.1050755169508006,0.05959718187770135,-0.18047113299148587,
DBX,2022-06-23,2023-07-28,21.84000015258789,26.6299991607666,1,0.21932229737695907,0.21632229737695907,0.21632229737695907,1.0,0.17376788498718945,crisis,reactive,transition,-0.09490257305528882,-0.26809651337438734,-0.3267570568080649,0.5954234375471072,0.0336895601166335,-0.18047113299148587,
ARWR,2022-06-29,2023-08-03,34.560001373291016,32.31999969482422,1,-0.06481486080605126,-0.06781486080605126,-0.06781486080605126,1.0,0.18525558084521465,crisis,reactive,growth,-0.317130982878861,-0.5827094723419708,-0.5932203184356293,0.934876188040745,0.04897782406841804,-0.16667467569047467,
CHD,2022-07-14,2023-08-18,91.593505859375,90.36528015136719,1,-0.01340952829006814,-0.01640952829006814,-0.01640952829006814,1.0,0.152663463596887,crisis,reactive,mature,-0.061175507525473405,0.12085380003831614,-0.07748957719880845,0.6268801249511909,0.01377045318080575,-0.15055994316857513,
MLI,2022-07-20,2023-08-24,29.725976943969727,36.71558380126953,3,0.23513463898846654,0.23213463898846654,0.23213463898846654,1.0,0.151120681063281,crisis,balanced,growth,0.09701423671433207,0.4638813766539023,0.0,1.9345497622534098,0.035690227524472797,-0.07826136273486228,
CROX,2022-07-20,2023-08-24,62.61000061035156,95.0999984741211,3,0.5189266498489353,0.5159266498489353,0.5159266498489353,1.0,0.1730502762655713,crisis,reactive,growth,-0.09783862775558283,-0.478163036684618,-0.6532646725879926,1.8359027975997666,0.05288552637326911,-0.07826136273486228,
NOVT,2022-07-22,2023-08-28,150.0800018310547,156.60000610351562,3,0.04344352473956192,0.04044352473956192,0.04044352473956192,1.0,0.1536039844824249,crisis,reactive,growth,0.16948491926801101,0.092285360246255,-0.1737502624126982,8.735209697069816,0.0319653769314795,-0.05313867250182347,
TKO,2022-07-25,2023-08-29,67.61639404296875,109.26557159423828,4,0.6159627134922692,0.6129627134922692,0.6129627134922692,1.0,0.1662149697640622,crisis,reactive,declining,0.1862358555355632,0.4601763029627228,0.0,5.068880816467739,0.02273189955993175,-0.07478948387390671,
ROK,2022-07-27,2023-08-31,225.44032287597656,298.9227294921875,1,0.3259505916190355,0.3229505916190355,0.3229505916190355,1.0,0.15113477752440074,crisis,reactive,growth,-0.033000472554530313,-0.18302969490691667,-0.30903958163159073,2.7926493348307324,0.026557147667871026,-0.031710644780192476,
URI,2022-07-28,2023-09-01,294.56536865234375,479.7187805175781,1,0.6285647654791315,0.6255647654791315,0.6255647654791315,1.0,0.15617862502119548,crisis,reactive,growth,-0.02438798079931037,-0.05467337553537688,-0.22393660224394896,1.7065978374980775,0.022393397857140035,-0.02467980910222356,
FIX,2022-07-29,2023-09-05,104.08667755126953,183.79417419433594,4,0.7657800068006324,0.7627800068006324,0.7627800068006324,1.0,0.16042076319411003,crisis,reactive,growth,0.17208690910568603,0.4220327987370316,0.0,2.067832499726187,0.02685907426329666,-0.03950538836810136,
AMKR,2022-08-01,2023-09-05,19.31534194946289,27.02699851989746,4,0.39925032601605137,0.39625032601605137,0.39625032601605137,1.0,0.1634880835107067,crisis,reactive,growth,0.07606791760901044,-0.18293655455350522,-0.2912732241680066,1.4164055048371713,0.023641110455115473,-0.00681001178646834,
FSLR,2022-08-02,2023-09-06,99.72000122070312,182.08999633789062,5,0.8260127768639303,0.8230127768639303,0.8230127768639303,1.0,0.37127873357608693,crisis,reactive,growth,0.3823121993956131,0.07992208333870376,-0.17682019379947,0.9671767454257537,0.052668877063534486,-0.007797053738483717,
PYPL,2022-08-03,2023-09-07,97.39925384521484,61.322147369384766,1,-0.3704043414250706,-0.3734043414250706,-0.3734043414250706,1.0,0.162817980897079,crisis,balanced,growth,0.23123334112278648,-0.6445735578160929,-0.6660983993100966,3.400859089031656,0.04397751678591364,0.04107243163571295,
TTMI,2022-08-04,2023-09-08,16.530000686645508,12.90999984741211,2,-0.21899580694863352,-0.22199580694863352,-0.22199580694863352,1.0,0.28364776193414415,crisis,reactive,shake_out,0.1723404425129873,0.17818966509309275,0.0,3.589222744040171,0.0545021521864861,0.037712573133725114,
CVNA,2022-08-05,2023-09-11,46.97999954223633,50.810001373291016,5,0.08152409255797055,0.07852409255797055,0.07852409255797055,1.0,0.5362611307799399,crisis,reactive,growth,0.5659999847412109,-0.8640821629630755,-0.873061338104663,3.765735509807173,0.10974848369894226,0.053367320786795513,
XYL,2022-08-08,2023-09-12,95.26350402832031,93.78158569335938,1,-0.015555992298166843,-0.018555992298166842,-0.018555992298166842,1.0,0.16397327750154272,crisis,balanced,transition,0.2081914175528663,-0.21561449052763504,-0.2713536632306288,1.414893164312767,0.019172507458968258,0.05342893180154462,
PEN,2022-08-08,2023-09-12,169.10000610351562,290.2200012207031,1,0.7162625118005208,0.7132625118005208,0.7132625118005208,1.0,0.16187244304103646,crisis,reactive,growth,0.24521356629915614,-0.35861934375804105,-0.41937916572709466,1.19778301391817,0.04220130553451634,0.05342893180154462,
GTLS,2022-08-09,2023-09-13,200.67999267578125,172.3300018310547,2,-0.1412696426122002,-0.1442696426122002,-0.1442696426122002,1.0,0.1569493341575351,crisis,reactive,growth,0.1917571910634368,0.1559907005770389,-0.012401596015293337,0.7277409177376699,0.037463364180151504,0.02449876236610038,
SW,2022-08-09,2023-09-13,33.53276443481445,31.600391387939453,2,-0.057626416415246906,-0.06062641641524691,-0.06062641641524691,1.0,0.1828158318274461,crisis,herd,growth,-0.0018266055557378813,-0.27953050544994407,-0.3433376630672206,1.4,0.04710843407369631,0.02449876236610038,
GWW,2022-08-10,2023-09-14,547.1571044921875,681.71484375,3,0.2459215792924676,0.2429215792924676,0.2429215792924676,1.0,0.15389000974725103,normal,reactive,growth,0.1958055800922056,0.2857833056121679,0.0,0.7392912832115449,0.021447939750534013,0.05045651685415842,
TTD,2022-08-10,2023-09-14,74.23999786376953,85.37000274658203,3,0.14991925111900017,0.14691925111900017,0.14691925111900017,1.0,0.3304373530001603,normal,reactive,growth,0.45654298775285374,-0.09902916882285018,-0.3350053899171441,4.974809307396946,0.09198854556634317,0.05045651685415842,
WCC,2022-08-11,2023-09-15,133.2890625,149.6586456298828,4,0.12281265111218564,0.11981265111218564,0.11981265111218564,1.0,0.1542336338503874,normal,reactive,growth,0.08756224758970044,0.16603013924312715,-0.04524625598372056,0.9078979654977436,0.019014155338076107,0.028961668695773213,
FLEX,2022-08-11,2023-09-15,14.046722412109375,19.35945701599121,4,0.3782188077769546,0.3752188077769546,0.3752188077769546,1.0,0.1541943574045192,normal,reactive,growth,0.1095237969689904,0.02983431749526555,-0.03917520070326708,1.6293701289784597,0.028316959344393756,0.028961668695773213,
RRX,2022-08-11,2023-09-15,138.89329528808594,147.47540283203125,4,0.06178921398721737,0.05878921398721737,0.05878921398721737,1.0,0.15309630867657198,normal,balanced,growth,0.14314923828237336,-0.009036724983827793,-0.1764418222106292,1.1994182821331654,0.014501693736303282,0.028961668695773213,
GE,2022-08-11,2023-09-15,48.23411178588867,90.79297637939453,4,0.8823395521912947,0.8793395521912947,0.8793395521912947,1.0,0.15057051413122827,normal,balanced,shake_out,0.03395557083430667,-0.2565159532088286,-0.2889353186312772,1.2296866364644368,0.01755172129618441,0.028961668695773213,
MANH,2022-08-11,2023-09-15,147.94000244140625,198.8800048828125,4,0.3443287927589549,0.3413287927589549,0.3413287927589549,1.0,0.16973366753079872,normal,reactive,growth,0.22487170008785373,-0.050022433056262194,-0.20071313756290365,0.7721488864314011,0.04258173873041899,0.028961668695773213,
IR,2022-08-12,2023-09-18,53.38279724121094,66.23438262939453,7,0.24074394846927039,0.23774394846927038,0.23774394846927038,1.0,0.15513043608156074,normal,reactive,growth,0.2290759705116201,0.02359359545773665,-0.13288368882736323,1.2904857328722088,0.02020419927355118,0.09085092997228061,
TT,2022-08-15,2023-09-19,158.3292999267578,198.4747314453125,8,0.25355655293824775,0.25055655293824775,0.25055655293824775,1.0,0.1597761461197559,normal,reactive,growth,0.2699572630560272,-0.13964895005234446,-0.1765401775440011,0.8075026617232864,0.015296224647870385,0.10160764708871817,
NTNX,2022-08-23,2023-09-27,18.15999984741211,35.720001220703125,16,0.9669604361694641,0.9639604361694641,0.9639604361694641,1.0,0.1787988666714061,crisis,reactive,declining,0.0758294283343659,-0.4901740485130551,-0.5868031960826401,0.9252238004896488,0.027714172502377978,-0.007096813133184776,
PFG,2022-08-25,2023-09-29,68.60253143310547,65.81414031982422,2,-0.04064560089885627,-0.043645600898856274,-0.043645600898856274,1.0,0.15977058925225243,crisis,reactive,shake_out,0.09483232217364357,0.2205569332415549,-0.014086204223481946,0.8620940546764775,0.021283784973422232,0.023868482671035585,
NCLH,2022-08-26,2023-10-02,13.720000267028809,16.440000534057617,5,0.19825074446721191,0.1952507444672119,0.1952507444672119,1.0,0.17953493496977388,crisis,reactive,declining,-0.14676614849966507,-0.47553515492905996,-0.5255878205105798,0.8357818022326947,0.05248358032964282,-0.028528860981371862,
CCL,2022-08-29,2023-10-03,9.784770011901855,12.681380271911621,1,0.29603253387523965,0.29303253387523964,0.29303253387523964,1.0,0.15386413742905067,crisis,reactive,declining,-0.27239083814856735,-0.5840033762785214,-0.6273692117260313,0.6685419860550174,0.04332207995129076,-0.01896779169721985,
RCL,2022-08-29,2023-10-03,41.24171447753906,84.82947540283203,1,1.0568852793215373,1.0538852793215374,1.0538852793215374,1.0,0.21950649169143882,crisis,reactive,transition,-0.2510207715174646,-0.4847966600821141,-0.563566774444822,0.6345430818803698,0.044653309315979085,-0.01896779169721985,
FANG,2022-08-31,2023-10-05,115.28247833251953,131.4513397216797,1,0.14025428341783974,0.13725428341783974,0.13725428341783974,1.0,0.16278858213909028,crisis,reactive,transition,-0.14959455445338377,0.9000960717469841,-0.14959455445338377,1.053561911698046,0.023442327184800202,-0.049434267257187026,
ALB,2022-09-02,2023-10-09,247.21575927734375,149.45236206054688,5,-0.39545778757218764,-0.39845778757218764,-0.39845778757218764,1.0,0.15973321922158012,crisis,reactive,growth,0.07486175234594583,0.08196968514119929,-0.12107653386665562,0.8962244687435527,0.029748285230670506,-0.023286273900253063,
ON,2022-09-08,2023-10-13,70.55000305175781,89.13999938964844,4,0.26350099976965824,0.26050099976965824,0.26050099976965824,1.0,0.16497914386335322,crisis,reactive,growth,0.2453663045274428,0.5594606638871544,-0.08030238699301107,1.1885755999635004,0.03974535793534993,0.07246724720444253,
HOG,2022-09-13,2023-10-18,38.02752685546875,28.16110610961914,1,-0.25945470457095254,-0.26245470457095255,-0.26245470457095255,1.0,0.1522083278030426,crisis,reactive,transition,0.3437267268453299,0.10910896343630938,-0.0370580521766849,1.4537122516363516,0.024100852306712175,0.07016627862673386,
ARES,2022-09-13,2023-10-18,67.8345947265625,100.09442901611328,1,0.47556610929258714,0.47256610929258713,0.47256610929258713,1.0,0.1515607508715569,crisis,reactive,growth,0.396001841716769,0.003727961221888121,-0.1215686460481874,0.8600659315675798,0.022165676047161357,0.07016627862673386,
SBUX,2022-09-15,2023-10-20,84.71586608886719,88.36307525634766,2,0.043052256157713575,0.04005225615771357,0.04005225615771357,1.0,0.15161428529775334,crisis,reactive,growth,0.26528586727160386,-0.17784069748070264,-0.19746745584197567,1.3282434399923568,0.023373687545463477,0.037623496729880745,
DXCM,2022-09-15,2023-10-20,90.9800033569336,85.97000122070312,2,-0.05506706915117576,-0.058067069151175765,-0.058067069151175765,1.0,0.1704811176726604,crisis,reactive,growth,0.2720918292402319,-0.3560419544469273,-0.44120626482393466,0.7618048798979037,0.02947817010806646,0.037623496729880745,
TRGP,2022-09-15,2023-10-20,66.73798370361328,82.03616333007812,2,0.2292274770302445,0.22622747703024448,0.22622747703024448,1.0,0.15521398163106184,crisis,reactive,shake_out,0.20844778326885738,0.5891121916552491,-0.09764805154480716,1.421920125580084,0.026385979966886675,0.037623496729880745,
DECK,2022-09-16,2023-10-23,56.20000076293945,82.40833282470703,5,0.46634042181455637,0.46334042181455637,0.46334042181455637,1.0,0.15332172831306085,crisis,reactive,growth,0.2925978874119286,-0.2248097921999911,-0.23066395051181177,2.1775566538289888,0.023590429230260904,0.020444051093083004,
PCTY,2022-09-21,2023-10-26,249.19000244140625,175.11000061035156,1,-0.29728320199552805,-0.30028320199552805,-0.30028320199552805,1.0,0.1528231605444487,crisis,reactive,growth,0.4060261154917222,-0.13664553848938676,-0.1849877270927024,0.7738196693369694,0.01808776698561878,-0.008274160166290678,
BIIB,2022-09-28,2023-11-02,276.6099853515625,241.86000061035156,1,-0.1256280921928571,-0.1286280921928571,-0.1286280921928571,1.0,0.462649665547937,crisis,reactive,declining,0.2807203945892691,-0.03134196765495767,-0.03878098512065187,9.254988268766411,0.09337594182930312,-0.03277956154399819,
DKS,2022-09-29,2023-11-03,103.7917251586914,108.8726806640625,2,0.04895337752217355,0.045953377522173544,0.045953377522173544,1.0,0.18983319389768,crisis,reactive,growth,0.35637405692484436,-0.038990897948947945,-0.1794977032406737,1.302825604715703,0.033336253835795915,-0.06717285787818328,
APPF,2022-09-29,2023-11-03,109.4000015258789,198.05999755859375,2,0.8104204277523894,0.8074204277523894,0.8074204277523894,1.0,0.16251922866634272,crisis,reactive,growth,0.09575326060343747,-0.09136212508797725,-0.19947315531785426,1.269001982815598,0.023281197268494768,-0.06717285787818328,
RMBS,2022-09-30,2023-11-06,25.420000076293945,57.86000061035156,3,1.2761605207196811,1.2731605207196812,1.2731605207196812,1.0,0.16056482383437945,crisis,balanced,growth,0.1867413625468144,0.13837886982290026,-0.24345234432458174,1.6762342135476465,0.01883026591558632,-0.08046401608829534,
BLDR,2022-09-30,2023-11-06,58.91999816894531,125.58999633789062,3,1.131534287862296,1.1285342878622961,1.1285342878622961,1.0,0.15549935524232236,crisis,reactive,growth,-0.029963836997500493,0.11253774900876223,-0.3125656423018287,0.991306212741621,0.03213989836008675,-0.08046401608829534,
DOCU,2022-09-30,2023-11-06,53.470001220703125,40.40999984741211,3,-0.24424913175865604,-0.24724913175865604,-0.24724913175865604,1.0,0.19616760591399682,crisis,reactive,growth,-0.19533478289922512,-0.7925670035317139,-0.8117982331577032,0.6707797985419741,0.04065333258033013,-0.08046401608829534,
CAR,2022-10-04,2023-11-08,159.52301025390625,179.8743133544922,5,0.12757597206944382,0.12457597206944382,0.12457597206944382,1.0,0.15304739725356242,crisis,reactive,growth,0.09997383294349294,0.3037738919730204,-0.5299157405046757,1.3001892566484725,0.053035666237796555,-0.007298134710156501,
SGI,2022-10-04,2023-11-08,26.178510665893555,36.6428337097168,5,0.399729502467709,0.396729502467709,0.396729502467709,1.0,0.1544698745725468,crisis,reactive,growth,0.19366511437463707,-0.39405411796243717,-0.432023376417647,1.0375133536034185,0.03283045404496038,-0.007298134710156501,
CVLT,2022-10-06,2023-11-10,56.27000045776367,70.3499984741211,1,0.25022210595014815,0.24722210595014815,0.24722210595014815,1.0,0.15392042141519302,crisis,reactive,transition,-0.025965033548799532,-0.2675084524693784,-0.2675084524693784,0.9358140472949125,0.016837909402243303,-0.01209901505893951,
ILMN,2022-10-07,2023-11-13,200.564208984375,90.26264953613281,3,-0.5499563456849634,-0.5529563456849634,-0.5529563456849634,1.0,0.15038025417749412,crisis,reactive,shake_out,0.08968870172757781,-0.49712191852611864,-0.5134969117609066,0.8102358235909473,0.041307083082296435,-0.057854193221311356,
STLD,2022-10-12,2023-11-16,74.96146392822266,106.0391616821289,1,0.41458232170684206,0.41158232170684206,0.41158232170684206,1.0,0.16450021638816545,crisis,balanced,growth,0.16359616487589745,0.315757711254806,-0.14582912964340566,0.71018778426575,0.02494450348259704,-0.0966867553445645,
FCN,2022-10-13,2023-11-17,179.32000732421875,219.08999633789062,1,0.22178221832082534,0.21878221832082534,0.21878221832082534,1.0,0.16718963226676758,crisis,reactive,growth,-0.026915517082341966,0.2577681006666903,-0.04990991784879695,1.1635109864422628,0.014324471029458913,-0.08228160969258347,
BRKR,2022-10-18,2023-11-22,56.95723342895508,64.39142608642578,1,0.13052236230440606,0.12752236230440606,0.12752236230440606,1.0,0.15707804097898917,crisis,balanced,growth,-0.10600701614887786,-0.25592494363746177,-0.3220785762439504,0.769147868110426,0.023652523321257272,-0.051279648526666555,
NFLX,2022-10-19,2023-11-24,27.238000869750977,47.95600128173828,2,0.760628524503631,0.757628524503631,0.757628524503631,1.0,0.19655716269324536,crisis,reactive,growth,0.20123491890718803,-0.5642895847914926,-0.6062108549424512,3.08568172902819,0.050422836146353456,-0.08163072130340043,
BKR,2022-10-21,2023-11-27,24.586305618286133,32.29917526245117,5,0.31370592084516224,0.31070592084516224,0.31070592084516224,1.0,0.19484301775228963,crisis,reactive,transition,0.045972189482832215,0.11137287772894222,-0.30263335428449445,1.2934214259657086,0.03036837168746334,-0.09140763372351324,
SATS,2022-10-21,2023-11-27,18.290000915527344,10.739999771118164,5,-0.4127939183425402,-0.4157939183425402,-0.4157939183425402,1.0,0.15527594250099536,crisis,reactive,transition,-0.07439267693964369,-0.24265005364664927,-0.39577136970817883,0.802701756553613,0.026518127621211435,-0.09140763372351324,
TRV,2022-10-24,2023-11-28,168.3965301513672,169.3438720703125,6,0.0056256617526131425,0.0026256617526131424,0.0026256617526131424,1.0,0.15766587904418788,crisis,reactive,shake_out,0.15706911840964932,0.13741099447085614,-0.03181940523931781,1.197869582738828,0.018756328450408928,-0.07800890200468191,
ISRG,2022-10-25,2023-11-29,237.8699951171875,310.760009765625,1,0.3064279486470245,0.3034279486470245,0.3034279486470245,1.0,0.17927925706603143,crisis,balanced,growth,-0.0025578690929216608,-0.31783772070544525,-0.34905044503199123,1.9084660767567412,0.0352400790892588,-0.056726731661987606,
IDCC,2022-10-26,2023-11-30,47.020362854003906,97.055419921875,1,1.06411465226731,1.06111465226731,1.06111465226731,1.0,0.1519318361068122,crisis,balanced,transition,-0.20700442094771876,-0.23357437665808223,-0.3161985760898123,0.5538038373809204,0.04344646565933475,-0.07811228669856407,
ORCL,2022-10-26,2023-11-30,71.65259552001953,112.9811019897461,1,0.5767900823380432,0.5737900823380432,0.5737900823380432,1.0,0.15148538922813035,crisis,reactive,growth,-0.027987291328229635,-0.20734982633965582,-0.2656229082920153,1.121610211712633,0.023907926522124087,-0.07811228669856407,
CAT,2022-10-27,2023-12-01,200.706298828125,247.8944854736328,1,0.23511064137512427,0.23211064137512427,0.23211064137512427,1.0,0.21223700037186377,crisis,reactive,transition,0.16292451624117277,0.06387725966450075,-0.08083116669664525,2.4718889436648466,0.026633817921312895,-0.08300695516838241,
AMGN,2022-10-28,2023-12-04,245.37615966796875,254.44383239746094,3,0.03695417167569226,0.03395417167569226,0.03395417167569226,1.0,0.16777189269544127,crisis,reactive,mature,0.12050591407409716,0.36677525980334247,0.0,1.1052816595289483,0.01820617101089036,-0.05889473974977355,
EG,2022-10-28,2023-12-04,302.6105041503906,384.299072265625,3,0.2699462411081308,0.2669462411081308,0.2669462411081308,1.0,0.15239583116232225,crisis,reactive,shake_out,0.2656807462148856,0.2594185150356363,0.0,2.182556155158895,0.030612418812734868,-0.05889473974977355,
GILD,2022-10-28,2023-12-04,70.34506225585938,72.14679718017578,3,0.025612812989817657,0.022612812989817658,0.022612812989817658,1.0,0.21245663720803992,crisis,reactive,mature,0.3123094751398594,0.2799076716435398,0.0,3.3596610428833213,0.031688335692997505,-0.05889473974977355,
ACGL,2022-10-28,2023-12-04,53.89693069458008,77.96416473388672,3,0.44654182954664723,0.4435418295466472,0.4435418295466472,1.0,0.17170045059350747,crisis,balanced,shake_out,0.29376852344124726,0.3553324842494687,0.0,4.999486873462996,0.033902612268977526,-0.05889473974977355,
LOPE,2022-10-28,2023-12-04,100.33000183105469,138.9499969482422,3,0.3849296761921679,0.3819296761921679,0.3819296761921679,1.0,0.16248250685424345,crisis,reactive,transition,0.18495339554469292,0.2588457424435009,-0.011332296884481008,1.7574565453012725,0.038594693954978394,-0.05889473974977355,
EME,2022-11-01,2023-12-06,142.93727111816406,210.662841796875,1,0.4738132339375869,0.4708132339375869,0.4708132339375869,1.0,0.15078711656076932,crisis,reactive,growth,0.2561298694367613,0.18169391479550634,0.0,1.130218898543704,0.019517274229021275,-0.06461420054131206,
APO,2022-11-02,2023-12-07,55.87123489379883,87.86383819580078,1,0.5726131409626822,0.5696131409626822,0.5696131409626822,1.0,0.15453882143415792,crisis,reactive,growth,-0.002766607235188956,-0.21719026941961594,-0.21719026941961594,2.0493656601030525,0.025246605406872343,-0.10701296550495609,
SAIC,2022-11-02,2023-12-07,103.83809661865234,124.89266204833984,1,0.20276339913096497,0.19976339913096497,0.19976339913096497,1.0,0.16451502985965114,crisis,balanced,shake_out,0.1614260017614757,0.22831810630816962,0.0,1.5349559813568099,0.017157863167867875,-0.10701296550495609,
GHC,2022-11-03,2023-12-08,623.8211059570312,638.6497192382812,1,0.023770618114147934,0.020770618114147935,0.020770618114147935,1.0,0.16390157350578394,crisis,reactive,transition,0.08786797701623139,0.09977011825717708,-0.01307672601746468,0.7407407407407407,0.019382985222265836,-0.11584236920629731,
HON,2022-11-03,2023-12-08,178.8258514404297,174.88099670410156,1,-0.02205975648684233,-0.02505975648684233,-0.02505975648684233,1.0,0.16031373408290062,crisis,balanced,shake_out,0.029620702248748243,-0.06288665968174778,-0.08452972198664066,1.3756296752144448,0.017103930720626447,-0.11584236920629731,
JPM,2022-11-03,2023-12-08,117.00724792480469,150.1641082763672,1,0.2833744143172303,0.2803744143172303,0.2803744143172303,1.0,0.16888418388519427,crisis,balanced,shake_out,0.0682374351949322,-0.22030526521074323,-0.2256414482171455,0.8051168524387017,0.02234298350525229,-0.11584236920629731,
JCI,2022-11-03,2023-12-08,56.72605514526367,53.949710845947266,1,-0.04894301731729389,-0.051943017317293894,-0.051943017317293894,1.0,0.1527915370179268,crisis,balanced,shake_out,0.07887396699836136,-0.16184103968179886,-0.2425253706509657,1.7612560056429754,0.02384468595661961,-0.11584236920629731,
MCD,2022-11-03,2023-12-08,251.8197021484375,270.9068298339844,1,0.0757968003404903,0.0727968003404903,0.0727968003404903,1.0,0.15423369567894585,crisis,balanced,mature,0.05848543173227627,0.10091842509801574,-0.005718940269354822,0.9936889322942741,0.014920325738556105,-0.11584236920629731,
STT,2022-11-04,2023-12-11,67.23977661132812,68.87970733642578,3,0.024389294666713246,0.021389294666713247,0.021389294666713247,1.0,0.15277870694402623,crisis,reactive,shake_out,0.01732390860991795,-0.18608593054047406,-0.254204867864418,0.6695491419005356,0.025580135327765093,-0.11906121634585165,
MTZ,2022-11-04,2023-12-11,86.6500015258789,67.2699966430664,3,-0.2236584482577818,-0.2266584482577818,-0.2266584482577818,1.0,0.2550230712026465,crisis,reactive,growth,0.042092602955764,-0.07661972605074097,-0.14689375025867601,2.526750643369904,0.04437318754074812,-0.11906121634585165,
VTRS,2022-11-07,2023-12-12,9.37691879272461,8.945512771606445,1,-0.04600722589736883,-0.049007225897368834,-0.049007225897368834,1.0,0.19529140628912633,crisis,reactive,declining,-0.0010189545459302618,-0.22330787624602633,-0.26584722063659405,3.018136395180115,0.03425115297532091,-0.11410847035234073,
APD,2022-11-08,2023-12-13,258.95196533203125,252.3108367919922,1,-0.02564617932721125,-0.02864617932721125,-0.02864617932721125,1.0,0.15201962410750597,crisis,reactive,growth,0.04186606065260712,-0.07537673219661689,-0.07664157284822803,1.1756935270805813,0.02565770746096419,-0.11081716673944231,
BAC,2022-11-08,2023-12-13,33.9107780456543,30.365962982177734,1,-0.10453358099611143,-0.10753358099611143,-0.10753358099611143,1.0,0.15657169853495292,crisis,balanced,shake_out,0.019500958143207958,-0.19080486701883625,-0.23545242869983496,0.7189173288980256,0.022849974969503372,-0.11081716673944231,
BLK,2022-11-08,2023-12-13,630.5687255859375,736.1200561523438,1,0.16739068444653005,0.16439068444653004,0.16439068444653004,1.0,0.17345091120102618,crisis,reactive,growth,-0.0866663071527648,-0.2714982568471134,-0.27505273306752775,1.1101157415702154,0.02539537547884843,-0.11081716673944231,
DD,2022-11-08,2023-12-13,25.873743057250977,28.76721954345703,1,0.111830610662077,0.108830610662077,0.108830610662077,1.0,0.17658580630034365,crisis,reactive,transition,0.0574345671440466,-0.166437843998264,-0.20828606886717727,2.136691881180573,0.02467967635010964,-0.11081716673944231,
TDY,2022-11-09,2023-12-14,405.3599853515625,428.1700134277344,1,0.05627104031096963,0.05327104031096963,0.05327104031096963,1.0,0.1567474322901511,crisis,balanced,growth,0.013425323753829321,-0.08492488306865542,-0.1704152808856274,0.6813382238523953,0.021127608155470618,-0.12294455969073825,
GS,2022-11-09,2023-12-14,331.7954406738281,364.99163818359375,1,0.10005019189639563,0.09705019189639563,0.09705019189639563,1.0,0.15558468402379044,crisis,reactive,growth,0.03107652231704927,-0.07026020772560848,-0.09411547288076294,1.09987565398963,0.014785637244156758,-0.12294455969073825,
CNH,2022-11-09,2023-12-14,13.124800682067871,11.075143814086914,1,-0.15616670436613633,-0.15916670436613634,-0.15916670436613634,1.0,0.16066025431626718,crisis,reactive,growth,0.12401877509416948,-0.0415273021248691,-0.14552872771280412,1.159953754273191,0.02109280818039338,-0.12294455969073825,
IVZ,2022-11-10,2023-12-15,16.12495231628418,15.846704483032227,1,-0.01725573060894936,-0.02025573060894936,-0.02025573060894936,1.0,0.16927615835279025,crisis,reactive,shake_out,0.015308801332781119,-0.24430753658093574,-0.2544180225458206,2.117352963994173,0.04418714266573496,-0.07642156136371403,
MTD,2022-11-10,2023-12-15,1449.1500244140625,1190.6099853515625,1,-0.178408056244581,-0.181408056244581,-0.181408056244581,1.0,0.16165441018365348,crisis,reactive,growth,0.06655532829486632,-0.04738894999020227,-0.1488255716625777,1.4185461446793486,0.029528671346504987,-0.07642156136371403,
IQV,2022-11-10,2023-12-15,222.5800018310547,226.72000122070312,1,0.018600051018019315,0.015600051018019315,0.015600051018019315,1.0,0.15029961511013665,crisis,reactive,growth,-0.06800102585675272,-0.11877424888161314,-0.21241281848492166,0.6510677445880044,0.03511349157117683,-0.07642156136371403,
TROW,2022-11-11,2023-12-18,112.97307586669922,95.65142059326172,3,-0.15332551708051134,-0.15632551708051134,-0.15632551708051134,1.0,0.16009719278590795,crisis,reactive,growth,0.06574622460823543,-0.36287905249236296,-0.36287905249236296,2.465523982157772,0.04534594087679272,-0.05570560814196235,
COO,2022-11-11,2023-12-18,81.06660461425781,91.41999816894531,3,0.1277146564106444,0.12471465641064439,0.12471465641064439,1.0,0.15805354772670907,crisis,reactive,mature,0.005051286118568532,-0.2234619458378556,-0.2429134569379482,3.0331880457581484,0.032312036668004585,-0.05570560814196235,
IDXX,2022-11-11,2023-12-18,441.2699890136719,539.97998046875,3,0.2236952294800627,0.2206952294800627,0.2206952294800627,1.0,0.18899461110451182,crisis,balanced,growth,0.1806871101402565,-0.29754211506474726,-0.3327436277043787,1.547983223827131,0.037973105708469415,-0.05570560814196235,
NVDA,2022-11-11,2023-12-18,16.305618286132812,50.046409606933594,3,2.0692739599758565,2.0662739599758564,2.0662739599758564,1.0,0.16879415251454505,crisis,reactive,growth,-0.08499906614427832,-0.46232019874838837,-0.5104240005653509,1.169916678148914,0.041803602769747435,-0.05570560814196235,
LSCC,2022-11-11,2023-12-18,64.66999816894531,68.7699966430664,3,0.06339877207681632,0.06039877207681632,0.06039877207681632,1.0,0.17962563360957795,crisis,reactive,growth,0.05929564254092967,-0.21574097881450527,-0.23908695382479184,1.930168248412779,0.04295422341045396,-0.05570560814196235,
MCO,2022-11-11,2023-12-18,301.30224609375,384.13153076171875,3,0.27490430536716426,0.27190430536716426,0.27190430536716426,1.0,0.16054390621058656,crisis,balanced,growth,-0.0016724619732301216,-0.19330970773970102,-0.22066540622667463,1.9636708887173173,0.03476004880657594,-0.05570560814196235,
PAG,2022-11-14,2023-12-19,116.703857421875,151.9900360107422,4,0.30235657473866095,0.29935657473866095,0.29935657473866095,1.0,0.1540551790063579,crisis,reactive,growth,0.08449339595580008,0.16052610954776259,0.0,1.2280477114462163,0.0297066502446818,-0.043678265084716617,
ENS,2022-11-14,2023-12-19,75.30795288085938,94.77207946777344,4,0.25846043933377394,0.25546043933377394,0.25546043933377394,1.0,0.15729114520945606,crisis,reactive,transition,0.15137388398572216,-0.04926771829873511,-0.04926771829873511,0.9013267657106538,0.03750088487839009,-0.043678265084716617,
AMD,2022-11-15,2023-12-20,76.37000274658203,135.47000122070312,5,0.7738640349435648,0.7708640349435648,0.7708640349435648,1.0,0.1553433010345942,crisis,reactive,growth,-0.17428906356913298,-0.49904884043710296,-0.5283181951749016,1.2287894101486452,0.04402133003868464,-0.033182116691594765,
EFX,2022-11-16,2023-12-21,197.95130920410156,238.23800659179688,1,0.20351821642238765,0.20051821642238765,0.20051821642238765,1.0,0.16706528239852575,crisis,reactive,growth,-0.011134603733878756,-0.29584534250426897,-0.3120431584844322,1.1784112791370975,0.03656840010399387,-0.04394834284695448,
MSCI,2022-11-16,2023-12-21,487.93060302734375,537.6943359375,1,0.10198936611354026,0.09898936611354026,0.09898936611354026,1.0,0.1599956736240768,crisis,reactive,growth,0.08694050149133425,-0.23146787741063501,-0.23146787741063501,0.6508016537259251,0.033549104349608685,-0.04394834284695448,
FN,2022-11-16,2023-12-21,126.93000030517578,191.4199981689453,1,0.5080752990523694,0.5050752990523694,0.5050752990523694,1.0,0.16691286329391852,crisis,balanced,growth,0.17723985034725342,0.0807152286356485,0.0,0.7528064241694852,0.03261481436537435,-0.04394834284695448,
AN,2022-11-17,2023-12-22,120.62999725341797,150.8800048828125,2,0.2507668765493354,0.24776687654933538,0.24776687654933538,1.0,0.1599008473602983,crisis,reactive,growth,-0.06589749246129084,-0.0019030560629824667,-0.08951624838115069,0.6711724772293264,0.027409703124962728,-0.0601459476141184,
SCI,2022-11-18,2023-12-26,66.40756225585938,65.66542053222656,4,-0.011175560409422025,-0.014175560409422024,-0.014175560409422024,1.0,0.15259939974062542,crisis,reactive,mature,0.10472416995180445,0.0546494259610808,-0.05860571922497004,0.4844949000536836,0.03044978012559883,-0.02275198666680711,
MSA,2022-11-21,2023-12-26,134.34866333007812,163.8102264404297,4,0.21929182159384886,0.21629182159384885,0.21629182159384885,1.0,0.15341386472724125,crisis,reactive,transition,0.16013919814086242,-0.08089978492989369,-0.08470117791520992,0.701517945807916,0.030077532696103013,-0.020014380916447583,
MMS,2022-11-22,2023-12-27,66.98023223876953,81.43395233154297,1,0.21579083275270183,0.21279083275270183,0.21279083275270183,1.0,0.18486998128470666,crisis,reactive,mature,0.15356606569120945,-0.11403443619108089,-0.11926963618444708,2.8685977470728594,0.04203361246829013,0.004370162361701846,
DPZ,2022-11-23,2023-12-28,372.1943359375,397.444091796875,1,0.06784024747656292,0.06484024747656292,0.06484024747656292,1.0,0.16086591804431744,normal,balanced,growth,0.05677868063312452,-0.25852942034765525,-0.29963345226179416,0.7220404134850138,0.02285641398679862,0.018270546084860895,
VFC,2022-11-25,2024-01-02,30.577972412109375,17.751371383666992,6,-0.4194719275553679,-0.4224719275553679,-0.4224719275553679,1.0,0.1664092582188466,normal,reactive,transition,-0.1609156887874067,-0.5178268259443477,-0.5374588300302147,0.2751130450399444,0.044043028360121174,0.014941330797014096,
MTN,2022-11-25,2024-01-02,224.75634765625,186.62619018554688,6,-0.1696510815748825,-0.17265108157488251,-0.17265108157488251,1.0,0.1671344825616894,normal,reactive,shake_out,0.20361144752151583,-0.1877906836326525,-0.20799743627795741,0.4577883472057075,0.025861109902433992,0.014941330797014096,
PVH,2022-11-28,2024-01-02,61.99946594238281,121.36540222167969,6,0.9575233492247608,0.9545233492247608,0.9545233492247608,1.0,0.16030553811036696,crisis,reactive,transition,0.143889090648041,-0.4310569854987476,-0.43962705216470277,1.3939945979813508,0.045293359933397476,0.01011144305980749,
NEM,2022-12-01,2024-01-05,44.1736946105957,38.62404251098633,1,-0.12563250931422454,-0.12863250931422454,-0.12863250931422454,1.0,0.15974251544942666,normal,reactive,growth,0.14578917220941023,-0.052606617118577614,-0.41909100258101084,1.3078580123169619,0.031377248035623855,0.017570388230147005,
FIS,2022-12-02,2024-01-08,67.52582550048828,60.292789459228516,4,-0.10711510725933238,-0.11011510725933238,-0.11011510725933238,1.0,0.16857128800051255,normal,reactive,transition,-0.1860300860261591,-0.269454923880309,-0.38226130841257167,0.9958806387743989,0.026282174967531876,0.0010669927509199262,
WDAY,2022-12-05,2024-01-09,164.61000061035156,275.82000732421875,5,0.6755969035995113,0.6725969035995113,0.6725969035995113,1.0,0.15780148739497,normal,reactive,shake_out,-0.030279819673923014,-0.38827157140522506,-0.4168968907959283,0.9364551020754941,0.056612178315594716,-0.027143293276883695,
CIEN,2022-12-08,2024-01-12,51.869998931884766,49.720001220703125,8,-0.041449735019370215,-0.04444973501937022,-0.04444973501937022,1.0,0.184939033187441,crisis,balanced,growth,0.22914687189858118,-0.2788822645375073,-0.3315721655692694,4.777999835859398,0.0500891074254434,0.015932923360740592,
COLM,2022-12-08,2024-01-12,84.97650909423828,74.38166809082031,8,-0.12467964519074759,-0.1276796451907476,-0.1276796451907476,1.0,0.16463352092078576,crisis,balanced,transition,0.25030516628503574,-0.10164511741321203,-0.10164511741321203,0.6116645076755856,0.024778159952968625,0.015932923360740592,
MASI,2022-12-08,2024-01-12,138.8699951171875,118.31999969482422,8,-0.14798009753670593,-0.15098009753670594,-0.15098009753670594,1.0,0.16228815511889863,crisis,reserved,growth,-0.10550727782809988,-0.4982476401719711,-0.5327860916319948,0.4541535414585841,0.030530017736146726,0.015932923360740592,
CPB,2022-12-12,2024-01-16,49.4920654296875,39.36960983276367,12,-0.20452683695944396,-0.20752683695944396,-0.20752683695944396,1.0,0.15304925721512735,crisis,reserved,mature,0.1935801559155459,0.34603726083779573,-0.0028035765507984367,0.9215573799878105,0.019286564234221718,0.023249416909995047,
STE,2022-12-13,2024-01-17,193.3359375,214.627685546875,13,0.11012824786842845,0.10712824786842845,0.10712824786842845,1.0,0.1641189390935976,crisis,balanced,transition,0.09030182355982808,-0.11435080796627306,-0.2072284105918415,1.4013591013289173,0.022952128260218044,0.04245927016455542,
NKE,2022-12-22,2024-01-26,109.9477767944336,98.04782104492188,1,-0.10823280012074044,-0.11123280012074044,-0.11123280012074044,1.0,0.1721368826629295,crisis,reactive,growth,0.22803108893946078,-0.2879583518824216,-0.30107877064610133,1.7005670672566757,0.03378463773863799,0.04997154854703112,
ALGN,2022-12-29,2024-02-02,212.13999938964844,273.8999938964844,1,0.29112847499069794,0.28812847499069794,0.28812847499069794,1.0,0.17998976597731262,crisis,reactive,growth,-0.07285520015215441,-0.679653274176548,-0.679653274176548,0.7410534883129435,0.023307040271721518,0.017445179708853287,
THC,2022-12-30,2024-02-05,48.790000915527344,90.04000091552734,3,0.8454601194088571,0.8424601194088571,0.8424601194088571,1.0,0.1543622483921402,crisis,reactive,growth,-0.1167632253250589,-0.40274208033568215,-0.4650219018843099,0.9973588447300753,0.022900624751368105,0.02536506146938433,
FBIN,2023-01-03,2024-02-07,55.12227249145508,75.69983673095703,2,0.3733076179450301,0.3703076179450301,0.3703076179450301,1.0,0.15197696324395063,crisis,balanced,transition,0.20032407980035205,-0.3413930715697864,-0.35759579264913943,0.36198124996815084,0.02679611254860742,0.05068604895061046,
THO,2023-01-09,2024-02-13,83.95034790039062,110.56086730957031,4,0.31697926303716795,0.31397926303716794,0.31397926303716794,1.0,0.16770586524830863,crisis,reactive,transition,0.15258596886840325,-0.13569598351249956,-0.13569598351249956,2.217640390453221,0.03026735855230056,0.06054104354118772,
VLO,2023-01-10,2024-02-14,119.65161895751953,133.06515502929688,5,0.11210492752747125,0.10910492752747125,0.10910492752747125,1.0,0.15026948693558623,normal,balanced,shake_out,0.16487771551420627,0.6875537482837135,-0.07568965334332911,0.9290810202699223,0.023240490381455554,0.09382454856501199,
FCX,2023-01-10,2024-02-14,42.65170669555664,36.14446258544922,5,-0.15256702754136997,-0.15556702754136997,-0.15556702754136997,1.0,0.15455727124207547,normal,reactive,growth,0.6175830023194122,0.09305648550842593,-0.1268652887593157,1.4054603041187583,0.0237406659043,0.09382454856501199,
ZBRA,2023-01-11,2024-02-15,299.7900085449219,283.75,6,-0.053504146528346896,-0.0565041465283469,-0.0565041465283469,1.0,0.15945177886262416,crisis,balanced,transition,0.14581100657613888,-0.443359257908975,-0.443359257908975,1.527691152323613,0.0240417787148502,0.0792996533726813,
XRAY,2023-01-11,2024-02-15,32.12832260131836,31.462549209594727,6,-0.020722320302408614,-0.023722320302408614,-0.023722320302408614,1.0,0.15157544510307192,crisis,reactive,declining,0.20644243137861595,-0.3677298383276607,-0.3931541699144432,1.2792916963545256,0.023730981083427354,0.0792996533726813,
CRL,2023-01-11,2024-02-15,246.94000244140625,245.39999389648438,6,-0.00623636725397414,-0.009236367253974139,-0.009236367253974139,1.0,0.212276217837288,crisis,reactive,shake_out,0.20112849282586787,-0.31012712943118714,-0.3137886608866499,1.3997665007593114,0.022430917269384086,0.0792996533726813,
WBD,2023-01-12,2024-02-16,13.149999618530273,9.829999923706055,1,-0.2524714670064213,-0.2554714670064213,-0.2554714670064213,1.0,0.21426492995629703,normal,reactive,declining,0.020962694230618473,-0.5432442097826378,-0.5782553082160357,0.7487387034050129,0.04594344793222497,0.07075036499876153,
AAL,2023-01-12,2024-02-16,16.829999923706055,14.640000343322754,1,-0.1301247528408218,-0.13312475284082181,-0.13312475284082181,1.0,0.24083116117122857,normal,reactive,declining,0.2284671648188008,-0.09027027439426727,-0.1676557618579878,3.3268836781869306,0.03386946676258164,0.07075036499876153,
UAL,2023-01-12,2024-02-16,51.29999923706055,41.9900016784668,1,-0.18148143658972904,-0.18448143658972904,-0.18448143658972904,1.0,0.23548041929862645,normal,reactive,transition,0.3771811875720952,0.10227757258047454,-0.011560737402275034,2.348387353451653,0.03146472459091025,0.07075036499876153,
DAL,2023-01-12,2024-02-16,38.420040130615234,39.115478515625,1,0.01810092812619435,0.01510092812619435,0.01510092812619435,1.0,0.1817518768488456,normal,balanced,transition,0.23096030000888557,-0.024870982727147606,-0.11468837797550246,1.8972992101249342,0.023052642154483702,0.07075036499876153,
EXPE,2023-01-19,2024-02-23,105.98273468017578,134.91590881347656,2,0.27299893912543816,0.26999893912543815,0.26999893912543815,1.0,0.19779646127663444,normal,balanced,declining,0.11694140663820751,-0.3932335655445841,-0.49920486328342295,1.11802209967404,0.023143059188269137,0.026731872156863457,
VICR,2023-01-23,2024-02-27,70.01000213623047,37.95000076293945,4,-0.45793458641675755,-0.46093458641675755,-0.46093458641675755,1.0,0.18414324104200364,normal,reactive,transition,0.4618918986948939,-0.23049022254300677,-0.3489258538919491,1.636709120788825,0.02817771424943663,0.04939433929771675,
DIS,2023-01-23,2024-02-27,103.2583236694336,107.25090789794922,4,0.03866597952236073,0.035665979522360725,0.035665979522360725,1.0,0.15033549129870474,normal,reactive,declining,0.010130958347311925,-0.23067410655362075,-0.3240167175350317,0.8798116074490936,0.01919021589772252,0.04939433929771675,
STX,2023-01-23,2024-02-27,57.72080612182617,86.29251861572266,4,0.4949985007761797,0.4919985007761797,0.4919985007761797,1.0,0.18393131436365612,normal,reactive,transition,0.20078893625895944,-0.309340630298509,-0.41138674870052117,1.7882846468133453,0.02269983210060596,0.04939433929771675,
MU,2023-01-24,2024-02-28,60.35649490356445,88.99921417236328,5,0.47455902325943855,0.47155902325943855,0.47155902325943855,1.0,0.15352383182947377,normal,balanced,transition,0.17600854106302322,-0.25577259682566444,-0.35734259189983475,0.7023998592882676,0.025854254137872654,0.05506524299504045,
SWKS,2023-01-26,2024-03-01,100.66979217529297,98.7602767944336,2,-0.01896810691269135,-0.02196810691269135,-0.02196810691269135,1.0,0.1507512301072262,normal,reactive,declining,0.31102359466520846,-0.19365967355141422,-0.22863528740794037,0.9246158623062528,0.022531078187034235,0.04867017704700549,
TSLA,2023-01-26,2024-03-01,160.27000427246094,202.63999938964844,2,0.2643663442172124,0.2613663442172124,0.2613663442172124,1.0,0.3267749275456976,normal,reactive,growth,-0.2956402874156697,-0.4870867486595637,-0.5802435768619725,1.247693270827991,0.05253902656419081,0.04867017704700549,
BX,2023-01-27,2024-03-04,86.54448699951172,119.2677001953125,3,0.3781085812662499,0.3751085812662499,0.3751085812662499,1.0,0.15759912735182555,normal,balanced,shake_out,0.03141838543832298,-0.15741952371405854,-0.2730773898926402,1.02522587948822,0.025194105496458383,0.05561576606059826,
BLD,2023-01-27,2024-03-04,197.39999389648438,404.3599853515625,3,1.0484295737294045,1.0454295737294046,1.0454295737294046,1.0,0.16166548197807618,normal,balanced,shake_out,0.2558849923327444,-0.10191086826326723,-0.18544195395112228,0.7169364390051323,0.022546892743282504,0.05561576606059826,
TRU,2023-01-27,2024-03-04,70.3134765625,78.045166015625,3,0.10996027832946775,0.10696027832946775,0.10696027832946775,1.0,0.16119916731408201,normal,balanced,declining,0.2672314128223998,-0.24999202476554439,-0.315014435706755,0.772822698644952,0.025619836653055065,0.05561576606059826,
POOL,2023-01-31,2024-03-06,367.8013916015625,392.5359191894531,1,0.0672496846196966,0.0642496846196966,0.0642496846196966,1.0,0.16058850189913568,normal,balanced,shake_out,0.3267038408763294,-0.18195923899320865,-0.20215276337013466,0.8364768440667182,0.02074869561031878,0.09589267838003179,
ST,2023-01-31,2024-03-06,48.60980224609375,33.39992141723633,1,-0.31289740188317017,-0.31589740188317017,-0.31589740188317017,1.0,0.1588799013217393,normal,balanced,transition,0.31746161064294287,-0.10674171677652033,-0.13421260288164405,2.405227652420327,0.028509295892068638,0.09589267838003179,
CRUS,2023-02-01,2024-03-07,93.23999786376953,94.26000213623047,1,0.01093955701233762,0.00793955701233762,0.00793955701233762,1.0,0.16637805868957625,normal,balanced,transition,0.36775708329481516,0.12418609982125095,0.0,1.321519485201735,0.015569849290209773,0.09246924390189104,
PNR,2023-02-01,2024-03-07,55.46660614013672,79.64423370361328,1,0.4358952033659971,0.43289520336599707,0.43289520336599707,1.0,0.15383748456616067,normal,balanced,transition,0.4094842389961457,-0.07524577771383889,-0.07524577771383889,1.664280233211243,0.026873006710693606,0.09246924390189104,
MPWR,2023-02-01,2024-03-07,446.51751708984375,754.57861328125,1,0.689919397113868,0.686919397113868,0.686919397113868,1.0,0.15752773829131694,normal,reactive,growth,0.30431894321493647,0.1350966014175241,-0.14377521085978362,2.107834074477712,0.035666161176977455,0.09246924390189104,
AMZN,2023-02-02,2024-03-08,112.91000366210938,175.35000610351562,1,0.5530068232772543,0.5500068232772543,0.5500068232772543,1.0,0.16128262071128463,normal,reactive,transition,0.24721092659431854,-0.2503278189108378,-0.33313644961152566,1.9563711744310623,0.025847630384688486,0.0979719743651064,
PANW,2023-02-08,2024-03-14,83.06999969482422,143.7899932861328,3,0.7309497269095551,0.7279497269095551,0.7279497269095551,1.0,0.16491556373096777,calm,reactive,shake_out,0.00496002921062999,-0.028894275719741458,-0.20761195764508855,1.279309235344962,0.01929637779496255,0.031287784604147495,
ANET,2023-02-14,2024-03-20,35.3650016784668,74.1449966430664,2,1.0965642054023186,1.0935642054023187,1.0935642054023187,1.0,0.15916192020904923,calm,balanced,growth,0.07117983741520773,0.15176687074872608,-0.009036730550842864,2.8661810550181146,0.022547168821121264,0.04803419215829652,
CINF,2023-02-16,2024-03-22,115.86060333251953,111.98128509521484,1,-0.033482634525655475,-0.03648263452565548,-0.03648263452565548,1.0,0.17917755512068131,calm,balanced,transition,0.18610548800099713,0.006914493881962969,-0.09137121380514845,0.6953029759770527,0.02803261110131482,0.03556255861781921,
PEGA,2023-02-16,2024-03-22,25.0395565032959,32.48659896850586,1,0.2974111168554332,0.2944111168554332,0.2944111168554332,1.0,0.23134765829831194,calm,reactive,declining,0.4351418996587586,-0.4814453096455018,-0.4814453096455018,3.4647018103741596,0.05132785473533002,0.03556255861781921,
WST,2023-02-16,2024-03-22,317.1719055175781,391.563232421875,1,0.23454576401683846,0.23154576401683846,0.23154576401683846,1.0,0.17347618520928626,calm,balanced,shake_out,0.4206443707739336,-0.15474540959443983,-0.23743126080962929,2.4040697005271277,0.03828583896950987,0.03556255861781921,
PSTG,2023-02-16,2024-03-22,31.59000015258789,52.22999954223633,1,0.6533712975609969,0.6503712975609969,0.6503712975609969,1.0,0.15531002097729918,calm,reactive,shake_out,0.037438402662896664,0.15123905020990924,-0.12249999576144743,0.7068132903529186,0.015887546819393913,0.03556255861781921,
STRL,2023-02-17,2024-03-25,38.29999923706055,111.54000091552734,3,1.9122716223867955,1.9092716223867956,1.9092716223867956,1.0,0.1539117613843888,calm,reactive,growth,0.21011057499782293,0.2830820350955978,0.0,0.8468843946433452,0.020553555876086895,0.01886062181650905,
HXL,2023-02-17,2024-03-25,70.22905731201172,71.4064712524414,3,0.01676533881408515,0.013765338814085152,0.013765338814085152,1.0,0.16089214124382445,calm,balanced,transition,0.19264761423523047,0.311621456526779,-0.007283287812110517,0.747010647521504,0.02342348354490013,0.01886062181650905,
GM,2023-02-17,2024-03-25,41.740901947021484,42.685630798339844,3,0.022633168121700686,0.019633168121700687,0.019633168121700687,1.0,0.17053039077916152,calm,balanced,transition,0.08246214048023082,-0.11174142120372499,-0.11174142120372499,0.7165839757240761,0.026637555871739244,0.01886062181650905,
HQY,2023-02-21,2024-03-27,65.6500015258789,79.72000122070312,1,0.21431834528256477,0.21131834528256477,0.21131834528256477,1.0,0.1517927149218103,normal,reactive,transition,0.06367466343888406,0.2579038753275915,-0.16369424807797572,0.9416677639623032,0.020449216805173493,-0.007429349434217691,
NVT,2023-02-21,2024-03-27,43.82794952392578,73.76544952392578,1,0.6830686884782746,0.6800686884782746,0.6800686884782746,1.0,0.165559685521637,normal,balanced,shake_out,0.1396308500487029,0.3677916798911218,-0.017934279780713824,0.7391154741422933,0.01936335581621887,-0.007429349434217691,
ATI,2023-02-23,2024-04-01,40.439998626708984,51.0099983215332,5,0.2613748776896141,0.2583748776896141,0.2583748776896141,1.0,0.15169087357468514,normal,reactive,shake_out,0.4453180589107608,0.7077701902676894,-0.019398715305473102,0.6591301015520215,0.018869711946017498,0.012205060537814783,
VC,2023-02-23,2024-04-01,165.05670166015625,116.24534606933594,5,-0.29572477275912445,-0.29872477275912446,-0.29872477275912446,1.0,0.15081490245391782,normal,reactive,shake_out,0.16339512886805552,0.30609359884511944,0.0,1.2140744200529348,0.019765629650229356,0.012205060537814783,
LNTH,2023-02-23,2024-04-01,69.98999786376953,60.11000061035156,5,-0.1411629883551171,-0.1441629883551171,-0.1441629883551171,1.0,0.2646546165313968,normal,reactive,growth,0.14944980399635432,1.425155799846566,-0.19180139610874447,4.241212035283514,0.04843827871710632,0.012205060537814783,
MOS,2023-03-02,2024-04-05,52.03541564941406,30.9595890045166,3,-0.40502850571800486,-0.40802850571800486,-0.40802850571800486,1.0,0.17351310372328344,calm,reactive,growth,0.18728221154134883,0.0727938287960419,-0.2620166536751438,1.5493373333797062,0.019264617674316434,-0.004373765854588374,
DY,2023-03-06,2024-04-09,103.25,141.80999755859375,1,0.3734624460880751,0.3704624460880751,0.3704624460880751,1.0,0.1603558505460143,calm,reactive,growth,0.1451862888886708,0.13598856522557368,-0.1474692471335437,1.2120784424423483,0.041228156503674895,0.02910582886126134,
ECL,2023-03-10,2024-04-15,152.65171813964844,214.67465209960938,5,0.4063035432278679,0.4033035432278679,0.4033035432278679,1.0,0.15216117247548505,normal,balanced,declining,0.03885370551113021,-0.013770777076051455,-0.1301163530699575,1.175532958736999,0.021755623260179813,-0.03932178629809635,
INTC,2023-03-23,2024-04-26,28.334074020385742,31.55088996887207,1,0.1135317126005917,0.11053171260059169,0.11053171260059169,1.0,0.15029188209836458,normal,reactive,declining,0.1327573981408101,-0.3718870700163057,-0.419731718766882,0.8916720895771474,0.024209499368540784,0.031199313365051884,
GOOGL,2023-03-23,2024-04-26,104.734375,170.54046630859375,1,0.6283141643667014,0.6253141643667014,0.6253141643667014,1.0,0.17252603136950567,normal,reactive,transition,0.20837625989306097,-0.23630715133138602,-0.2613912403069244,1.0710023600074554,0.018270592462680615,0.031199313365051884,
GOOG,2023-03-23,2024-04-26,105.39472198486328,172.27561950683594,1,0.6345753967791485,0.6315753967791485,0.6315753967791485,1.0,0.17735979036078264,normal,reactive,transition,0.20846130421961218,-0.23279905143257007,-0.26024683898071554,0.9580017663899668,0.018833695411487564,0.031199313365051884,
ADBE,2023-03-24,2024-04-29,374.9599914550781,473.07000732421875,3,0.2616546247731997,0.25865462477319967,0.25865462477319967,1.0,0.15565359781215385,normal,balanced,transition,0.14202176709360415,-0.1323182793888632,-0.20018772336821988,0.7802200380022989,0.023147679758651306,0.04963232933462036,
EXEL,2023-04-03,2024-05-07,19.479999542236328,22.149999618530273,4,0.13706366216820887,0.13406366216820886,0.13406366216820886,1.0,0.1572775239420126,calm,reactive,transition,0.1279675174229169,-0.1489733481143829,-0.15889466016499065,0.6147579499654963,0.017152323298407754,0.058902431502882546,
MKC,2023-04-04,2024-05-08,78.71072387695312,71.75251007080078,1,-0.08840236073841701,-0.09140236073841701,-0.09140236073841701,1.0,0.15614444852279286,calm,balanced,transition,0.006263708171028171,-0.14476709745095673,-0.1717829353811039,0.9605602749497438,0.02468567311543564,0.05357276040818215,
APA,2023-04-13,2024-05-17,35.8834342956543,28.34911346435547,2,-0.20996654805170867,-0.21296654805170867,-0.21296654805170867,1.0,0.1650715590317543,calm,reactive,shake_out,-0.07636660597564526,-0.02317636348210783,-0.2005012725172315,0.783974336471967,0.030116376012638155,0.055323962034501406,
CXT,2023-04-18,2024-05-22,47.245628356933594,59.5616340637207,7,0.2606803239813331,0.2576803239813331,0.2576803239813331,1.0,0.1842765031871888,calm,balanced,transition,0.2825704268197018,0.36253765633091173,0.0,0.8297286378578042,0.02524336738163261,0.033598617005550224,
XPO,2023-04-20,2024-05-24,40.790000915527344,108.37000274658203,1,1.6567786299148946,1.6537786299148947,1.6537786299148947,1.0,0.19712212976159185,calm,balanced,transition,0.07342107672440368,0.20037714786585226,-0.07547593148174103,4.230213245847858,0.04492254517370332,0.028277850612722366,
EHC,2023-04-21,2024-05-28,62.27542495727539,82.3363037109375,5,0.32213154334033134,0.31913154334033134,0.31913154334033134,1.0,0.18919024322212524,calm,reserved,transition,0.03317075288535576,0.11642317663890833,0.0,1.5245543222334343,0.027000374458825607,0.018000578539990375,
CMG,2023-04-26,2024-05-30,40.196998596191406,62.116798400878906,7,0.545309365629213,0.542309365629213,0.542309365629213,1.0,0.1809387493778148,calm,balanced,shake_out,0.22076912819648986,0.3974662358739385,0.0,4.920165404002294,0.030837977976740122,-0.005055709887689108,
CRS,2023-04-27,2024-05-31,52.68540954589844,110.08721160888672,1,1.0895198985400505,1.0865198985400506,1.0865198985400506,1.0,0.19588762220541767,calm,reactive,transition,0.08249695088425346,0.479580563013839,0.0,2.4737325074558383,0.03410156025630202,0.003918260266363438,
UHS,2023-04-28,2024-06-03,148.3048858642578,185.3125762939453,4,0.24953790439217438,0.24653790439217438,0.24653790439217438,1.0,0.16367622456515943,calm,balanced,transition,0.0008389315305419309,0.21884776086011626,-0.013845597826572242,1.177895972080406,0.011126093904296927,-0.0024594200941385758,
LLY,2023-05-01,2024-06-04,396.9044494628906,822.5352783203125,5,1.0723760578481927,1.0693760578481928,1.0693760578481928,1.0,0.16459484292358706,calm,reserved,growth,0.2006689562198425,0.4068106833009226,0.0,1.3592981395248387,0.014923530965257678,0.0075886108157092735,
BAX,2023-05-02,2024-06-05,43.87744140625,32.17158508300781,1,-0.26678529896172976,-0.26978529896172976,-0.26978529896172976,1.0,0.16497054140948633,calm,reactive,declining,0.04837886571322603,-0.3199644699389764,-0.3695207205334651,0.6502933830645751,0.016189850659047666,0.0020675831748517837,
CHDN,2023-05-02,2024-06-05,147.3944854736328,132.02182006835938,1,-0.10429606885139153,-0.10729606885139154,-0.10729606885139154,1.0,0.15878138040950207,calm,balanced,shake_out,0.1983099734935505,0.4002390495941295,-0.0012745074117253008,1.4390279607670913,0.03332288643161031,0.0020675831748517837,
TAP,2023-05-02,2024-06-05,59.028167724609375,48.923057556152344,1,-0.1711913237016185,-0.1741913237016185,-0.1741913237016185,1.0,0.22468121734522353,calm,reserved,transition,0.22409274318748018,0.23337306716052986,0.0,3.7683806383740226,0.018396456485195674,0.0020675831748517837,
WWD,2023-05-02,2024-06-05,111.84471893310547,183.68260192871094,1,0.6423001790417286,0.6393001790417286,0.6393001790417286,1.0,0.15558089933860028,calm,balanced,transition,0.10821016221538149,0.045760186340162434,0.0,4.66624719592931,0.03879918452304837,0.0020675831748517837,
TREX,2023-05-03,2024-06-06,55.2400016784668,81.70999908447266,2,0.4791816908348172,0.4761816908348172,0.4761816908348172,1.0,0.15055971702890156,calm,reactive,transition,-0.007189031552291114,-0.05798086198107688,-0.1641699994043323,1.4542188301979424,0.017436551063491106,-0.01759125840537945,
TECH,2023-05-03,2024-06-06,84.73090362548828,78.11310577392578,2,-0.07810370913560949,-0.08110370913560949,-0.08110370913560949,1.0,0.16359027965269235,calm,balanced,shake_out,0.09728145958400347,-0.09958326175006715,-0.12781247194861167,1.7084980032692587,0.029503521404511384,-0.01759125840537945,
SSD,2023-05-03,2024-06-06,122.93966674804688,159.1890106201172,2,0.2948547432323847,0.2918547432323847,0.2918547432323847,1.0,0.18691561161760617,calm,balanced,transition,0.09989035189506112,0.20220076414675692,-0.0034159429596340996,0.9062198209485032,0.02566355240916742,-0.01759125840537945,
LII,2023-05-03,2024-06-06,275.0266418457031,482.58233642578125,2,0.7546748678134321,0.7516748678134321,0.7516748678134321,1.0,0.18048189095359352,calm,balanced,transition,0.08031071747778018,0.33737634618593737,0.0,1.1639431543596674,0.0219459729513331,-0.01759125840537945,
VMC,2023-05-04,2024-06-07,185.98313903808594,244.42005920410156,3,0.31420547297058365,0.31120547297058365,0.31120547297058365,1.0,0.15620883384564316,calm,balanced,transition,0.029875242257784596,0.03552446414122423,-0.024398226648805532,2.9841726064836496,0.01838565431533861,-0.013754691625905036,
SWK,2023-05-04,2024-06-07,76.40921020507812,76.58818054199219,3,0.0023422613116104163,-0.0006577386883895838,-0.0006577386883895838,1.0,0.16023535238997821,calm,balanced,declining,-0.009030146333451117,-0.3179380362071226,-0.3179380362071226,1.7236766180220433,0.02283173013723811,-0.013754691625905036,
MLM,2023-05-04,2024-06-07,382.6105651855469,545.5056762695312,3,0.42574650547087867,0.42274650547087866,0.42274650547087866,1.0,0.15293603202430492,calm,balanced,transition,0.09485721880704112,0.03859526432589333,0.0,2.4467072706509327,0.01746180194295229,-0.013754691625905036,
TMHC,2023-05-08,2024-06-11,43.290000915527344,55.25,7,0.2762762492846893,0.2732762492846893,0.2732762492846893,1.0,0.1637429890189138,calm,balanced,shake_out,0.20753145768686543,0.561688383400204,0.0,1.055182925408197,0.021955732825369223,0.011651539608048544,
DVA,2023-05-09,2024-06-12,100.72000122070312,142.69000244140625,8,0.4166997687851113,0.4136997687851113,0.4136997687851113,1.0,0.18142601578446832,calm,reactive,transition,0.20277052531762796,-0.03497174887253163,-0.04285851936099272,4.285769393974463,0.03239770105295596,-0.004379706768541158,
GT,2023-05-11,2024-06-14,14.229999542236328,11.5,10,-0.1918481820138761,-0.1948481820138761,-0.1948481820138761,1.0,0.2991058773035611,calm,reactive,declining,0.20389170132275125,0.2637654753981675,-0.08311861323960457,5.958656582196929,0.05553277469162786,-0.0040939290358164016,
ENTG,2023-05-11,2024-06-14,92.44132995605469,132.96116638183594,10,0.4383303057738763,0.4353303057738763,0.4353303057738763,1.0,0.2848614272886672,calm,balanced,transition,0.07484912466089577,-0.07517110884331413,-0.18669848505982256,3.771538906270315,0.04917339770107343,-0.0040939290358164016,
LYV,2023-05-15,2024-06-18,80.38999938964844,91.94000244140625,14,0.14367462544408305,0.14067462544408305,0.14067462544408305,1.0,0.16996924331215413,calm,reactive,transition,0.05236287514019855,-0.11901370531892119,-0.1883077681086227,1.3620670483484714,0.036304763684513505,0.014020209417634932,
LRCX,2023-05-17,2024-06-20,55.77399826049805,104.40288543701172,16,0.8718917182409549,0.8688917182409549,0.8688917182409549,1.0,0.1579164980958767,calm,balanced,shake_out,0.20734591677343905,0.13716568851525435,0.0,1.2208195424855746,0.021401128693018873,0.04202402090957791,
ANF,2023-05-24,2024-06-27,30.15999984741211,172.52999877929688,3,4.720490704647695,4.717490704647695,4.717490704647695,1.0,0.29619754740033644,calm,reactive,transition,0.03181663769210674,0.579884735795748,-0.03488000488281251,6.914090705257317,0.07699075772315835,0.04146650830499765,
GNRC,2023-05-24,2024-06-27,116.11000061035156,135.92999267578125,3,0.17070012885404018,0.16770012885404018,0.16770012885404018,1.0,0.19989160554676697,calm,reactive,transition,-0.018014185486302625,-0.4615313361725639,-0.6034223611774878,0.48128661453581084,0.03854105923294085,0.04146650830499765,
WMS,2023-05-24,2024-06-27,94.41437530517578,160.0470733642578,3,0.6951557731218083,0.6921557731218083,0.6921557731218083,1.0,0.15378832168262882,calm,reactive,growth,0.08374827849354816,-0.09931574646329988,-0.37121129976963363,1.3816118209722321,0.03341279236741567,0.04146650830499765,
AVGO,2023-05-25,2024-06-28,70.03610229492188,157.83868408203125,1,1.2536760172257,1.2506760172257,1.2506760172257,1.0,0.16231381345717674,calm,balanced,shake_out,0.2261678737640842,0.41557929973808827,0.0,2.293142172207934,0.023083435558450178,0.04268142296755939,
NOW,2023-05-25,2024-06-28,106.35600280761719,157.33399963378906,1,0.47931471172702667,0.47631471172702666,0.47631471172702666,1.0,0.15541223035934604,calm,balanced,shake_out,0.2195670418345541,0.17575010051439244,0.0,1.8458566985464455,0.02269886746998934,0.04268142296755939,
KLAC,2023-05-26,2024-07-01,450.1959228515625,815.948486328125,3,0.8124297553826527,0.8094297553826527,0.8094297553826527,1.0,0.16889696293557768,calm,balanced,growth,0.21287018615049158,0.323211923960266,0.0,2.197619144354609,0.0262312795914603,0.03950186051594784,
WDC,2023-05-30,2024-07-03,30.066740036010742,58.54547882080078,2,0.9471841227443094,0.9441841227443094,0.9441841227443094,1.0,0.15434041454334593,calm,reactive,declining,0.05743784807836483,-0.3582329235845313,-0.3582329235845313,1.34660110714874,0.03195757190018265,0.038805287170776026,
CGNX,2023-05-31,2024-07-05,53.7994499206543,46.60800552368164,2,-0.13367133692963218,-0.13667133692963218,-0.13667133692963218,1.0,0.15420969602805223,calm,reactive,transition,0.13472334607180003,0.14141381931735153,-0.033759556414119096,2.5649952653394497,0.020994729846878946,0.04853035600065958,
COF,2023-06-02,2024-07-08,105.74020385742188,132.5639190673828,5,0.2536756525089505,0.2506756525089505,0.2506756525089505,1.0,0.17958036717183512,calm,reactive,transition,0.10217547881075006,-0.1049761733045953,-0.11795860160253835,1.3182158085136968,0.02129435318052678,0.0929097272496564,
SMCI,2023-06-02,2024-07-08,22.194000244140625,89.93399810791016,5,3.0521761340276354,3.0491761340276353,3.0491761340276353,1.0,0.4457880980418233,calm,reactive,growth,1.2518263356738153,2.9996397726718076,-0.051943597231843164,1.047711296308728,0.06162850461391561,0.0929097272496564,
BBWI,2023-06-06,2024-07-10,37.5385856628418,34.660667419433594,1,-0.07666560134301914,-0.07966560134301914,-0.07966560134301914,1.0,0.19451511836024205,calm,reactive,growth,0.1095763151230269,0.10869560563778258,-0.14966238870147108,0.8495767982899299,0.03558796672905709,0.11102612372304965,
ARMK,2023-06-06,2024-07-10,28.68747901916504,31.742055892944336,1,0.10647770310310811,0.10347770310310811,0.10347770310310811,1.0,0.15174712951912012,calm,balanced,transition,0.209636638544624,0.19026128055502323,-0.09082759014228803,0.603887035510629,0.014721888820055684,0.11102612372304965,
SYF,2023-06-06,2024-07-10,31.824750900268555,46.5849723815918,1,0.46379692106871095,0.46079692106871095,0.46079692106871095,1.0,0.15989017807183162,calm,reactive,transition,0.16428819842282416,-0.02967167796144543,-0.14829805957761333,0.6310381252200654,0.020400390073581683,0.11102612372304965,
MOG-A,2023-06-07,2024-07-11,107.1004638671875,174.3319549560547,2,0.6277422959833228,0.6247422959833228,0.6247422959833228,1.0,0.1640472911207261,calm,balanced,transition,0.1254142877929758,0.29266779580450986,0.0,2.0937223695844387,0.02808736020190639,0.08885027058422224,
COHR,2023-06-08,2024-07-12,39.040000915527344,78.4000015258789,1,1.0081967133022518,1.005196713302252,1.005196713302252,1.0,0.1950963942033235,calm,reactive,transition,0.09724561288394096,-0.38247389810643306,-0.38247389810643306,0.6832954461267318,0.04596738694372135,0.10329071982320182,
LAD,2023-06-13,2024-07-17,268.167236328125,266.00140380859375,1,-0.008076424805605886,-0.011076424805605885,-0.011076424805605885,1.0,0.1645903064897329,calm,reactive,shake_out,0.29868691880154863,-0.0028906886238722063,-0.06746177118190433,1.1548766987020072,0.0255289456808424,0.10563894605035795,
LITE,2023-06-14,2024-07-18,56.43000030517578,55.5,1,-0.016480600746877516,-0.019480600746877515,-0.019480600746877515,1.0,0.17767703696732176,calm,reactive,declining,0.08560986537376958,-0.28830874443683974,-0.41334859265078105,5.242975763703772,0.03872030460632813,0.09236365801003621,
HPE,2023-06-16,2024-07-22,16.30712890625,19.65650749206543,3,0.20539351869179856,0.20239351869179856,0.20239351869179856,1.0,0.15510690695080756,calm,reactive,transition,0.24019804276720547,0.3592904866000384,0.0,1.4017155370620176,0.026707141729693445,0.11671373925378936,
JBL,2023-06-21,2024-07-25,104.4853744506836,109.9726791381836,1,0.052517442908624146,0.04951744290862414,0.04951744290862414,1.0,0.18104087731416502,calm,balanced,shake_out,0.26809376024039056,0.939944215884428,-0.007271759099249153,1.1468846777169814,0.01920962340283162,0.09758817890760008,
BAH,2023-06-26,2024-07-30,103.437744140625,133.90524291992188,1,0.2945491419251749,0.2915491419251749,0.2915491419251749,1.0,0.17494526209835334,calm,reserved,mature,0.1912280758788254,0.23719910907156994,-0.009021058150480932,0.41944974381928724,0.012022270325550151,0.0686253781897519,
RH,2023-06-27,2024-07-31,305.57000732421875,290.0799865722656,1,-0.05069221579563521,-0.05369221579563521,-0.05369221579563521,1.0,0.15512904322804372,calm,reactive,transition,0.25464998355709656,0.19353964704646875,-0.11952163068074995,1.4629800938774111,0.018758739504697038,0.06548546929270627,
TEX,2023-06-28,2024-08-01,56.65635681152344,57.34568405151367,1,0.012166811965749869,0.00916681196574987,0.00916681196574987,1.0,0.15359118462627863,calm,balanced,shake_out,0.23423912975732186,1.0715508989907692,-0.02086376077736385,0.5324139708725352,0.029584023309524973,0.06118305253133771,
TKR,2023-06-29,2024-08-02,87.21217346191406,79.04960632324219,1,-0.09359435517607528,-0.09659435517607529,-0.09659435517607529,1.0,0.17173841851381144,calm,balanced,transition,0.18310976074241392,0.741312762486233,0.0,0.8872184252884219,0.023125007092190394,0.07214549985478746,
LUV,2023-06-30,2024-08-05,34.077510833740234,22.832983016967773,3,-0.3299691656363358,-0.33296916563633583,-0.33296916563633583,1.0,0.16858451524128198,calm,balanced,declining,0.15266963113136978,0.01841563057654061,-0.11361006925839934,0.9600162764534197,0.013840285136025482,0.08801138532699504,
IPGP,2023-06-30,2024-08-05,135.82000732421875,67.43000030517578,3,-0.5035341137612206,-0.5065341137612206,-0.5065341137612206,1.0,0.15764671860023866,calm,reactive,transition,0.16523687516330932,0.4428982395331682,0.0,0.5802571812424029,0.035732467143274035,0.08801138532699504,
ODFL,2023-07-11,2024-08-14,186.01544189453125,190.87094116210938,1,0.026102667703959526,0.023102667703959526,0.023102667703959526,1.0,0.17263309634027102,calm,balanced,growth,0.1172903424245606,0.40854943316977077,0.0,1.014650724710591,0.021235952475510966,0.07289653496677495,
SAIA,2023-07-11,2024-08-14,358.8699951171875,375.29998779296875,1,0.04578257558260357,0.042782575582603566,0.042782575582603566,1.0,0.15101667476647432,calm,balanced,growth,0.37256179471284634,0.7528083690960417,0.0,0.7281850946804077,0.021215862778639363,0.07289653496677495,
SLB,2023-07-12,2024-08-15,52.799964904785156,42.84800338745117,2,-0.18848424492858062,-0.19148424492858063,-0.19148424492858063,1.0,0.16369008056179704,calm,reactive,shake_out,0.0946648392191538,0.7634857436260714,-0.02056314459288522,1.3369928363032915,0.023532880684494696,0.07728634401027623,
HALO,2023-07-17,2024-08-20,40.27000045776367,60.93000030517578,4,0.5130369906273258,0.5100369906273258,0.5100369906273258,1.0,0.15450056693025696,calm,balanced,growth,0.18790556475408926,-0.1808380678853161,-0.3225100708587735,2.0928065746617506,0.02663968563236849,0.09516222284492093,
SCHW,2023-07-18,2024-08-21,63.50754928588867,63.356849670410156,1,-0.0023729401807038863,-0.005372940180703886,-0.005372940180703886,1.0,0.15527016597074217,calm,balanced,shake_out,0.23343678083083885,0.09340928907641755,-0.22254913086136796,3.4740296908241652,0.031973403715328905,0.1019615143863013,
OLLI,2023-07-18,2024-08-21,71.22000122070312,99.11000061035156,1,0.39160346688594294,0.38860346688594294,0.38860346688594294,1.0,0.16835449095336863,calm,reactive,declining,0.11124988750541043,0.0461221989599907,0.0,0.7902452910755801,0.018821763304653592,0.1019615143863013,
ALV,2023-07-21,2024-08-26,96.10884857177734,97.16218566894531,6,0.010959834737602758,0.007959834737602759,0.007959834737602759,1.0,0.17075802397050338,calm,balanced,transition,0.20718796091246672,0.30163335771170385,0.0,3.9954128718698616,0.02442909645733688,0.1184297433357,
HAL,2023-07-24,2024-08-27,35.905548095703125,30.22271156311035,7,-0.15827182243383853,-0.16127182243383853,-0.16127182243383853,1.0,0.1587181947794504,calm,reactive,shake_out,0.2017958198490648,0.4168869601842893,-0.09461614252093031,1.0414640559977628,0.025025169053791638,0.10139166676604638,
CFG,2023-07-24,2024-08-27,28.504621505737305,40.02287292480469,7,0.40408364716398815,0.40108364716398814,0.40108364716398814,1.0,0.15132167164242827,calm,balanced,transition,0.08392514907693283,-0.09473333196030664,-0.2664122288787527,1.0391900351120158,0.021582556206178025,0.10139166676604638,
RGEN,2023-07-26,2024-08-29,176.02000427246094,150.75,1,-0.14356325223890776,-0.14656325223890776,-0.14656325223890776,1.0,0.1604347617035089,calm,reactive,shake_out,0.146411436559301,-0.12861384023534195,-0.31298540204150105,0.8500925354719309,0.027892777731528415,0.0957035300038731,
KEY,2023-07-26,2024-08-29,10.745646476745605,15.775273323059082,1,0.46806181993777396,0.46506181993777396,0.46506181993777396,1.0,0.17277353031287984,calm,balanced,transition,0.18256076541124044,-0.2570210145783791,-0.3605729315455568,1.2302026869598806,0.0327852064020997,0.0957035300038731,
LIVN,2023-07-26,2024-08-29,58.869998931884766,50.2400016784668,1,-0.1465941465941466,-0.1495941465941466,-0.1495941465941466,1.0,0.15108307980463287,calm,balanced,declining,0.2287622441949282,-0.060784960988208625,-0.1147368581671464,4.900426820570776,0.025006265124193718,0.0957035300038731,
CF,2023-07-27,2024-08-30,76.3883285522461,80.23290252685547,1,0.05032933757648417,0.047329337576484165,0.047329337576484165,1.0,0.16093303396972347,calm,reactive,growth,0.10677899121253143,-0.12297145391877173,-0.30148786223160917,0.9449708114548923,0.01801108959537236,0.10142540506584163,
ERIE,2023-08-02,2024-09-05,246.9687957763672,482.0444030761719,1,0.9518433555981223,0.9488433555981223,0.9488433555981223,1.0,0.22370816302685725,calm,balanced,transition,0.11265567307144342,0.2610781804181235,-0.07255501289742616,5.150362391382694,0.041076984952150265,0.09068611081939904,
OSK,2023-08-02,2024-09-05,97.31159210205078,96.7970962524414,1,-0.005287097235751936,-0.008287097235751936,-0.008287097235751936,1.0,0.16123524595447977,calm,balanced,transition,0.3480363791975316,0.2265806904027472,-0.02911256016749275,2.184424415374038,0.025007652742397756,0.09068611081939904,
PKG,2023-08-02,2024-09-05,143.93446350097656,195.53370666503906,1,0.3584912321135125,0.3554912321135125,0.3554912321135125,1.0,0.1598447164453298,calm,balanced,transition,0.14767948352477167,0.16489784239437055,0.0,0.9049737324127937,0.023243492163904086,0.09068611081939904,
TPL,2023-08-03,2024-09-06,173.5341339111328,263.977294921875,2,0.5211836943679238,0.5181836943679238,0.5181836943679238,1.0,0.20231449897174436,calm,reactive,growth,0.15889314699304347,-0.08301944845868581,-0.40336631429845504,1.511383202601875,0.028812286526018697,0.09291197549566976,
EOG,2023-08-03,2024-09-06,119.29167175292969,113.52396392822266,2,-0.04834962692662059,-0.051349626926620595,-0.051349626926620595,1.0,0.1506488551372564,calm,reactive,shake_out,0.16535450794029138,0.348384392826806,-0.07467771607436235,1.4518671008892563,0.014447883143331765,0.09291197549566976,
MPC,2023-08-03,2024-09-06,128.58482360839844,160.65834045410156,2,0.24943469956751763,0.24643469956751762,0.24643469956751762,1.0,0.16721698544016694,calm,balanced,growth,0.2362521451568087,0.506944030912351,0.0,1.2497519999730984,0.009935008485951495,0.09291197549566976,
MTSI,2023-08-03,2024-09-06,74.75,95.66999816894531,2,0.27986619624007103,0.276866196240071,0.276866196240071,1.0,0.17135659340540296,calm,balanced,growth,0.38914696324655185,0.22460679683550122,0.0,2.494809274820363,0.03221389763240998,0.09291197549566976,
KTOS,2023-08-04,2024-09-09,16.600000381469727,21.360000610351562,5,0.2867469951503938,0.2837469951503938,0.2837469951503938,1.0,0.2072169754893321,calm,reactive,declining,0.2250922618304001,0.10299004459076877,0.0,3.5920584241623548,0.04003625590352303,0.08226661507287036,
FLR,2023-08-04,2024-09-09,35.939998626708984,44.150001525878906,5,0.22843637208902456,0.22543637208902456,0.22543637208902456,1.0,0.19231594493057386,calm,reactive,shake_out,0.33506680998705307,0.41496059710526056,-0.04440313630792492,4.814443691085497,0.03861427306937404,0.08226661507287036,
BKNG,2023-08-07,2024-09-10,127.34149932861328,151.6635284423828,6,0.19099845095277934,0.18799845095277934,0.18799845095277934,1.0,0.15557156212266315,calm,balanced,transition,0.22074610238147407,0.6847067204747688,0.0,1.4365059328452412,0.025458200241728398,0.09388900775576836,
HUM,2023-08-09,2024-09-12,476.912841796875,316.4234313964844,2,-0.3365172759779568,-0.3395172759779568,-0.3395172759779568,1.0,0.1516273911411303,calm,reserved,shake_out,-0.05384937432285286,0.018610863949328982,-0.11896201386683125,0.4802012898557477,0.015511699553039368,0.0801276008868268,
CPRI,2023-08-10,2024-09-13,53.900001525878906,38.220001220703125,1,-0.29090908833550533,-0.29390908833550533,-0.29390908833550533,1.0,0.5245228250763712,calm,reactive,shake_out,0.3785167168626211,0.07692312382629463,-0.2117577699495342,10.842120546850522,0.1295979329331985,0.08733306997977319,
TXT,2023-08-11,2024-09-16,78.05120086669922,88.1999282836914,3,0.13002653776365114,0.12702653776365114,0.12702653776365114,1.0,0.16028233278420048,calm,balanced,shake_out,0.2153988608405657,0.16872529390273905,-0.016833993353318255,0.5301630539982192,0.028226331613760175,0.07340626765186187,
GAP,2023-08-11,2024-09-16,9.786460876464844,19.38747787475586,3,0.9810509763933357,0.9780509763933357,0.9780509763933357,1.0,0.16193762482148488,calm,reactive,transition,0.39358824479632326,0.09339898796763824,-0.2789346006059231,0.8922608444999593,0.024178739178976626,0.07340626765186187,
PSX,2023-08-11,2024-09-16,105.99452209472656,120.6634521484375,3,0.13839328451900013,0.13539328451900012,0.13539328451900012,1.0,0.15680475435513158,calm,balanced,transition,0.24407667456864268,0.3753641871679003,0.0,0.8484635482288033,0.011088609395471316,0.07340626765186187,
QLYS,2023-08-11,2024-09-16,150.9600067138672,126.45999908447266,3,-0.16229469090997306,-0.16529469090997306,-0.16529469090997306,1.0,0.16734153426860107,calm,reactive,transition,0.28062445055316676,0.03831080093267625,-0.056617905991100836,1.328013768286005,0.017759379291670062,0.07340626765186187,
PGR,2023-08-16,2024-09-19,124.49873352050781,235.03501892089844,1,0.8878506814865128,0.8848506814865128,0.8848506814865128,1.0,0.1677204160369882,calm,reserved,mature,0.0045244634913610415,0.11481557237335505,-0.08561302984921915,2.2884437235222825,0.023909234048473338,0.0504934137354589,
HRB,2023-08-16,2024-09-19,35.60990524291992,60.48934555053711,1,0.6986662878740404,0.6956662878740404,0.6956662878740404,1.0,0.15903319281482428,calm,reactive,shake_out,0.34291488589912644,-0.15815863289966647,-0.17432113114073322,4.146577107103423,0.02462115813277631,0.0504934137354589,
IBKR,2023-08-16,2024-09-19,22.482242584228516,32.86026382446289,1,0.461609699359558,0.458609699359558,0.458609699359558,1.0,0.15243421174900085,calm,balanced,transition,0.20734186835687307,0.39443398532168517,-0.019654206659934337,0.8292063885105856,0.013244685211743558,0.0504934137354589,
GPN,2023-08-17,2024-09-20,121.5226058959961,108.79167938232422,2,-0.10476179653823015,-0.10776179653823015,-0.10776179653823015,1.0,0.16501172752506843,calm,balanced,declining,0.23075966722331387,-0.05619930427025055,-0.07542698825840333,1.5176677175218984,0.02537630868058331,0.054221551850450744,
EQT,2023-08-21,2024-09-24,42.98160171508789,34.97011184692383,6,-0.18639346949585123,-0.18939346949585123,-0.18939346949585123,1.0,0.1642909924057379,calm,reactive,growth,0.2257924526208166,-0.05021978595367682,-0.1046538516184995,1.3092002036996255,0.019097111867970817,0.05985870556437267,
REGN,2023-08-21,2024-09-24,838.7039794921875,1038.9610595703125,6,0.23876967914159075,0.23576967914159075,0.23576967914159075,1.0,0.16550706491863085,calm,reserved,transition,0.16464834954996288,0.3654990954193018,0.0,1.9436068633785628,0.016551022506612934,0.05985870556437267,
HAS,2023-08-25,2024-09-30,62.50873565673828,68.28551483154297,4,0.09241554982854572,0.08941554982854572,0.08941554982854572,1.0,0.1705623595390318,calm,balanced,declining,0.17405371447871487,-0.12490642282538611,-0.12490642282538611,1.6751303136235274,0.024153847214122184,0.043754812948449295,
AXON,2023-08-30,2024-10-03,211.10000610351562,415.04998779296875,7,0.9661296816327121,0.9631296816327121,0.9631296816327121,1.0,0.17785771968492417,calm,reactive,growth,0.08323071025401885,0.7933906018640198,-0.07221022618524375,0.7058194573026821,0.0373484195872009,0.05392812873112529,
OLED,2023-08-31,2024-10-04,157.54908752441406,207.33460998535156,1,0.31600006857051866,0.31300006857051865,0.31300006857051865,1.0,0.15972180083518364,calm,balanced,transition,0.10013726760641117,0.4701895786086767,-0.012393744063680434,0.929185086329135,0.020057595132775722,0.056271589967872515,
DELL,2023-09-01,2024-10-07,65.09442138671875,115.68272399902344,4,0.7771526581635189,0.7741526581635189,0.7741526581635189,1.0,0.25842937209583616,calm,reactive,shake_out,0.43379320172726255,0.8723796841554092,0.0,6.295424944373613,0.051491634606754606,0.05166358898922652,
OKTA,2023-09-01,2024-10-07,86.16000366210938,71.80999755859375,4,-0.16655066728863588,-0.16955066728863588,-0.16955066728863588,1.0,0.17313071382321532,calm,reactive,declining,0.2058783392884258,0.4217822744484647,-0.05214519014523966,1.8753727329986671,0.03628375039282855,0.05166358898922652,
AVAV,2023-09-06,2024-10-10,115.05000305175781,206.6699981689453,1,0.7963493497342211,0.7933493497342211,0.7933493497342211,1.0,0.19288195552331672,calm,reactive,shake_out,0.18779684417493447,0.3112606092194288,0.0,9.860828975234472,0.050000089760124905,0.02916613071901164,
CVNA,2023-09-11,2024-10-15,50.810001373291016,192.02000427246094,1,2.779177309241305,2.7761773092413047,2.7761773092413047,1.0,0.20657165177671138,calm,reactive,declining,0.9260804772449613,0.3874932511003193,-0.08942648623649685,1.117238348784587,0.050956925684552186,0.013922807729818132,
WSM,2023-09-27,2024-10-31,75.19761657714844,131.18382263183594,2,0.7445210181262709,0.7415210181262709,0.7415210181262709,1.0,0.17433511209448982,calm,reactive,shake_out,0.24292068584269577,0.3099280359070895,0.0,0.8320481064323659,0.0311499342061645,-0.038749053347135076,
NTNX,2023-09-27,2024-10-31,35.720001220703125,62.099998474121094,2,0.7385217343757609,0.7355217343757608,0.7355217343757608,1.0,0.2181250841549313,calm,reactive,transition,0.27891159435768986,0.7331392606928127,-0.020564847131791297,1.4102907488986784,0.03152786219332385,-0.038749053347135076,
WING,2023-10-02,2024-11-05,182.6088104248047,306.7890930175781,4,0.6800344534521177,0.6770344534521177,0.6770344534521177,1.0,0.16642525805261169,calm,reactive,shake_out,-0.039304507400215294,0.4763264972793786,-0.15241229724298266,1.024509218193192,0.01948287561918725,-0.027472237254251186,
CASY,2023-10-04,2024-11-07,269.3566589355469,411.14508056640625,1,0.5263965709672218,0.5233965709672218,0.5233965709672218,1.0,0.1609036331521424,calm,balanced,transition,0.12246670858297448,0.351636510398015,-0.03153299552539812,0.8579225909563801,0.028047096732815503,-0.04660167546968097,
AYI,2023-10-04,2024-11-07,177.80897521972656,323.1638488769531,1,0.8174777087467322,0.8144777087467322,0.8144777087467322,1.0,0.15096058698712353,calm,reactive,transition,0.0716718285757536,0.0719192652117997,-0.10392211022701214,3.355414493117969,0.019412899595499328,-0.04660167546968097,
WSO,2023-10-09,2024-11-12,368.729248046875,511.43011474609375,1,0.38700718062126116,0.38400718062126116,0.38400718062126116,1.0,0.15810080574808458,calm,balanced,transition,0.06780933786562748,0.5826697134563708,0.0,0.6224028553935936,0.021216445851833056,-0.04137487727625955,
SYNA,2023-10-09,2024-11-12,92.9800033569336,76.97000122070312,1,-0.1721875839772874,-0.1751875839772874,-0.1751875839772874,1.0,0.1753187549283295,calm,balanced,shake_out,0.029336892197071363,-0.021880856880709176,-0.33509721258666814,0.5157924084916558,0.02347556155403342,-0.04137487727625955,
MUSA,2023-10-09,2024-11-12,360.4202880859375,525.5375366210938,1,0.45812417889135637,0.45512417889135637,0.45512417889135637,1.0,0.17835148209675322,calm,reserved,growth,0.16216797859609766,0.36223391444846054,0.0,0.8552483933489748,0.013950576215963422,-0.04137487727625955,
PLNT,2023-10-17,2024-11-20,55.31999969482422,98.27999877929688,1,0.7765726558471406,0.7735726558471406,0.7735726558471406,1.0,0.2001750313109949,calm,balanced,transition,-0.17432836276381758,-0.08803165456677309,-0.34648554403260134,1.2074385453855982,0.0239969402358359,-0.04253124653229079,
FIVE,2023-10-18,2024-11-21,175.8800048828125,83.48999786376953,1,-0.525301367148595,-0.528301367148595,-0.528301367148595,1.0,0.15447344686232511,calm,balanced,shake_out,-0.12108338240785388,0.2530635802080592,-0.1901647904308743,0.6716321436739889,0.020132919907859214,-0.055214299522362675,
DG,2023-10-25,2024-11-29,113.19282531738281,74.66124725341797,2,-0.340406540396228,-0.343406540396228,-0.343406540396228,1.0,0.1517688542506219,calm,reserved,mature,-0.2843917990363769,-0.5162469811104818,-0.5347842337729285,0.610991331030496,0.027006018859318668,-0.0723669142913832,
DECK,2023-10-27,2024-12-02,96.0616683959961,201.89999389648438,3,1.101774800164721,1.098774800164721,1.098774800164721,1.0,0.17811826586972837,normal,reactive,growth,0.043260312815817104,0.6013391428056527,0.0,4.367178950373507,0.04706118609629053,-0.08053980997720533,
CYTK,2023-10-30,2024-12-03,32.09000015258789,51.5099983215332,1,0.6051728911375276,0.6021728911375276,0.6021728911375276,1.0,0.18679659999604878,calm,reactive,growth,0.023604458121651684,-0.2578631150107361,-0.3231385729620597,1.1394242579895928,0.04421034531110992,-0.0778189201908629,
ALL,2023-10-31,2024-12-04,121.670166015625,199.9926300048828,2,0.6437277646123996,0.6407277646123996,0.6407277646123996,1.0,0.16070113918724147,calm,balanced,transition,0.1699489567185224,0.045630860693508524,-0.0721832395328531,1.3518791119656322,0.019183868349572177,-0.06791604311792099,
WTW,2023-10-31,2024-12-04,228.8217010498047,326.8121337890625,2,0.4282392460579143,0.4252392460579143,0.4252392460579143,1.0,0.1506095201382653,calm,reactive,transition,0.1641275160204696,0.09696981933060078,-0.07240914241234775,1.291678491712241,0.02567853886805405,-0.06791604311792099,
RTX,2023-11-01,2024-12-05,77.96078491210938,115.9655990600586,3,0.4874862944337297,0.4844862944337297,0.4844862944337297,1.0,0.1627979868555448,calm,balanced,transition,-0.05749970876824784,-0.11899094761826956,-0.20474156783601105,1.4730929833337951,0.020836509347431375,-0.051446960448618406,
DXCM,2023-11-03,2024-12-09,97.45999908447266,78.41000366210938,3,-0.19546476094106935,-0.19846476094106935,-0.19846476094106935,1.0,0.1696247644019956,calm,reactive,growth,-0.1274062408978709,-0.13445825572660264,-0.29340966968973536,0.8245998691599681,0.04261022300027063,-0.023680282604933933,
PSKY,2023-11-03,2024-12-09,13.197260856628418,10.898431777954102,3,-0.17418986437020478,-0.17718986437020479,-0.17718986437020479,1.0,0.15105307213278313,calm,reactive,declining,-0.09550406729110994,-0.124303360688654,-0.44467951655608406,2.518841186670405,0.048541856488176556,-0.023680282604933933,
PODD,2023-11-08,2024-12-12,154.97000122070312,271.7300109863281,1,0.7534362060134419,0.7504362060134419,0.7504362060134419,1.0,0.16049545636598742,calm,reactive,shake_out,-0.2641500630131456,-0.4907328050037999,-0.5307210245433476,0.8088448026451747,0.04418602565218276,-0.004892978633863954,
CHE,2023-11-09,2024-12-13,574.191162109375,543.83154296875,1,-0.0528737137456009,-0.055873713745600906,-0.055873713745600906,1.0,0.15053155046974692,calm,reserved,transition,0.1544603635559063,0.19012051308196054,-0.0127205441967837,0.4870947875258944,0.023259336832378536,-0.0052649590296494075,
DHI,2023-11-09,2024-12-13,117.67393493652344,147.6878662109375,1,0.25506014811695055,0.25206014811695054,0.25206014811695054,1.0,0.16413601318876261,calm,balanced,shake_out,0.035879857542793214,0.6153848973595522,-0.07690472632315337,0.8765670518149978,0.020296392446341655,-0.0052649590296494075,
KBH,2023-11-09,2024-12-13,48.6364860534668,69.9474105834961,1,0.4381674388770991,0.4351674388770991,0.4351674388770991,1.0,0.1586641154826947,calm,balanced,transition,0.04241702328892849,0.8250832074479666,-0.07832996357275446,0.8196290577433206,0.023584711931269146,-0.0052649590296494075,
FIX,2023-11-10,2024-12-16,186.05441284179688,461.1066589355469,4,1.4783430389669312,1.4753430389669313,1.4753430389669313,1.0,0.15715659777525323,calm,reactive,growth,0.062018991205542884,0.5227324724058282,-0.0051419341410442465,0.5710009460203607,0.03635097920354062,0.010419518422163598,
IT,2023-11-13,2024-12-17,414.5,497.4200134277344,1,0.20004828329972102,0.19704828329972102,0.19704828329972102,1.0,0.15270349959795537,calm,balanced,growth,0.2480805103201631,0.2363538385916364,0.0,0.7672060075869009,0.035344827007368074,0.0026773638403729816,
MEDP,2023-11-13,2024-12-17,275.8699951171875,348.4800109863281,1,0.2632037450767215,0.2602037450767215,0.2602037450767215,1.0,0.15092909877851096,calm,reactive,growth,0.12151394385239467,0.2476595104503485,-0.020591536315721193,0.5110714660510022,0.05294992844915012,0.0026773638403729816,
TGT,2023-11-15,2024-12-19,120.12592315673828,123.66122436523438,1,0.029429960791088394,0.026429960791088395,0.026429960791088395,1.0,0.17294069685511207,calm,balanced,transition,0.06980986980034376,-0.2475098996102859,-0.2559901807674406,5.740533608805614,0.04429658439922549,0.015074384575453736,
RCL,2023-11-15,2024-12-19,99.80513763427734,226.1004638671875,1,1.26541908790009,1.26241908790009,1.26241908790009,1.0,0.15303583296899473,calm,reactive,transition,-0.0030271968344792732,0.6825969828868275,-0.06911022706773817,0.8493626808106519,0.024077349861286308,0.015074384575453736,
GDDY,2023-11-15,2024-12-19,92.08000183105469,202.94000244140625,1,1.2039530669618554,1.2009530669618556,1.2009530669618556,1.0,0.15074567657093796,calm,reactive,transition,0.29690143424020676,0.22855244269912212,0.0,0.9313987951560475,0.03352303291397935,0.015074384575453736,
ROL,2023-11-16,2024-12-20,38.53102493286133,46.21677780151367,2,0.19946920389593692,0.19646920389593692,0.19646920389593692,1.0,0.15789689427664044,calm,reactive,transition,0.019383334603271907,-0.04361142586179745,-0.10941253469862111,0.6842406430163851,0.012552991917656898,0.030146441640299004,
FCN,2023-11-17,2024-12-23,219.08999633789062,192.72000122070312,5,-0.12036147500097849,-0.1233614750009785,-0.1233614750009785,1.0,0.17247698617847504,calm,reserved,transition,0.16947795783413477,0.2703814670573941,-0.015414380139820993,1.8624006281283738,0.041766490471108586,0.024584019273638846,
BURL,2023-11-21,2024-12-26,165.05999755859375,295.04998779296875,8,0.7875317591000845,0.7845317591000845,0.7845317591000845,1.0,0.2360908889125937,calm,reactive,transition,0.049799669553023174,0.04706926032526071,-0.29506725662540356,2.498377321603128,0.05503460631774758,0.009018096119635999,
FICO,2023-11-22,2024-12-26,1065.1700439453125,2062.7099609375,8,0.9365076709230125,0.9335076709230125,0.9335076709230125,1.0,0.16860207094601207,calm,balanced,shake_out,0.18524746136225168,0.8431735576154318,0.0,0.5357997129644395,0.013269230409089854,0.009247220610192786,
GEN,2023-11-22,2024-12-26,20.301809310913086,27.231599807739258,8,0.3413385669572373,0.3383385669572373,0.3383385669572373,1.0,0.1587390450666775,calm,reserved,transition,0.05235154806680242,-0.05895344681890924,-0.08623580655867347,0.7496840994565613,0.024022110980273993,0.009247220610192786,
XYZ,2023-11-22,2024-12-26,59.02000045776367,91.4800033569336,8,0.5499831014470966,0.5469831014470966,0.5469831014470966,1.0,0.15704226326131393,calm,reactive,transition,0.022522508828261456,-0.058992357954835706,-0.33242848079353293,0.47213521943857584,0.03426702091004548,0.009247220610192786,
ARWR,2023-11-28,2025-01-02,28.920000076293945,19.649999618530273,15,-0.3205394340701402,-0.3235394340701402,-0.3235394340701402,1.0,0.16433905726472178,calm,reactive,transition,0.031751672060160274,0.03285714558192665,-0.3011116643354116,0.709209156342895,0.03593382379470856,0.012911330333824633,
CLX,2023-11-28,2025-01-02,131.26475524902344,152.34613037109375,15,0.1606019459075414,0.1576019459075414,0.1576019459075414,1.0,0.17254349116221868,calm,reserved,transition,-0.05159869283149798,-0.0008672439621028039,-0.16510353072322292,0.6716394764592767,0.018346496707927984,0.012911330333824633,
AMKR,2023-11-29,2025-01-02,27.13223648071289,25.59441566467285,15,-0.056678734063563385,-0.05967873406356339,-0.05967873406356339,1.0,0.15549534733419407,calm,reactive,shake_out,0.040352352465971464,0.06224999973863987,-0.07820161683203619,0.9127378927436696,0.022010503943749635,0.019057323743127963,
KKR,2023-11-29,2025-01-02,73.72067260742188,148.07723999023438,15,1.0086257321440475,1.0056257321440476,1.0056257321440476,1.0,0.16775223090822458,calm,balanced,shake_out,0.2139685998414873,0.49513374823237744,0.0,3.074750971791902,0.024166345552767476,0.019057323743127963,
IDCC,2023-11-30,2025-01-03,97.055419921875,200.35682678222656,16,1.0643548494613109,1.061354849461311,1.061354849461311,1.0,0.18331337235774423,calm,balanced,transition,0.23468327657453258,1.0307897871830942,-0.009810862072011872,1.4029792996711163,0.0134894975451193,0.026208940717545648,
NTAP,2023-11-30,2025-01-03,87.0361557006836,113.98968505859375,16,0.3096819837792819,0.3066819837792819,0.3066819837792819,1.0,0.16663077531623,calm,reactive,transition,0.16663233992352255,0.39189443762135445,0.0,3.519621863129302,0.03471380374061589,0.026208940717545648,
RRX,2023-12-01,2025-01-06,121.43418884277344,157.03985595703125,19,0.29320957675567083,0.29020957675567083,0.29020957675567083,1.0,0.16558820890112458,calm,balanced,shake_out,-0.2085335997574178,-0.023629679835311723,-0.24689438877808612,0.881884454932367,0.0234917713081232,0.030766113042697274,
DKS,2023-12-01,2025-01-06,130.59622192382812,221.3369903564453,19,0.6948192458855575,0.6918192458855575,0.6918192458855575,1.0,0.1684396023553908,calm,reactive,growth,0.25249899683054067,0.20942599365594816,-0.058957527187277425,1.1183194144355288,0.02164399244186144,0.030766113042697274,
CRM,2023-12-01,2025-01-06,256.2380065917969,327.56695556640625,19,0.27836990274530526,0.27536990274530526,0.27536990274530526,1.0,0.1550252751893486,calm,reactive,declining,0.15678953010183205,0.7687074242403338,0.0,2.3938897208896033,0.023150424152886522,0.030766113042697274,
CROX,2023-12-01,2025-01-06,106.55999755859375,112.06999969482422,19,0.05170797918985226,0.04870797918985226,0.04870797918985226,1.0,0.16210703033756937,calm,reactive,growth,0.14126587152204584,0.06891358159235073,-0.29491170438840864,1.1034280977227289,0.03493030170521919,0.030766113042697274,
ULTA,2023-12-01,2025-01-06,472.0299987792969,431.29998779296875,19,-0.0862869120430032,-0.08928691204300321,-0.08928691204300321,1.0,0.1811900429780996,calm,balanced,shake_out,0.14096833175118362,-0.0010581338778313798,-0.14398925512049254,4.114584530513734,0.02761833972362774,0.030766113042697274,
BMRN,2023-12-04,2025-01-07,94.4000015258789,67.9000015258789,20,-0.2807203344454954,-0.2837203344454954,-0.2837203344454954,1.0,0.1635901816913192,calm,reserved,transition,0.03896104877556028,-0.10572182920447881,-0.1950200031709448,1.4828833843584748,0.02912233552444353,0.018344414197637215,
CCL,2023-12-04,2025-01-07,16.274770736694336,23.73030662536621,20,0.4581038964722284,0.4551038964722284,0.4551038964722284,1.0,0.15418022220413694,calm,reactive,declining,0.05620163902699149,0.6350001801195535,-0.15284964087782615,1.3430012759687333,0.02860723759734687,0.018344414197637215,
EL,2023-12-04,2025-01-07,133.15782165527344,72.65657043457031,20,-0.454357471972861,-0.45735747197286103,-0.45735747197286103,1.0,0.16769881201721704,calm,reactive,transition,-0.08883574554440421,-0.4095468677697811,-0.49742099898063197,2.1620691777546663,0.02616368508961268,0.018344414197637215,
NCLH,2023-12-04,2025-01-07,17.5,25.510000228881836,20,0.4577142987932479,0.4547142987932479,0.4547142987932479,1.0,0.16433790694810435,calm,reactive,declining,0.050420177687959145,0.05804105388963032,-0.22291298204805532,1.7374261199574952,0.032804270086448,0.018344414197637215,
BA,2023-12-05,2025-01-08,234.16000366210938,171.75999450683594,1,-0.26648449000417695,-0.26948449000417696,-0.26948449000417696,1.0,0.15136322403383254,calm,reactive,transition,0.11160698052133844,0.26504589919439203,-0.0196357643774715,0.6179790271366438,0.014580073436004102,0.023595391143176103,
TWLO,2023-12-05,2025-01-08,68.37999725341797,111.05999755859375,1,0.6241591403843239,0.6211591403843238,0.6211591403843238,1.0,0.1711488798469405,calm,reactive,declining,0.03920963650458731,0.4836189417885808,-0.09370443977186849,0.730554924468507,0.02074069154581639,0.023595391143176103,
FND,2023-12-05,2025-01-08,97.97000122070312,96.16000366210938,1,-0.018475018230491358,-0.021475018230491357,-0.021475018230491357,1.0,0.15877462943179657,calm,balanced,shake_out,0.04501334635416665,0.3182185363696379,-0.14853117243625547,0.8414173389155519,0.0261129366506485,0.023595391143176103,
NOVT,2023-12-06,2025-01-10,150.7100067138672,147.47999572753906,3,-0.021431961000841215,-0.024431961000841215,-0.024431961000841215,1.0,0.17678800968996755,calm,balanced,transition,-0.03662743312526606,0.01106942964107338,-0.18167992500268237,1.324540323031353,0.02643601629183673,0.01833262526590773,
SLAB,2023-12-07,2025-01-10,117.66999816894531,133.08999633789062,3,0.13104443281120792,0.12804443281120792,0.12804443281120792,1.0,0.15553080275085912,calm,balanced,transition,-0.042866472814433565,-0.1563060361436477,-0.3902476900503252,1.888998450485984,0.026167459469037705,0.01786636131250985,
TPR,2023-12-07,2025-01-10,31.578794479370117,65.90660095214844,3,1.0870524679212843,1.0840524679212844,1.0840524679212844,1.0,0.15863694217923913,calm,reactive,shake_out,0.07962162211156865,-0.05790522481778493,-0.26342018183793503,1.0267516152512064,0.02077952891021379,0.01786636131250985,
FITB,2023-12-08,2025-01-13,28.509496688842773,39.90068817138672,3,0.399557789703173,0.396557789703173,0.396557789703173,1.0,0.1589918359779319,calm,balanced,transition,0.15511098725784866,0.0001933848075958977,-0.14147249954911645,1.1659539628241866,0.021136874206633675,0.03461555552264017,
SGI,2023-12-08,2025-01-13,45.286949157714844,55.49260330200195,3,0.22535530288748817,0.22235530288748817,0.22235530288748817,1.0,0.1684199380999181,calm,reactive,shake_out,0.03590316540408445,0.4393169377375532,-0.015792809900815774,0.7298062705195358,0.027191943158409074,0.03461555552264017,
SATS,2023-12-08,2025-01-13,13.039999961853027,23.030000686645508,3,0.7661043523019204,0.7631043523019204,0.7631043523019204,1.0,0.18403046849606183,calm,reactive,declining,-0.30564432986811363,-0.21160826843658764,-0.4507160872967928,1.196089506843363,0.03934074678174725,0.03461555552264017,
MTZ,2023-12-11,2025-01-14,67.2699966430664,150.6699981689453,1,1.2397800756316082,1.2367800756316083,1.2367800756316083,1.0,0.2609638580930129,calm,balanced,shake_out,-0.19782976206224,-0.23807910357337192,-0.4489679256708998,0.5785442724117031,0.026821658009691836,0.03792725420024867,
PEN,2023-12-11,2025-01-14,224.11000061035156,252.88999938964844,1,0.1284190741194775,0.1254190741194775,0.1254190741194775,1.0,0.17410156176822467,calm,reactive,shake_out,-0.14543374409780152,0.03658651144200986,-0.3486310463273621,0.6217022521205031,0.023579825280992422,0.03792725420024867,
DOCU,2023-12-11,2025-01-14,53.720001220703125,90.08999633789062,1,0.6770289331857067,0.6740289331857067,0.6740289331857067,1.0,0.21474661632646969,calm,reactive,declining,0.22760519381164723,0.09275836833695728,-0.20802005350811537,2.5645655189760377,0.028270838124964448,0.03792725420024867,
ILMN,2023-12-12,2025-01-15,114.43579864501953,136.19000244140625,1,0.19009963712376732,0.18709963712376732,0.18709963712376732,1.0,0.18689872346316141,calm,reactive,transition,-0.16288334402658178,-0.4358334951309877,-0.494391199208734,0.6971492786005306,0.0332924361333198,0.044948748572992026,
WAT,2023-12-13,2025-01-16,312.1300048828125,405.42999267578125,2,0.2989138702893934,0.2959138702893934,0.2959138702893934,1.0,0.15754149528940814,calm,balanced,transition,0.1387035188903718,-0.09427772820705549,-0.10761353264470064,1.2263690423360256,0.01878916680225061,0.06925846960848103,
INCY,2023-12-13,2025-01-16,64.19000244140625,72.47000122070312,2,0.12899203091408196,0.12599203091408195,0.12599203091408195,1.0,0.1517755417042747,calm,reserved,transition,0.06327652107185844,-0.2257870026998725,-0.2536914213798497,1.946617579383341,0.025321623746509994,0.06925846960848103,
MKSI,2023-12-14,2025-01-17,97.51066589355469,118.99213409423828,3,0.22029865147401773,0.21729865147401772,0.21729865147401772,1.0,0.17485773950879796,calm,reactive,declining,0.17131539168337828,0.17301025676983883,-0.1136749508065984,2.766617188774995,0.02818546684120395,0.08996531286085441,
BLDR,2023-12-14,2025-01-17,168.3699951171875,164.1199951171875,3,-0.025242027221310748,-0.028242027221310747,-0.028242027221310747,1.0,0.16600997814785448,calm,balanced,growth,0.3912576416092135,1.488839487354321,0.0,2.238632587220502,0.02539297378020638,0.08996531286085441,
VRTX,2023-12-15,2025-01-21,410.67999267578125,427.8900146484375,4,0.0419061611950573,0.0389061611950573,0.0389061611950573,1.0,0.16086254811194903,calm,reserved,transition,0.1749492006696003,0.3316472140191662,0.0,2.3473734845364387,0.031253792255772184,0.0923898921309032,
BC,2023-12-15,2025-01-21,90.2137451171875,66.99750518798828,4,-0.25734703618657406,-0.26034703618657407,-0.26034703618657407,1.0,0.1838078399668805,calm,balanced,transition,0.2180018561800392,0.33687678253124465,0.0,1.69719468581297,0.024399485795469314,0.0923898921309032,
RF,2023-12-15,2025-01-21,17.715347290039062,23.398942947387695,4,0.3208289154198174,0.3178289154198174,0.3178289154198174,1.0,0.1511248489401264,calm,balanced,shake_out,0.16107877469448062,-0.0158182109484738,-0.14622211117895045,2.360404360250762,0.0276961713386824,0.0923898921309032,
IVZ,2023-12-15,2025-01-21,15.846704483032227,16.62420082092285,4,0.04906359796909987,0.04606359796909987,0.04606359796909987,1.0,0.18042240042801153,calm,balanced,transition,0.22899932605185325,-0.030186283433864425,-0.08825040924953886,1.4186330121441193,0.02294948797124842,0.0923898921309032,
BEN,2023-12-20,2025-01-23,25.431425094604492,18.594179153442383,1,-0.2688502872225078,-0.2718502872225078,-0.2718502872225078,1.0,0.16108241967021003,calm,reactive,transition,0.21902380203772975,0.177065628687602,-0.10513343577274026,0.8392163409230354,0.021172676759945525,0.09915530792319482,
RVTY,2023-12-22,2025-01-27,106.9818115234375,123.61248016357422,3,0.15545323455747684,0.15245323455747684,0.15245323455747684,1.0,0.1583830486733204,calm,balanced,shake_out,-0.026338937415756103,-0.23640780273000583,-0.2526688153413539,1.2164964373166265,0.027201993185096474,0.10880938873773238,
ALLE,2023-12-26,2025-01-29,124.201904296875,129.49546813964844,2,0.04262063349786027,0.03962063349786027,0.03962063349786027,1.0,0.151058443736875,calm,balanced,transition,0.2408186660243843,0.23348182645171756,0.0,0.7491206205459611,0.020337338867052277,0.11341315686669007,
URI,2023-12-27,2025-01-30,567.27880859375,765.4876708984375,3,0.3494029025974641,0.3464029025974641,0.3464029025974641,1.0,0.1567375674041435,calm,balanced,growth,0.36355565375269183,0.6366860997140469,-0.002773668698573095,0.6244446291241282,0.026215675168505304,0.13054412685233308,
DLTR,2023-12-27,2025-01-30,141.83999633789062,74.5,3,-0.474760279727261,-0.477760279727261,-0.477760279727261,1.0,0.15173359227470282,calm,reactive,transition,0.36858353119652376,-0.0023211777119286348,-0.11725166291179645,0.6986276180740781,0.013439709428796758,0.13054412685233308,
SPXC,2023-12-27,2025-01-30,102.69999694824219,147.36000061035156,3,0.4348588606542678,0.4318588606542678,0.4318588606542678,1.0,0.1571413929640069,calm,balanced,transition,0.277204231699796,0.558421768896499,0.0,0.7828437999262627,0.015357714041281277,0.13054412685233308,
HOG,2023-12-27,2025-01-30,35.041404724121094,26.562915802001953,3,-0.2419563082265047,-0.24495630822650472,-0.24495630822650472,1.0,0.15993756953109842,calm,reactive,transition,0.17833239028881787,-0.07719374453502725,-0.2682853895154744,0.820130601368237,0.02645570905529167,0.13054412685233308,
VTRS,2024-01-02,2025-02-05,10.323141098022461,10.332245826721191,1,0.0008819727069770966,-0.0021180272930229034,-0.0021180272930229034,1.0,0.17081184478096287,calm,balanced,transition,0.19436881360181157,0.07334240031476624,-0.025587273130064037,1.360145732208984,0.015947303459097405,0.10080772383079961,
CVS,2024-01-02,2025-02-05,73.17168426513672,53.17680740356445,1,-0.27325975973330163,-0.27625975973330164,-0.27625975973330164,1.0,0.15062887336101533,calm,reserved,mature,0.16658032547083113,-0.10440051923850369,-0.10440051923850369,0.9963759789878275,0.014508217476417907,0.10080772383079961,
PVH,2024-01-02,2025-02-05,121.36540222167969,79.15350341796875,1,-0.3478083377222192,-0.3508083377222192,-0.3508083377222192,1.0,0.15019740671658086,calm,reactive,transition,0.6528631305450292,0.7290763321108775,-0.0117619271293663,0.798140113863108,0.013790801167942849,0.10080772383079961,
FLEX,2024-01-03,2025-02-06,23.739999771118164,44.25,1,0.8639427306917706,0.8609427306917706,0.8609427306917706,1.0,0.1896549303127264,calm,balanced,transition,0.18432249554829894,0.4611772349034384,0.0,2.628346320380565,0.023286463229550036,0.08514272084070251,
CI,2024-01-04,2025-02-07,293.5839538574219,279.3963928222656,1,-0.04832539670082381,-0.05132539670082381,-0.05132539670082381,1.0,0.17350600141460049,calm,reactive,mature,0.054494891045732574,0.004886676874837459,-0.03521787669606291,0.7429937636047246,0.04016290697660599,0.0758195793797578,
CIEN,2024-01-18,2025-02-21,51.33000183105469,84.08000183105469,1,0.6380284206455302,0.6350284206455302,0.6350284206455302,1.0,0.16697617470391446,calm,balanced,transition,0.2504263772242217,0.0060760754705921904,-0.02265800868882273,0.9185899908463394,0.010695817548303666,0.1337193617135093,
AMD,2024-01-19,2025-02-24,174.22999572753906,108.11000061035156,3,-0.37949834551213546,-0.38249834551213546,-0.38249834551213546,1.0,0.1900277082958208,calm,reactive,shake_out,0.713681507478938,1.5731797088074946,0.0,1.9894147154121429,0.03278246967666424,0.13940076896292997,
NVDA,2024-01-19,2025-02-24,59.45465850830078,130.23733520507812,3,1.1905320537144286,1.1875320537144287,1.1875320537144287,1.0,0.15482580354957307,calm,balanced,growth,0.362623725803668,2.5500978084885193,0.0,1.297670810530621,0.020478617273701493,0.13940076896292997,
WRB,2024-01-25,2025-02-28,52.6981086730957,61.3602180480957,1,0.16437230088719135,0.16137230088719134,0.16137230088719134,1.0,0.16574467044832525,calm,balanced,mature,0.25902957383543,0.19115933330223478,0.0,2.4698206364190773,0.018408286560803226,0.17455526341785643,
APPF,2024-01-26,2025-03-03,223.66000366210938,213.75999450683594,4,-0.044263654623871496,-0.0472636546238715,-0.0472636546238715,1.0,0.2608828073755718,calm,reactive,transition,0.19240814058032374,0.9458847999949023,0.0,6.081764195854532,0.06721919654745961,0.16623836201647202,
NFLX,2024-01-31,2025-03-06,56.4109992980957,90.63600158691406,1,0.6067079597005776,0.6037079597005776,0.6037079597005776,1.0,0.16889412399724238,calm,reactive,transition,0.30472289801234465,0.5941614414824647,-0.020285161198938195,0.6896458707638052,0.027672737622180185,0.11181093628863481,
CVLT,2024-01-31,2025-03-06,91.68000030517578,157.92999267578125,1,0.7226220784258148,0.7196220784258148,0.7196220784258148,1.0,0.1513687490481514,calm,balanced,transition,0.3598339186458921,0.47324443161776575,0.0,2.44444076715593,0.021725114411491813,0.11181093628863481,
MASI,2024-02-01,2025-03-07,133.32000732421875,174.52000427246094,1,0.30903086322256623,0.30603086322256623,0.30603086322256623,1.0,0.16274751403231627,calm,reactive,declining,0.6344245166483453,-0.22180713504223692,-0.32142308497033756,1.004645884313934,0.02070415664137726,0.12373166238831468,
META,2024-02-02,2025-03-10,471.2915344238281,595.6004028320312,3,0.26376215002498493,0.26076215002498493,0.26076215002498493,1.0,0.2433309076512803,calm,reactive,transition,0.48983744445288036,1.516236542460943,0.0,4.081539628699948,0.04735286792705665,0.13252161667069262,
MANH,2024-02-05,2025-03-11,249.14999389648438,167.52000427246094,1,-0.32763392182918805,-0.33063392182918805,-0.33063392182918805,1.0,0.15252704452554894,calm,balanced,growth,0.17612348094588937,0.6631065880568934,-0.0056274093065460384,0.724115073578152,0.02165832893560461,0.12777969710781045,
RL,2024-02-09,2025-03-17,169.52374267578125,216.67880249023438,4,0.27816197937912723,0.27516197937912723,0.27516197937912723,1.0,0.1692965199326151,calm,balanced,transition,0.4606108703873286,0.5245375388230267,0.0,1.7351526145595078,0.03885948414628253,0.11809276528766532,
FANG,2024-02-15,2025-03-21,165.20338439941406,154.28961181640625,2,-0.06606264528226291,-0.06906264528226291,-0.06906264528226291,1.0,0.1638518116660932,calm,balanced,growth,0.14325959801007127,0.29367048027002896,0.0,1.6362343834336042,0.02650077695011279,0.10607209208084067,
TXRH,2024-02-16,2025-03-24,142.71182250976562,173.10890197753906,5,0.21299622507233695,0.20999622507233695,0.20999622507233695,1.0,0.1986129524079257,calm,balanced,transition,0.3429865791977673,0.43347432409421605,0.0,3.3901840275133144,0.02567065276207496,0.1029881712416103,
TTD,2024-02-16,2025-03-24,88.93000030517578,59.34000015258789,5,-0.332733611279047,-0.335733611279047,-0.335733611279047,1.0,0.23568246631399797,calm,reactive,transition,0.35049358186583834,0.4100206236797197,-0.02553146807488038,4.848471926550133,0.04554977509790831,0.1029881712416103,
SW,2024-02-21,2025-03-27,38.435523986816406,44.14651870727539,2,0.14858636303274775,0.14558636303274775,0.14558636303274775,1.0,0.1502023688256789,calm,reactive,transition,0.22965374607687639,0.07275818206809692,-0.01734214765963371,0.0,0.045726991327917466,0.09265814249767179,
TRGP,2024-02-21,2025-03-27,93.32679748535156,194.44235229492188,2,1.083456815556553,1.080456815556553,1.080456815556553,1.0,0.15109333269620046,calm,balanced,growth,0.11608414501093134,0.36319627593409787,0.0,1.6524127691165553,0.017792947859185407,0.09265814249767179,
EME,2024-02-23,2025-03-31,268.37628173828125,368.68182373046875,3,0.3737496523258519,0.3707496523258519,0.3707496523258519,1.0,0.17434414794035685,calm,reactive,transition,0.2754660340597421,0.6700115687199435,0.0,2.6376025013273554,0.014344994935011136,0.11721680478409247,
RBA,2024-02-23,2025-03-31,75.53633880615234,100.02277374267578,3,0.32416761685210305,0.32116761685210304,0.32116761685210304,1.0,0.198056589729879,calm,reactive,transition,0.22341329092796203,0.2883638894755518,0.0,3.5913588561363516,0.03153497878744838,0.11721680478409247,
BWXT,2024-02-28,2025-04-03,98.93295288085938,94.79940795898438,6,-0.04178127511116392,-0.04478127511116392,-0.04478127511116392,1.0,0.18124600534084934,calm,balanced,mature,0.27832043331826695,0.6709599301635152,0.0,3.0302219367729966,0.030319334448029603,0.10340982732686621,
AMAT,2024-03-01,2025-04-07,206.64566040039062,131.67208862304688,3,-0.36281222471392405,-0.36581222471392405,-0.36581222471392405,1.0,0.16502657819653546,calm,reactive,growth,0.4410283846646752,0.7903060720320736,0.0,0.9875640843524414,0.03174501788614413,0.12478156770906557,
LSCC,2024-03-01,2025-04-07,78.19999694824219,39.56999969482422,3,-0.49398975397640743,-0.49698975397640743,-0.49698975397640743,1.0,0.17079362198116138,calm,balanced,shake_out,0.2880908932222801,-0.09793523190753695,-0.19596961514859157,0.7495681440400447,0.026494682369380906,0.12478156770906557,
BRKR,2024-03-04,2025-04-08,89.25838470458984,36.16510009765625,1,-0.5948268589292927,-0.5978268589292927,-0.5978268589292927,1.0,0.1851675304139472,calm,reactive,shake_out,0.32581091110272253,0.19797668654338962,0.0,0.7164107030448317,0.026538799299767556,0.12784499983256503,
VVV,2024-03-04,2025-04-08,44.13999938964844,31.479999542236328,1,-0.28681468107090846,-0.28981468107090846,-0.28981468107090846,1.0,0.16577230490216163,calm,balanced,mature,0.2582667356240944,0.19200650404359987,0.0,1.1336131289038778,0.01191053541219851,0.12784499983256503,
EBAY,2024-03-05,2025-04-09,48.234920501708984,61.099586486816406,2,0.2667085557786215,0.2637085557786215,0.2637085557786215,1.0,0.16548351071443845,calm,balanced,transition,0.20756993704054771,0.14558445849561585,0.0,1.5433267074945125,0.025092726471635844,0.10752380291180508,
KBR,2024-03-05,2025-04-09,60.02660369873047,49.78172302246094,2,-0.17067233601434295,-0.17367233601434295,-0.17367233601434295,1.0,0.15168734075546267,calm,reactive,mature,0.17743663004222143,0.1383881631349675,-0.05580414775923492,1.1127686946227857,0.012127967363535335,0.10752380291180508,
TRMB,2024-03-06,2025-04-10,62.43000030517578,58.040000915527344,3,-0.07031874688753581,-0.07331874688753581,-0.07331874688753581,1.0,0.1513796437769177,calm,balanced,transition,0.33113002716487316,0.22028929811135955,-0.001918448175034726,0.5403534153146636,0.015709372042754036,0.10867711233065558,
FN,2024-03-06,2025-04-10,225.00999450683594,182.8000030517578,3,-0.18759162919670114,-0.19059162919670114,-0.19059162919670114,1.0,0.16783429982016002,calm,reactive,growth,0.353443575980968,0.8796257307466768,0.0,0.6022056177634781,0.032908315183068575,0.10867711233065558,
BDC,2024-03-07,2025-04-11,89.07118225097656,93.32654571533203,1,0.04777486227099925,0.04477486227099925,0.04477486227099925,1.0,0.15569248278305436,calm,balanced,transition,0.23946357997389578,0.04036409193870383,-0.09565854460734313,0.7097934728214561,0.018189751785241848,0.11572241687412066,
GE,2024-03-07,2025-04-11,131.07113647460938,180.71348571777344,1,0.37874356306341017,0.37574356306341017,0.37574356306341017,1.0,0.15134860906638387,calm,reactive,growth,0.3851391326712843,0.9182308434909081,0.0,1.8408334606055798,0.013385979075536434,0.11572241687412066,
QCOM,2024-03-07,2025-04-11,168.3242645263672,136.06198120117188,1,-0.19166745457629242,-0.19466745457629242,-0.19466745457629242,1.0,0.15433099786694573,calm,reactive,transition,0.2976676729170886,0.48710663213246885,0.0,1.5333651393771164,0.020679342668468333,0.11572241687412066,
KR,2024-03-07,2025-04-11,53.203269958496094,66.85404968261719,1,0.25657783318149563,0.2535778331814956,0.2535778331814956,1.0,0.224408181843876,calm,reserved,mature,0.2383085389009807,0.19788472943509605,0.0,2.9573893119987216,0.024315701616444113,0.11572241687412066,
CRL,2024-03-07,2025-04-11,270.2699890136719,99.75,1,-0.6309246159219178,-0.6339246159219178,-0.6339246159219178,1.0,0.16455419578269853,calm,reactive,transition,0.30881350611947633,0.23529410533969752,0.0,0.551290684624018,0.02982814771210023,0.11572241687412066,
WFC,2024-03-11,2025-04-15,54.551231384277344,63.168758392333984,1,0.1579712646145761,0.1549712646145761,0.1549712646145761,1.0,0.15570769692073072,calm,balanced,transition,0.20374787612075806,0.42443120977678706,-0.0003502201423697393,0.8028000925379002,0.017835950888229483,0.08728324958610467,
UTHR,2024-03-11,2025-04-15,249.50999450683594,284.82000732421875,1,0.14151742853898153,0.13851742853898152,0.13851742853898152,1.0,0.158081323960117,calm,reserved,transition,-0.028917287553403392,0.09065869583878694,-0.028917287553403392,0.9880330745227414,0.01664096303701063,0.08728324958610467,
HRL,2024-03-11,2025-04-15,31.107078552246094,28.933822631835938,1,-0.0698637101764491,-0.0728637101764491,-0.0728637101764491,1.0,0.16503473547862366,calm,reserved,declining,0.0549630958513001,-0.0996925310176684,-0.16369869567487016,0.6379235781773402,0.03744603163098456,0.08728324958610467,
GRMN,2024-03-11,2025-04-15,140.666259765625,189.1963653564453,1,0.34500174861889477,0.34200174861889476,0.34200174861889476,1.0,0.15469302634417403,calm,balanced,transition,0.15718131004937974,0.5784272288552406,0.0,2.0956976587079463,0.022247784317399516,0.08728324958610467,
VLO,2024-03-18,2025-04-22,156.88748168945312,109.24856567382812,8,-0.30365020524660224,-0.30665020524660225,-0.30665020524660225,1.0,0.15798246240389302,calm,balanced,growth,0.2641733683625853,0.35979466419177464,0.0,1.2186210895890084,0.01714132484776789,0.09600600526635161,
MU,2024-03-21,2025-04-25,108.97964477539062,79.5895004272461,1,-0.2696847141382984,-0.2726847141382984,-0.2726847141382984,1.0,0.21382897676586712,calm,balanced,transition,0.2634629327697413,0.9015128844378228,0.0,3.748998952170322,0.039898996944650114,0.09776004715561015,
GTLS,2024-03-21,2025-04-25,157.39999389648438,135.49000549316406,1,-0.13919942346204683,-0.14219942346204684,-0.14219942346204684,1.0,0.16136501753071403,calm,reactive,transition,0.14107576562748192,0.36596363196246795,-0.14017264287298015,0.9239613441475776,0.033502566560554344,0.09776004715561015,
PSTG,2024-03-22,2025-04-28,52.22999954223633,45.380001068115234,3,-0.13115065162085193,-0.13415065162085194,-0.13415065162085194,1.0,0.2326355346270697,calm,reactive,shake_out,0.46837222351273455,1.165422791249635,-0.08624913083163666,0.8399774353714283,0.062307882954480955,0.09465492374096729,
STRL,2024-03-25,2025-04-29,111.54000091552734,149.27999877929688,4,0.3383539318091917,0.3353539318091917,0.3353539318091917,1.0,0.18509618821775864,calm,balanced,growth,0.2508691623408903,1.9329477911066495,-0.004373809418090291,0.7476077216660213,0.01769735325622865,0.09090696580270441,
IP,2024-03-25,2025-04-29,37.73898696899414,45.69241714477539,4,0.21074837494487286,0.20774837494487286,0.20774837494487286,1.0,0.18259801891006083,calm,balanced,transition,0.14168661117402492,0.25223625845861286,0.0,0.9130634397494548,0.028912888654933844,0.09090696580270441,
FDX,2024-03-26,2025-04-30,276.9090576171875,205.7570037841797,1,-0.25695098038783504,-0.25995098038783504,-0.25995098038783504,1.0,0.15754077051326681,calm,balanced,transition,0.14816976261578185,0.34164503352502384,0.0,1.87793972475466,0.01849550353641056,0.0909361534678621,
FCX,2024-03-27,2025-05-01,44.57816696166992,35.99148178100586,1,-0.19262086725206162,-0.19562086725206163,-0.19562086725206163,1.0,0.15611860375835668,calm,reactive,shake_out,0.09401832866332205,0.2138325968493262,-0.007785546012199052,0.7503969389415336,0.025209942884133765,0.10661570157915179,
NEM,2024-03-27,2025-05-01,34.016815185546875,50.82929229736328,1,0.49424018739296094,0.49124018739296094,0.49124018739296094,1.0,0.15148939180916743,calm,balanced,declining,-0.13155495641999748,-0.24747644846984362,-0.29675839304873664,0.6396882576695726,0.022992719584781995,0.10661570157915179,
ADM,2024-03-27,2025-05-01,58.624515533447266,45.95902633666992,1,-0.2160442449976624,-0.2190442449976624,-0.2190442449976624,1.0,0.15322690878658646,calm,reactive,mature,-0.12608983835801113,-0.1762767308272627,-0.2624624034025641,0.5973112144884286,0.013563237249633884,0.10661570157915179,
MMM,2024-04-01,2025-05-06,90.26274108886719,135.52256774902344,1,0.5014231355504282,0.49842313555042816,0.49842313555042816,1.0,0.18919117699756083,calm,reactive,transition,0.05681489094748837,0.16406423876597898,0.0,1.5253073075271844,0.02311255185421144,0.1183893596789225,
COP,2024-04-02,2025-05-07,122.78095245361328,84.80526733398438,1,-0.3092962251940189,-0.3122962251940189,-0.3122962251940189,1.0,0.15221263482384384,calm,balanced,growth,0.12934152747100436,0.3607778204599512,0.0,0.8451755758425056,0.009004543286638338,0.1082699199621453,
DVN,2024-04-02,2025-05-07,48.716102600097656,29.525346755981445,1,-0.39393044229440766,-0.39693044229440766,-0.39693044229440766,1.0,0.15224056173647976,calm,reactive,growth,0.13416536855436179,0.07332721810926612,-0.024755918528931442,0.9116541836519629,0.0087612566343386,0.1082699199621453,
TKO,2024-04-08,2025-05-13,94.29641723632812,162.21791076660156,1,0.7202977114183122,0.7172977114183122,0.7172977114183122,1.0,0.1574367607263018,calm,reactive,transition,0.17487753236193204,-0.00720704699035124,-0.14138991849622462,1.0658055854254334,0.023404588508288374,0.0883114407740524,
FSLR,2024-04-10,2025-05-15,185.2899932861328,186.17999267578125,2,0.0048032782227698245,0.0018032782227698245,0.0018032782227698245,1.0,0.1603839712799165,calm,reactive,shake_out,0.24272290879379033,-0.11779272312028766,-0.20026763635175782,1.0433056583434395,0.02946086045125688,0.08280776626577091,
ALK,2024-04-17,2025-05-22,42.720001220703125,50.11000061035156,7,0.1729868721554968,0.1699868721554968,0.1699868721554968,1.0,0.1713617416511169,calm,balanced,declining,0.19229693099475975,0.0039953463382087495,-0.24174651925802582,1.8940697790996892,0.022076038256384125,0.032399346321845934,
UAL,2024-04-17,2025-05-22,48.7400016784668,76.0,7,0.5592941605001338,0.5562941605001338,0.5562941605001338,1.0,0.16535449275253025,calm,reactive,transition,0.2037540048902362,0.13243495914711034,-0.15396630511909726,5.492500003049523,0.04624321302307287,0.032399346321845934,
BLKB,2024-04-22,2025-05-27,78.62999725341797,62.209999084472656,4,-0.208826131788165,-0.211826131788165,-0.211826131788165,1.0,0.15606423600565392,calm,balanced,shake_out,-0.058886961324130405,0.17709571349112174,-0.10393165523170411,0.6138081807713489,0.0224223002202795,0.024459335787699432,
KEX,2024-04-25,2025-05-30,112.16000366210938,110.63999938964844,7,-0.013552106123677299,-0.016552106123677298,-0.016552106123677298,1.0,0.20459678931285094,calm,balanced,transition,0.42588352962583187,0.6840841776549234,0.0,3.0111448004589034,0.028234584868295862,0.041845784078039516,
EXPO,2024-04-26,2025-06-02,92.54359436035156,75.8577651977539,3,-0.18030236752665363,-0.18330236752665363,-0.18330236752665363,1.0,0.1912370558988456,calm,reactive,transition,0.06237744324169836,0.0011512946803484692,-0.04849121143466584,3.690764761393705,0.04648008385620754,0.03949500974185893,
GOOGL,2024-04-26,2025-06-02,170.54046630859375,168.44593811035156,3,-0.012281707934655994,-0.015281707934655994,-0.015281707934655994,1.0,0.17636497211119506,calm,reactive,shake_out,0.21812109539718305,0.5981966532010041,0.0,2.2272439598364318,0.026997307108015737,0.03949500974185893,
GOOG,2024-04-26,2025-06-02,172.27561950683594,169.78305053710938,3,-0.014468495175706808,-0.017468495175706807,-0.017468495175706807,1.0,0.17676820669355736,calm,reactive,shake_out,0.21708330256557296,0.6027495406217562,0.0,2.6715500965290673,0.02630327155062702,0.03949500974185893,
RMD,2024-04-29,2025-06-03,213.32521057128906,245.38241577148438,1,0.1502738711207432,0.1472738711207432,0.1472738711207432,1.0,0.18023538771368142,calm,balanced,declining,0.1348797093249321,-0.08936381614562328,-0.08936381614562328,1.6604142002736735,0.04782876274174384,0.03177504642187934,
TSLA,2024-04-29,2025-06-03,194.0500030517578,344.2699890136719,1,0.7741302942512542,0.7711302942512542,0.7711302942512542,1.0,0.16868472131455534,calm,reactive,transition,0.03267521297423359,0.18099936665484173,-0.33848092495291127,2.1459296428642296,0.053816463565658085,0.03177504642187934,
ATI,2024-04-30,2025-06-04,59.70000076293945,82.9800033569336,1,0.38994978721082174,0.38694978721082174,0.38694978721082174,1.0,0.2051676246291994,calm,balanced,growth,0.5458312380648718,0.5743671847492582,0.0,4.605494676367327,0.03855088623823821,0.018790906733511914,
TYL,2024-04-30,2025-06-04,461.54998779296875,577.97998046875,1,0.2522586843356318,0.2492586843356318,0.2492586843356318,1.0,0.15208148927904108,calm,balanced,transition,0.07992693318450717,0.20881561714771024,-0.007846139979115319,1.2494681056825654,0.024587133677651942,0.018790906733511914,
LNTH,2024-04-30,2025-06-04,66.54000091552734,79.62999725341797,1,0.19672371742988704,0.19372371742988703,0.19372371742988703,1.0,0.15870951451175486,calm,reactive,growth,0.23085459166122435,-0.20187119199470915,-0.33226292125798873,1.7711466730838648,0.015071542973304604,0.018790906733511914,
THC,2024-05-01,2025-06-05,115.94999694824219,171.83999633789062,1,0.4820181186774557,0.4790181186774557,0.4790181186774557,1.0,0.18037672247146325,calm,reactive,shake_out,0.31105827394183994,0.6590355982377616,0.0,2.48990248022729,0.03683290304932061,0.012950580918314358,
TTMI,2024-05-02,2025-06-06,16.649999618530273,33.220001220703125,2,0.9951953142228069,0.9921953142228069,0.9921953142228069,1.0,0.170159829873986,calm,reactive,transition,0.1514522527389941,0.4579684332133196,0.0,2.9781428695828858,0.03276991690130624,0.013841702783893073,
HWM,2024-05-02,2025-06-06,76.68233489990234,175.05160522460938,2,1.2828152722933361,1.2798152722933362,1.2798152722933362,1.0,0.18692618443675074,calm,balanced,transition,0.3058943139606345,0.731069023808232,0.0,2.5183716202682334,0.03759235635972038,0.013841702783893073,
AMGN,2024-05-03,2025-06-09,292.89276123046875,283.6440124511719,3,-0.03157725284995794,-0.03457725284995794,-0.03457725284995794,1.0,0.16122015344072277,calm,reserved,mature,0.06401028189286428,0.3875522201968984,-0.03338837734705846,3.643820141941504,0.02891972922465034,0.025986838248799327,
TER,2024-05-03,2025-06-09,119.5184555053711,86.61106872558594,3,-0.27533309931625005,-0.27833309931625005,-0.27833309931625005,1.0,0.1525803294864302,calm,balanced,transition,0.22456028692447783,0.3445874074087425,0.0,1.0606734672183749,0.03387776610392372,0.025986838248799327,
ST,2024-05-07,2025-06-11,40.876792907714844,28.376453399658203,1,-0.3058052899668017,-0.3088052899668017,-0.3088052899668017,1.0,0.1601651842231664,calm,balanced,declining,0.25710414310585117,0.02921469356925588,-0.09818269894656195,1.5976063418185154,0.020124094066084598,0.033027805888498074,
GMED,2024-05-08,2025-06-12,61.72999954223633,60.20000076293945,2,-0.024785335989676027,-0.027785335989676026,-0.027785335989676026,1.0,0.16477317832775262,calm,balanced,declining,0.1837008194832639,0.08967339593162715,-0.01026133398442719,5.44927393994414,0.048929157974613606,0.04734341920400564,
VMI,2024-05-09,2025-06-13,251.4586181640625,319.3558654785156,3,0.2700136022785029,0.2670136022785029,0.2670136022785029,1.0,0.15628299570835155,calm,reactive,shake_out,0.09669232599826771,-0.10558465492623392,-0.14928954626482405,0.9741717499263022,0.04244865891711775,0.04268669803647396,
CACI,2024-05-09,2025-06-13,428.5899963378906,450.67999267578125,3,0.05154109178151556,0.048541091781515555,0.048541091781515555,1.0,0.15209864955150998,calm,reserved,mature,0.19122261919171302,0.39365264539760925,0.0,0.7905665974488283,0.01572308126121963,0.04268669803647396,
GL,2024-05-09,2025-06-13,85.34014129638672,118.7772445678711,3,0.39180979505713687,0.38880979505713686,0.38880979505713686,1.0,0.6099463093413183,calm,balanced,mature,-0.3053974091119799,-0.18740738588277173,-0.3218969977474573,0.5637524694012932,0.04667431476312976,0.04268669803647396,
LDOS,2024-05-09,2025-06-13,143.87255859375,147.73367309570312,3,0.026837046200420156,0.023837046200420157,0.023837046200420157,1.0,0.15700618153139842,calm,reserved,transition,0.21207359419325544,0.8608424621462591,0.0,0.8475741309504417,0.015884950570112886,0.04268669803647396,
UNH,2024-05-10,2025-06-16,490.89569091796875,301.3465576171875,3,-0.38612914476052285,-0.38912914476052285,-0.38912914476052285,1.0,0.16152514565087975,calm,reserved,mature,-0.011611924065955348,0.06540584211508649,-0.06579383250988002,0.6264327348560348,0.01659008682427512,0.03836193912232999,
CHRW,2024-05-10,2025-06-16,79.15650939941406,92.71533966064453,3,0.17129141196479836,0.16829141196479835,0.16829141196479835,1.0,0.15922489677874438,calm,reactive,transition,0.13166808117877915,-0.1427311961439106,-0.1612296949789317,0.6686192685518779,0.03063200522172548,0.03836193912232999,
CRUS,2024-05-10,2025-06-16,106.12999725341797,104.08999633789062,3,-0.019221718348453543,-0.022221718348453542,-0.022221718348453542,1.0,0.15278594675198173,calm,balanced,transition,0.15824512097166,0.35577413015349624,0.0,1.486232687893332,0.034462323937203845,0.03836193912232999,
MTD,2024-05-10,2025-06-16,1510.25,1182.8499755859375,3,-0.21678531661252276,-0.21978531661252276,-0.21978531661252276,1.0,0.16593083863633679,calm,balanced,transition,0.2662447068234719,0.12029705153388814,0.0,3.075652579799648,0.04125671186973595,0.03836193912232999,
BIIB,2024-05-15,2025-06-20,235.32000732421875,127.04000091552734,7,-0.4601393975800179,-0.4631393975800179,-0.4631393975800179,1.0,0.1570592496467331,calm,balanced,transition,0.0642666847932789,-0.23500530369560235,-0.24916242438157865,1.3088110744429193,0.016770882802050285,0.06550847293164597,
DY,2024-05-23,2025-06-27,177.22000122070312,245.7100067138672,14,0.38646882418124573,0.3834688241812457,0.3834688241812457,1.0,0.18185412764442538,calm,balanced,transition,0.4010594055948211,0.8266337595608262,0.0,1.9567869948001726,0.024760832616011398,0.03366576409044564,
HPQ,2024-05-30,2025-07-07,35.2810173034668,24.396718978881836,4,-0.3085029615491117,-0.3115029615491117,-0.3115029615491117,1.0,0.2981655121639493,calm,reactive,transition,0.28038937585097234,0.3680415286015011,0.0,4.6650731707317075,0.03898776002982758,0.025607515504256995,
BBY,2024-06-04,2025-07-09,79.66706848144531,69.54501342773438,6,-0.12705444353168827,-0.13005444353168827,-0.13005444353168827,1.0,0.15466167679620774,calm,reactive,transition,0.16385381132591958,0.26726065731369975,0.0,1.113539424179627,0.03432492324193241,0.033880800542591905,
VFC,2024-06-24,2025-07-29,14.173909187316895,12.20179271697998,4,-0.1391370894418884,-0.1421370894418884,-0.1421370894418884,1.0,0.16172741788924416,calm,reactive,transition,-0.03467140981915706,-0.1660386228434303,-0.26966966338336906,0.9153650074016849,0.028030531971531842,0.03683043876683656,
TTC,2024-06-27,2025-08-01,89.1256332397461,71.93817901611328,1,-0.19284524102509226,-0.19584524102509226,-0.19584524102509226,1.0,0.15174192962678265,calm,balanced,transition,0.06337643928749204,-0.06397789932182141,-0.10751803013171168,0.5978111104684986,0.03783585884198781,0.05207337452586547,
ADSK,2024-06-28,2025-08-04,247.4499969482422,302.5,3,0.22246920077057974,0.21946920077057974,0.21946920077057974,1.0,0.15026027214897986,calm,reactive,transition,0.010783870822173247,0.20016493228495813,-0.07210888051477526,0.8719772708505998,0.022896262483602648,0.06086210236393619,
ADBE,2024-06-28,2025-08-04,555.5399780273438,338.8500061035156,3,-0.3900528863706054,-0.3930528863706054,-0.3930528863706054,1.0,0.17087184840411565,calm,reactive,transition,0.14048160525059483,0.14835560419942384,-0.12480312325839804,1.0220562739018348,0.03491959585762532,0.06086210236393619,
ORCL,2024-07-01,2025-08-05,140.1039581298828,253.66824340820312,1,0.81057156981276,0.80757156981276,0.80757156981276,1.0,0.15433407151559891,calm,reactive,shake_out,0.14933358051118617,0.218766840940815,-0.010716369393776626,0.535915910831719,0.03250139137377097,0.052023889317133865,
GWRE,2024-07-01,2025-08-05,138.99000549316406,223.05999755859375,1,0.604863578263291,0.601863578263291,0.601863578263291,1.0,0.15471168324250087,calm,balanced,transition,0.20296005185928023,0.8268927727132425,0.0,0.5390559788901155,0.04265547126331987,0.052023889317133865,
AVGO,2024-07-03,2025-08-07,169.99855041503906,302.0278015136719,1,0.7766492759867247,0.7736492759867247,0.7736492759867247,1.0,0.1731566488401915,calm,balanced,growth,0.300305006682416,1.0416781049985726,-0.05148490254435778,0.7442836079331385,0.03773393170583476,0.0627860852626867,
GLW,2024-07-09,2025-08-13,43.203948974609375,65.1288070678711,1,0.5074734743841769,0.5044734743841769,0.5044734743841769,1.0,0.17538472882371628,calm,balanced,transition,0.42937413950666037,0.3203869459825721,0.0,2.105460372933146,0.03281126158944896,0.08852889196572411,
WHR,2024-07-11,2025-08-15,97.47530364990234,85.05013275146484,2,-0.1274699378528168,-0.1304699378528168,-0.1304699378528168,1.0,0.17165620302329743,calm,balanced,declining,0.04667325274116885,-0.2687662386273806,-0.2687662386273806,0.5460071294482415,0.045555243089294754,0.10554080273067323,
AAON,2024-07-11,2025-08-15,87.92426300048828,79.26805877685547,2,-0.09845068844745097,-0.10145068844745098,-0.10145068844745098,1.0,0.16934068771373773,calm,balanced,shake_out,0.007362558980715361,0.3760623910623597,-0.06141579311419321,0.3843537700595383,0.023689920135462072,0.10554080273067323,
CHTR,2024-07-15,2025-08-19,324.5899963378906,267.010009765625,1,-0.17739297951846367,-0.18039297951846367,-0.18039297951846367,1.0,0.1531538969867473,calm,balanced,transition,0.2488553413275587,-0.13551017316268887,-0.28775812759096897,1.3440695520254402,0.02169685386783926,0.12374480817759403,
CRS,2024-07-16,2025-08-20,121.3868637084961,239.55523681640625,2,0.9734856762728876,0.9704856762728876,0.9704856762728876,1.0,0.19247347135637466,calm,reactive,growth,0.5705290628571169,1.2139723580793773,0.0,1.2212682781997675,0.02270576908955265,0.14091761758486054,
STT,2024-07-16,2025-08-20,80.47721099853516,109.6241226196289,2,0.3621759658349031,0.3591759658349031,0.3591759658349031,1.0,0.16409094226579404,calm,reactive,transition,0.16693921739038076,0.3240113431361442,0.0,2.4985218976966497,0.017748316948721546,0.14091761758486054,
MOG-A,2024-07-16,2025-08-20,193.15188598632812,190.7900390625,2,-0.012227925768197312,-0.015227925768197311,-0.015227925768197311,1.0,0.15487995787513043,calm,reactive,mature,0.2693743921827152,0.7493736320496409,0.0,1.4434435285119402,0.019131221525791595,0.14091761758486054,
NXST,2024-07-16,2025-08-20,168.14468383789062,198.96173095703125,2,0.18327696371805335,0.18027696371805335,0.18027696371805335,1.0,0.15634342347580968,calm,balanced,transition,0.1021540328956001,0.06420747638604452,0.0,0.9138762637974214,0.015310658722865826,0.14091761758486054,
SYF,2024-07-16,2025-08-20,50.0916748046875,70.99800109863281,2,0.4173612955737893,0.4143612955737893,0.4143612955737893,1.0,0.19140309789690962,calm,balanced,transition,0.2508364243304009,0.49774600679408754,0.0,1.489205124354833,0.020764953550796095,0.14091761758486054,
TFC,2024-07-17,2025-08-21,39.70570373535156,43.129390716552734,3,0.08622657852939475,0.08322657852939475,0.08322657852939475,1.0,0.16660299937374598,calm,reactive,transition,0.1475715867044758,0.3284641162199913,0.0,1.2325658143131624,0.014388296172769327,0.11528956823858483,
PNC,2024-07-17,2025-08-21,169.24496459960938,189.3170166015625,3,0.11859763183760585,0.11559763183760585,0.11559763183760585,1.0,0.16088305794461577,calm,balanced,transition,0.16354901164342284,0.4393472531441167,0.0,1.2708292005554453,0.015170886873794922,0.11528956823858483,
CPAY,2024-07-17,2025-08-21,297.5199890136719,317.6600036621094,3,0.0676929799412973,0.0646929799412973,0.0646929799412973,1.0,0.15109481574711883,calm,balanced,transition,-0.011232984218588205,0.14549715638880478,-0.058898034959199874,0.5140081140847278,0.012419676381625748,0.11528956823858483,
EPAM,2024-07-17,2025-08-21,211.30999755859375,166.39999389648438,3,-0.21253137182804782,-0.21553137182804782,-0.21553137182804782,1.0,0.17806739507799677,calm,reactive,transition,-0.14432071200680419,-0.14000247533806276,-0.32838574109516816,0.8457424625272919,0.023068777259917028,0.11528956823858483,
GILD,2024-07-18,2025-08-22,69.86140441894531,112.59120178222656,1,0.6116366786307206,0.6086366786307206,0.6086366786307206,1.0,0.15452343358801754,calm,balanced,mature,0.11012199204718853,-0.02986873647802013,-0.13880513563982244,0.9319223070990488,0.01356861881467098,0.09348888332075367,
WBD,2024-07-18,2025-08-22,8.520000457763672,12.050000190734863,1,0.41431919522428573,0.4113191952242857,0.4113191952242857,1.0,0.18887505876983995,calm,reactive,declining,0.009478777412064598,-0.35843368756925,-0.41119555628639093,2.0797783756814696,0.024541775641777487,0.09348888332075367,
EXLS,2024-07-18,2025-08-22,34.41999816894531,44.04999923706055,1,0.27977924405596544,0.27677924405596543,0.27677924405596543,1.0,0.15693891861087617,calm,reactive,mature,0.16205257237380088,0.05537498754322434,-0.0005807334077000403,0.7672908207480111,0.012933033256622622,0.09348888332075367,
TMHC,2024-07-18,2025-08-22,64.62999725341797,69.44000244140625,1,0.07442372570631517,0.07142372570631517,0.07142372570631517,1.0,0.15255728144738093,calm,balanced,growth,0.13187388757478913,0.2515491482823964,-0.010108801544715718,0.7969679093296302,0.02558265911644721,0.09348888332075367,
HBAN,2024-07-19,2025-08-25,13.882547378540039,16.815526962280273,4,0.2112709939873212,0.20827099398732118,0.20827099398732118,1.0,0.16708997551158847,calm,balanced,transition,0.09364549324165994,0.3181849299438637,0.0,1.3586069189949297,0.017801770301800808,0.08544987059410025,
VICR,2024-07-24,2025-08-28,37.970001220703125,52.130001068115234,1,0.3729259781980565,0.3699259781980565,0.3699259781980565,1.0,0.1923546053121899,calm,reactive,declining,0.10699714476020183,-0.3608819842076284,-0.6009039156580613,1.6466250128034416,0.03196690551195625,0.060779834463265514,
MAT,2024-07-24,2025-08-28,18.93000030517578,18.459999084472656,1,-0.024828378929007133,-0.027828378929007132,-0.027828378929007132,1.0,0.15294238171804006,calm,balanced,transition,0.02379667601429114,-0.1058100974513696,-0.15188169516124783,1.8733205515343212,0.0469970184908889,0.060779834463265514,
BLD,2024-07-24,2025-08-28,436.80999755859375,425.4599914550781,1,-0.025983851484519094,-0.028983851484519093,-0.028983851484519093,1.0,0.1586511990337427,calm,reactive,growth,0.054739899812387804,0.6187140547665266,-0.061592362187549377,0.5908270603345961,0.031214555753490542,0.060779834463265514,
UFPI,2024-07-25,2025-08-29,122.22734069824219,100.23808288574219,1,-0.1799045752520102,-0.1829045752520102,-0.1829045752520102,1.0,0.15328529732535962,calm,reactive,growth,0.11256714918289012,0.24331245208240682,-0.01293178737696521,1.0714133869984837,0.027013396420004276,0.07219075790356966,
TOL,2024-07-25,2025-08-29,130.83956909179688,138.21746826171875,1,0.05638889841302941,0.053388898413029406,0.053388898413029406,1.0,0.1619475316158732,calm,balanced,growth,0.11596822523064731,0.6707801762398229,-0.01900608763628997,0.8793346866241949,0.029164152225102144,0.07219075790356966,
THO,2024-07-25,2025-08-29,98.42601776123047,107.80545806884766,1,0.09529431872749905,0.09229431872749905,0.09229431872749905,1.0,0.15087300311266472,calm,reactive,transition,0.0349865360802164,-0.07602365358590757,-0.19910570524962823,1.986860676120707,0.026299870067690648,0.07219075790356966,
SHW,2024-07-25,2025-08-29,337.6617736816406,364.1717834472656,1,0.07851054466893714,0.07551054466893714,0.07551054466893714,1.0,0.15819790135276166,calm,balanced,transition,0.14654524586603346,0.2311816004101972,-0.010979737354785524,1.357553502414166,0.021864951769564916,0.07219075790356966,
GHC,2024-07-25,2025-08-29,800.4677124023438,1080.4593505859375,1,0.3497850492223975,0.3467850492223975,0.3467850492223975,1.0,0.15995642353544354,calm,balanced,mature,0.15898917060666706,0.4068382816334084,0.0,0.753968253968254,0.020231854188681613,0.07219075790356966,
POOL,2024-07-25,2025-08-29,349.6246032714844,307.3500671386719,1,-0.12091407680479005,-0.12391407680479005,-0.12391407680479005,1.0,0.15765230317033022,calm,balanced,transition,-0.003978002574277828,-0.060499522520664484,-0.13815342066572345,2.1112221112221112,0.03151671721930194,0.07219075790356966,
PNR,2024-07-25,2025-08-29,84.57613372802734,106.69366455078125,1,0.2615103084976378,0.2585103084976378,0.2585103084976378,1.0,0.16074954285005455,calm,balanced,shake_out,0.09190722618726443,0.3030992438646656,-0.012386723124808263,1.4070082666755916,0.02881754790220012,0.07219075790356966,
PEGA,2024-07-25,2025-08-29,34.34637451171875,54.11632537841797,1,0.5756051736975571,0.5726051736975571,0.5726051736975571,1.0,0.19483812154508895,calm,reactive,declining,0.16062232803898602,0.2531443272531837,0.0,3.7931474197377066,0.03445912416014116,0.07219075790356966,
LEN,2024-07-25,2025-08-29,161.00045776367188,131.29029846191406,1,-0.1845346262640355,-0.1875346262640355,-0.1875346262640355,1.0,0.16239081442813122,calm,balanced,growth,0.13362210025288945,0.36441974544420286,-0.007935238629287356,0.7394220826909673,0.0255675486871296,0.07219075790356966,
MLI,2024-07-25,2025-08-29,66.85452270507812,95.18049621582031,1,0.4236956957377336,0.4206956957377336,0.4206956957377336,1.0,0.21343672360031157,calm,balanced,growth,0.22615809610112003,0.6922443496622177,0.0,1.2168328544870712,0.021028182482601365,0.07219075790356966,
MTB,2024-07-25,2025-08-29,164.90994262695312,197.2088165283203,1,0.19585765046581383,0.19285765046581382,0.19285765046581382,1.0,0.1645045048290777,calm,balanced,transition,0.21247284917384412,0.2844260017536824,0.0,0.9752565432952842,0.015088632974738557,0.07219075790356966,
TRU,2024-07-25,2025-08-29,83.04156494140625,88.12547302246094,1,0.06122124606685664,0.058221246066856636,0.058221246066856636,1.0,0.15248565231755695,calm,balanced,declining,0.14958831259388106,0.03480031765344882,0.0,2.5222410419167587,0.025386601044127925,0.07219075790356966,
BIO,2024-07-26,2025-09-02,319.4200134277344,290.7099914550781,4,-0.08988172552046936,-0.09288172552046936,-0.09288172552046936,1.0,0.16347326545775065,calm,reactive,declining,0.1655112613048999,-0.24333159060092746,-0.24333159060092746,0.9784641370573687,0.025111832382096202,0.08781899153533246,
BMY,2024-07-26,2025-09-02,46.494449615478516,45.7492790222168,4,-0.016027087091566417,-0.019027087091566416,-0.019027087091566416,1.0,0.21058232887658523,calm,reactive,transition,0.15849600004562414,-0.12817105592291544,-0.1575787350757083,2.1398722667439993,0.03069066766138289,0.08781899153533246,
SWK,2024-07-26,2025-09-02,88.6346206665039,70.109619140625,4,-0.20900412712974725,-0.21200412712974726,-0.21200412712974726,1.0,0.16289997854345772,calm,balanced,transition,0.04817142510685146,0.005779185323082192,-0.048678908249380926,2.3108452351771236,0.025196155501065586,0.08781899153533246,
PHM,2024-07-26,2025-09-02,128.2595977783203,131.32337951660156,4,0.02388734871581777,0.02088734871581777,0.02088734871581777,1.0,0.17756513150925438,calm,balanced,growth,0.16452900290778238,0.565849492091228,0.0,1.0604853011746542,0.027980559387096426,0.08781899153533246,
NSC,2024-07-26,2025-09-02,238.36871337890625,275.7003479003906,4,0.15661297991797585,0.15361297991797584,0.15361297991797584,1.0,0.1690382740273223,calm,balanced,transition,0.07848006676169872,0.076676952087674,-0.05493126294674733,2.473852765553007,0.028298902290581653,0.08781899153533246,
MAS,2024-07-26,2025-09-02,75.14447021484375,71.71168518066406,4,-0.045682470371606776,-0.04868247037160678,-0.04868247037160678,1.0,0.161201241735792,calm,balanced,mature,0.13408689372348248,0.27168265027751026,-0.013999744924058866,1.299429536652432,0.026081968111052005,0.08781899153533246,
ENSG,2024-07-26,2025-09-02,142.39346313476562,172.3472900390625,4,0.21035956458161031,0.2073595645816103,0.2073595645816103,1.0,0.17103935882509272,calm,reserved,mature,0.1960730130321089,0.5831973624172966,0.0,1.058825872231958,0.0164596948461186,0.08781899153533246,
GNRC,2024-07-26,2025-09-02,159.42999267578125,179.50999450683594,4,0.12594870948711412,0.12294870948711412,0.12294870948711412,1.0,0.1642800103700821,calm,reactive,declining,0.24915769103420282,0.07129407895033646,-0.0021905501701692254,0.8645036927941782,0.020854144314943264,0.08781899153533246,
FBIN,2024-07-26,2025-09-02,76.42890167236328,56.90210723876953,4,-0.25548966433276177,-0.25848966433276177,-0.25848966433276177,1.0,0.19300298631407553,calm,balanced,transition,0.11106035137126713,0.06183803319189529,-0.06687712417095215,1.920788625765854,0.033507759634442684,0.08781899153533246,
UHS,2024-07-29,2025-09-02,215.92984008789062,181.18499755859375,4,-0.16090801769294405,-0.16390801769294405,-0.16390801769294405,1.0,0.1646577513928322,calm,balanced,transition,0.2811781802102786,0.5754229101750823,0.0,1.06108672075719,0.02826428260517228,0.07885546154349021,
ON,2024-07-29,2025-09-02,78.2699966430664,48.939998626708984,4,-0.37472849462496605,-0.37772849462496605,-0.37772849462496605,1.0,0.1526739058672802,calm,balanced,growth,0.11798306320235574,-0.2552098261435961,-0.2758812166262504,3.1693241580147413,0.04487372259343753,0.07885546154349021,
TREX,2024-07-30,2025-09-03,84.5,59.7599983215332,1,-0.29278108495226973,-0.29578108495226973,-0.29578108495226973,1.0,0.16602655518038864,calm,reactive,transition,-0.08162158419593468,0.22215795119968207,-0.15584414297622762,0.8156701265678665,0.028577978773796843,0.060191603008804107,
CRH,2024-07-30,2025-09-03,82.49454498291016,111.51715850830078,1,0.3518125171961739,0.3488125171961739,0.3488125171961739,1.0,0.15143188384075515,calm,reactive,mature,0.04958021547761038,0.4353944239090515,-0.03178638477767948,0.9829521227911912,0.018059679952887164,0.060191603008804107,
SSD,2024-07-30,2025-09-03,189.47007751464844,186.68130493164062,1,-0.014718802143268261,-0.01771880214326826,-0.01771880214326826,1.0,0.16613141884980517,calm,reactive,growth,0.06084462366239052,0.22124090421178289,-0.10473233091456291,0.6843318742272864,0.022789273841858776,0.060191603008804107,
EFX,2024-07-30,2025-09-03,274.56488037109375,236.29600524902344,1,-0.13938008047623296,-0.14238008047623296,-0.14238008047623296,1.0,0.17049249865534855,calm,balanced,transition,0.2275666278464581,0.37294810880405405,0.0,0.9167183905947643,0.019350632823961034,0.060191603008804107,
FFIV,2024-07-30,2025-09-03,200.66000366210938,309.0299987792969,1,0.5400677421479136,0.5370677421479136,0.5370677421479136,1.0,0.17375983927957336,calm,balanced,transition,0.2092322568993743,0.26807379105391815,0.0,4.967772156642308,0.03236829336260344,0.060191603008804107,
NVR,2024-07-30,2025-09-03,8661.98046875,8190.22998046875,1,-0.054462197182641225,-0.05746219718264123,-0.05746219718264123,1.0,0.15480931186444935,calm,balanced,mature,0.14175490726997197,0.37351351146277567,0.0,0.7882769075290551,0.02053502320879842,0.060191603008804107,
WTS,2024-07-30,2025-09-03,204.6288604736328,274.7667541503906,1,0.3427566058591005,0.3397566058591005,0.3397566058591005,1.0,0.1504308300315507,calm,balanced,shake_out,0.015683824471677044,0.12081143377420367,-0.04483906171052032,1.2132707959718583,0.01715384141108867,0.060191603008804107,
CNC,2024-07-30,2025-09-03,77.0999984741211,30.059999465942383,1,-0.6101167307281836,-0.6131167307281836,-0.6131167307281836,1.0,0.17842010371498362,calm,reserved,mature,0.030610894135288946,0.1323249026408979,-0.04116409696854695,1.4975536251373271,0.028124853303578855,0.060191603008804107,
NDAQ,2024-07-30,2025-09-03,67.66631317138672,92.9320297241211,1,0.3733869242844783,0.3703869242844783,0.3703869242844783,1.0,0.15417422071005957,calm,reactive,mature,0.14065192445390284,0.3916868404551985,0.0,4.163719555391339,0.017424545840527328,0.060191603008804107,
BX,2024-07-30,2025-09-03,134.8345947265625,163.96224975585938,1,0.21602508679887555,0.21302508679887555,0.21302508679887555,1.0,0.16055617767596556,calm,balanced,growth,0.20485568080020844,0.38825652169985436,-0.010159161655490911,0.7324341523227118,0.018123010760609282,0.060191603008804107,
IQV,2024-07-30,2025-09-03,245.57000732421875,184.6199951171875,1,-0.248198112103164,-0.251198112103164,-0.251198112103164,1.0,0.17321444682106998,calm,balanced,mature,0.09938672468244603,0.0974705637862201,-0.05221921443680466,1.0350565830405034,0.02838502730145954,0.060191603008804107,
AN,2024-07-31,2025-09-04,190.72000122070312,225.66000366210938,1,0.1832005149841276,0.1802005149841276,0.1802005149841276,1.0,0.17121209785561542,calm,reactive,growth,0.1458783851426848,0.19214905809547078,0.0,2.213163320930012,0.024642911575932142,0.06592871961543256,
PAG,2024-07-31,2025-09-04,164.98016357421875,183.3684539794922,1,0.11145758379007309,0.10845758379007309,0.10845758379007309,1.0,0.1686691939004565,calm,balanced,growth,0.13793721134899806,0.09388512776599023,0.0,2.483258315951257,0.021886532180711807,0.06592871961543256,
LMT,2024-07-31,2025-09-04,517.49365234375,451.0306091308594,1,-0.1284325767318628,-0.13143257673186282,-0.13143257673186282,1.0,0.15284862765096874,calm,reserved,mature,0.17890519255547233,0.23468664020637187,0.0,1.3721594724387205,0.01460293413997021,0.06592871961543256,
RH,2024-07-31,2025-09-04,290.0799865722656,235.24000549316406,1,-0.18905123971880655,-0.19205123971880655,-0.19205123971880655,1.0,0.15076629432269487,calm,reactive,declining,0.03312197390626426,-0.2568149694378564,-0.27812067186973255,0.8971646212441812,0.038896835741929946,0.06592871961543256,
TMO,2024-08-01,2025-09-05,618.114501953125,491.3027038574219,1,-0.2051590727850614,-0.2081590727850614,-0.2081590727850614,1.0,0.15684629950002293,calm,balanced,transition,0.08609948237762044,0.12584981906916504,0.0,0.8569354947712361,0.016733992672759244,0.0499219250763101,
TECH,2024-08-01,2025-09-05,81.6010971069336,54.26369094848633,1,-0.3350127281085835,-0.3380127281085835,-0.3380127281085835,1.0,0.15300859426802974,calm,balanced,transition,0.06419834036456251,0.00857355781620961,-0.024605512470145974,0.8929409171325055,0.021599427300251012,0.0499219250763101,
DHR,2024-08-01,2025-09-05,277.8177185058594,199.1561279296875,1,-0.2831410141844961,-0.2861410141844961,-0.2861410141844961,1.0,0.16875141218468953,calm,balanced,mature,0.1298500246639953,0.23357672344113012,0.0,0.6697825185631903,0.01665295114058552,0.0499219250763101,
LAD,2024-08-01,2025-09-05,291.7237243652344,339.7231140136719,1,0.1645371481283533,0.1615371481283533,0.1615371481283533,1.0,0.18051484618145613,calm,reactive,transition,0.12350473850597621,-0.020243397570820942,-0.09940657627446947,2.2618713585422614,0.02876901423970684,0.0499219250763101,
MIDD,2024-08-01,2025-09-05,144.36000061035156,144.42999267578125,1,0.00048484389812797346,-0.0025151561018720266,-0.0025151561018720266,1.0,0.19648637269283598,calm,balanced,transition,0.017838248231220932,0.0029178696805725046,-0.10218293029307712,2.8604405797922436,0.028143274298787945,0.0499219250763101,
ABBV,2024-08-01,2025-09-05,178.91290283203125,207.6316375732422,1,0.16051796313524092,0.1575179631352409,0.1575179631352409,1.0,0.15753441729304518,calm,reserved,mature,0.17780830809760317,0.31905030289735237,0.0,1.2813937087269993,0.015977144746798864,0.0499219250763101,
TTEK,2024-08-02,2025-09-08,45.46928405761719,35.58586502075195,3,-0.21736473845379423,-0.22036473845379423,-0.22036473845379423,1.0,0.1639407328895778,normal,reactive,transition,0.08696326201874327,0.36830368340532726,-0.010667395085051767,1.9076579167967915,0.0243943793498426,0.030628420680497204,
OPCH,2024-08-02,2025-09-08,31.610000610351562,29.59000015258789,3,-0.0639038411502646,-0.0669038411502646,-0.0669038411502646,1.0,0.1893005580157689,normal,reactive,growth,0.04599607308339082,-0.05950609829456588,-0.10832158166276673,1.1761252049968618,0.025421290777451998,0.030628420680497204,
LOW,2024-08-02,2025-09-08,232.53768920898438,269.17742919921875,3,0.15756473763401768,0.15456473763401768,0.15456473763401768,1.0,0.15719591440433006,normal,balanced,mature,0.04100423817615528,0.08236623841263446,-0.06995953787951048,0.9033014010609433,0.017363713446278965,0.030628420680497204,
LH,2024-08-02,2025-09-08,231.4071502685547,275.7782287597656,3,0.19174463036132217,0.18874463036132216,0.18874463036132216,1.0,0.16204414342988524,normal,reactive,mature,0.17486889003062234,0.1115202553517407,0.0,1.8536275057407063,0.024642639387569814,0.030628420680497204,
PCTY,2024-08-02,2025-09-08,158.08999633789062,173.00999450683594,3,0.09437661151598964,0.09137661151598964,0.09137661151598964,1.0,0.20215557816323645,normal,balanced,declining,-0.06055385378728628,-0.2567465979966149,-0.2567465979966149,2.0450088532642843,0.02874780784637314,0.030628420680497204,
WCC,2024-08-06,2025-09-10,150.362548828125,213.59169006347656,1,0.4205112358638383,0.4175112358638383,0.4175112358638383,1.0,0.15809030478549707,crisis,reactive,growth,-0.12933741567967705,0.002637298234475338,-0.20796281038267217,0.8660711704680137,0.03486434494849095,0.0033219743103272137,
TEX,2024-08-06,2025-09-10,53.79148483276367,52.220237731933594,1,-0.029209959637943483,-0.032209959637943486,-0.032209959637943486,1.0,0.16517494731654633,crisis,reactive,shake_out,-0.11410226987374816,-0.11630853985167822,-0.17480531041603609,0.6484871124392977,0.04797571604111335,0.0033219743103272137,
STE,2024-08-06,2025-09-10,235.60166931152344,243.2114715576172,1,0.03229944112166594,0.02929944112166594,0.02929944112166594,1.0,0.15770003752494302,crisis,balanced,mature,0.03632460677041105,0.06741649855052101,-0.014097348525384912,1.874182027905326,0.01377010617485925,0.0033219743103272137,
XPO,2024-08-06,2025-09-10,111.08000183105469,130.2899932861328,1,0.17293834298180188,0.16993834298180188,0.16993834298180188,1.0,0.18536759762016627,crisis,reactive,growth,-0.029190669387697432,0.5368013794553532,-0.13650495679345276,0.7202693781887592,0.032180444447687875,0.0033219743103272137,
ACM,2024-08-06,2025-09-10,89.36075592041016,124.33558654785156,1,0.3913891536301686,0.38838915363016857,0.38838915363016857,1.0,0.15438759017699047,crisis,balanced,mature,-0.0192968224987059,0.05571239380068849,-0.07041027148572854,2.281547635870333,0.022077416205182894,0.0033219743103272137,
NOW,2024-08-06,2025-09-10,158.58999633789062,184.71400451660156,1,0.16472670901039255,0.16172670901039254,0.16172670901039254,1.0,0.17291930362221883,crisis,reactive,transition,0.08654547492170561,0.42902197618771987,-0.04324376173466249,0.9139579915155278,0.03673980740204956,0.0033219743103272137,
EXEL,2024-08-07,2025-09-11,26.520000457763672,39.06999969482422,1,0.473227715702643,0.470227715702643,0.470227715702643,1.0,0.20968858640957536,normal,balanced,transition,0.2468265109079355,0.2936585589153011,0.0,4.10247018283354,0.03258653737917162,-0.004198076807262141,
FTNT,2024-08-07,2025-09-11,69.93000030517578,80.88999938964844,1,0.1567281429521381,0.1537281429521381,0.1537281429521381,1.0,0.25889381286918295,normal,reactive,growth,0.17273183049745167,0.1939559615766131,-0.04297248395733677,3.701322597386258,0.05969958812794375,-0.004198076807262141,
MPWR,2024-08-08,2025-09-12,832.0518798828125,829.6077270507812,1,-0.0029375005226542905,-0.005937500522654291,-0.005937500522654291,1.0,0.16111553896855552,crisis,reactive,shake_out,0.1837058661104869,0.6307150092936609,-0.05167043637799962,1.2065111520646912,0.05722190204453194,0.013843016989631085,
CBOE,2024-08-08,2025-09-12,201.29730224609375,233.6331024169922,1,0.16063702697498972,0.1576370269749897,0.1576370269749897,1.0,0.16443335937857217,crisis,reserved,transition,0.13407203816305402,0.4146109112807548,0.0,1.59142913573586,0.01597166017944449,0.013843016989631085,
HCA,2024-08-12,2025-09-16,356.8214111328125,398.5634765625,1,0.11698307368150251,0.11398307368150251,0.11398307368150251,1.0,0.15597238480398765,normal,balanced,transition,0.12206332630159866,0.35213252751921664,-0.004736732836674529,0.5676613560369778,0.014513538470353752,0.008927533592091974,
SBUX,2024-08-13,2025-09-17,91.69638061523438,82.09368133544922,1,-0.10472277330202251,-0.10772277330202251,-0.10772277330202251,1.0,0.2789804555251527,normal,reactive,transition,0.23185620191948475,-0.03234224352314585,-0.09328461236928676,7.519658836294465,0.06113301415274657,0.02473194006093493,
NOC,2024-08-16,2025-09-22,492.3875427246094,571.9923095703125,4,0.16167096024650207,0.15867096024650207,0.15867096024650207,1.0,0.1518645486217674,normal,reserved,mature,0.0720762060890956,0.2005941151481505,0.0,0.6364089994352048,0.016434852365775635,0.04658748434503446,
PYPL,2024-08-20,2025-09-24,71.50768280029297,67.4991226196289,2,-0.05605775524651235,-0.059057755246512356,-0.059057755246512356,1.0,0.18218401091849817,normal,reactive,declining,0.16628802078067517,0.20803213048103686,0.0,1.5459915412345937,0.029190772145797683,0.05512070203543473,
HALO,2024-08-28,2025-10-02,64.41999816894531,71.69000244140625,10,0.1128532207249513,0.1098532207249513,0.1098532207249513,1.0,0.15503092733921378,normal,reactive,transition,0.45417605594567934,0.4946635835178874,0.0,0.9630680757309832,0.020111581146047077,0.05685522777120333,
WDAY,2024-08-29,2025-10-03,262.3599853515625,236.47999572753906,1,-0.09864305179520516,-0.10164305179520516,-0.10164305179520516,1.0,0.15139850573367847,calm,reactive,transition,0.23486763184046522,0.07904904997187545,-0.1459913653559468,0.5266267629152003,0.032293095999488965,0.04443945688178608,
CAH,2024-09-03,2025-10-08,111.96621704101562,156.9971160888672,6,0.4021829105055481,0.3991829105055481,0.3991829105055481,1.0,0.1502708538517235,calm,reserved,transition,0.1699638686170375,0.3362081885116388,0.0,1.3952919363739917,0.011376538166812061,0.034026608134906544,
LUV,2024-09-03,2025-10-08,28.497873306274414,32.170223236083984,6,0.1288639994410048,0.1258639994410048,0.1258639994410048,1.0,0.1679477927338675,calm,balanced,declining,0.07265707802449395,-0.03624430335623041,-0.14538534409908865,0.9399529070577638,0.018131900091292882,0.034026608134906544,
ACGL,2024-09-03,2025-10-08,107.68925476074219,93.0999984741211,6,-0.1354755060663635,-0.1384755060663635,-0.1384755060663635,1.0,0.15876146147546039,calm,reserved,transition,0.1260812818217647,0.4705881249796837,0.0,1.519472718445803,0.010102400406137902,0.034026608134906544,
LITE,2024-09-04,2025-10-09,55.43000030517578,159.75999450683594,7,1.882193642923692,1.8791936429236922,1.8791936429236922,1.0,0.19253816070955543,normal,reactive,declining,0.18011494282745977,0.04644136356015749,-0.06431467362155585,0.7462922479470276,0.04951520022211956,0.029711998417327523,
COO,2024-09-10,2025-10-15,108.33999633789062,68.76000213623047,1,-0.36533132305282834,-0.36833132305282834,-0.36833132305282834,1.0,0.16003224779073116,calm,reactive,transition,0.15908842326936723,0.23257200109609477,0.0,0.6937248478230096,0.028069556899982792,0.011768156846190037,
ALB,2024-09-12,2025-10-17,85.75340270996094,92.2324447631836,1,0.07555434360005941,0.07255434360005941,0.07255434360005941,1.0,0.15565520005240685,calm,reactive,transition,-0.11091024622138412,-0.5147850671564229,-0.5168574428412962,1.0266259838499012,0.04561595905755174,0.01981581743239147,
CPRI,2024-09-13,2025-10-20,38.220001220703125,21.43000030517578,3,-0.43929880636509466,-0.44229880636509467,-0.44229880636509467,1.0,0.18075992872089555,calm,reactive,transition,0.23489500092255278,-0.27379820549048217,-0.27503792989871656,1.2065470447121727,0.029833408189383938,0.027927161012367474,
SAIA,2024-09-18,2025-10-23,444.2900085449219,291.9800109863281,1,-0.3428166166901181,-0.3458166166901181,-0.3458166166901181,1.0,0.1507154901456942,calm,reactive,growth,-0.04850728954053707,0.1280977368376477,-0.2667513515381128,1.0167160712648595,0.029884904637813868,0.02723565470114342,
DAL,2024-09-18,2025-10-23,46.10157775878906,58.61075210571289,1,0.2713393978048617,0.2683393978048617,0.2683393978048617,1.0,0.15228246590459243,calm,balanced,transition,-0.03537062905693622,0.2019732438477857,-0.11596769710180976,0.8994419403941819,0.015838741771903087,0.02723565470114342,
WYNN,2024-09-26,2025-10-31,89.71573638916016,118.48516845703125,1,0.3206731976548447,0.3176731976548447,0.3176731976548447,1.0,0.16409954863578102,calm,reactive,declining,0.04639410150570611,-0.0017412958341246343,-0.1479155081970016,3.3257239602975277,0.023763430924278166,0.03762856137801873,
LVS,2024-09-26,2025-10-31,46.95425033569336,58.80284118652344,1,0.2523433079246311,0.2493433079246311,0.2493433079246311,1.0,0.19894716610325397,calm,reactive,declining,0.14352606003152402,0.06719331091917646,-0.11555564082323166,2.3320919031684473,0.02400890515210088,0.03762856137801873,
TPL,2024-10-03,2025-11-07,320.82171630859375,326.2504577636719,1,0.016921365291420187,0.013921365291420188,0.013921365291420188,1.0,0.16658726656291314,calm,reactive,growth,0.2377482458135709,0.6928519594344291,0.0,1.0690465908545654,0.02472990058441497,0.020664173152409315,
COHR,2024-10-03,2025-11-07,94.2699966430664,154.50999450683594,1,0.6390155936024444,0.6360155936024444,0.6360155936024444,1.0,0.15551561811387465,calm,reactive,declining,0.2281135229225233,2.051796649586768,0.0,0.8032988606156245,0.02587037669268571,0.020664173152409315,
CAR,2024-10-07,2025-11-11,89.02999877929688,143.8300018310547,4,0.6155229001811584,0.6125229001811584,0.6125229001811584,1.0,0.1652093696166136,normal,reactive,growth,-0.1766392209310571,-0.4755696929549791,-0.542120974792079,0.6802976404164355,0.03248475549246078,0.011493020001579923,
APO,2024-10-07,2025-11-11,131.4459686279297,131.82261657714844,4,0.0028654203179474536,-0.0001345796820525465,-0.0001345796820525465,1.0,0.16153463945084096,normal,balanced,growth,0.10026986773300761,0.5072705353737188,-0.008202231602919108,0.7064120405924726,0.018003025521538957,0.011493020001579923,
IBKR,2024-10-08,2025-11-12,36.61642837524414,72.53263854980469,1,0.9808769388016827,0.9778769388016827,0.9778769388016827,1.0,0.153923611960638,normal,balanced,transition,0.1958672042027132,0.6877072924662135,-0.006596316445181882,0.9076109487648766,0.012864565698188583,0.014809726956429126,
HPE,2024-10-08,2025-11-12,20.162508010864258,23.19009780883789,1,0.15015938475224733,0.14715938475224732,0.14715938475224732,1.0,0.20811689500199715,normal,reactive,transition,-0.014464242661782367,0.2801972220671405,-0.03296564668911406,0.5768687517562345,0.020563040567827724,0.014809726956429126,
STLD,2024-10-09,2025-11-13,127.40662384033203,153.66249084472656,1,0.2060792933128719,0.2030792933128719,0.2030792933128719,1.0,0.15412632092518605,calm,reactive,growth,0.004513484300522785,0.20281899791595626,-0.12140241705550736,0.8874069090165503,0.017732586857139968,0.03646388217088026,
AVAV,2024-10-14,2025-11-18,215.1699981689453,280.95001220703125,1,0.30571183063559526,0.30271183063559526,0.30271183063559526,1.0,0.17464252523377938,calm,reactive,shake_out,0.2775798628919601,0.9294297403686587,-0.018877385599087138,0.754969236436065,0.03501737434577375,0.0530945658408033,
APD,2024-10-18,2025-11-24,319.4983825683594,253.1335906982422,3,-0.20771558008096602,-0.21071558008096603,-0.21071558008096603,1.0,0.15026096163293917,calm,balanced,transition,0.2801211535114301,0.21534143319264487,0.0,0.6840704132062975,0.023143281871349692,0.07429243226239302,
WMB,2024-10-24,2025-11-28,50.063106536865234,59.998390197753906,2,0.19845519681389678,0.19545519681389678,0.19545519681389678,1.0,0.15679437471171284,calm,balanced,transition,0.23359356112461116,0.6017366807567903,0.0,0.9267422047974131,0.011280962531450313,0.06667909180988518,
RJF,2024-10-24,2025-11-28,144.4666290283203,155.4317626953125,2,0.07590080657895504,0.07290080657895504,0.07290080657895504,1.0,0.18493927639306945,calm,balanced,mature,0.3189233067041568,0.6291809239309525,0.0,1.896658208370537,0.019882420518317775,0.06667909180988518,
AAL,2024-10-28,2025-12-02,13.600000381469727,14.239999771118164,1,0.04705877733065722,0.04405877733065722,0.04405877733065722,1.0,0.17798567077330033,calm,reactive,transition,0.46551732465571893,0.24542127165307903,-0.13265305377701242,1.0342170622441684,0.0247481013104447,0.12285950408243429,
GM,2024-10-28,2025-12-02,51.94923400878906,73.339599609375,1,0.411755168458634,0.408755168458634,0.408755168458634,1.0,0.15493552915094272,calm,balanced,transition,0.32319743937765266,0.958487037706705,-0.018611684665033823,0.88492151397119,0.02579469915377558,0.12285950408243429,
RMBS,2024-10-29,2025-12-03,51.0,98.02999877929688,2,0.9221568388097428,0.9191568388097427,0.9191568388097427,1.0,0.17857383337005184,calm,reactive,growth,0.2348668508989986,0.027811388509089152,-0.31071764464838536,3.0016448422446755,0.03687032429613919,0.11314632951100112,
CVNA,2024-10-31,2025-12-05,247.30999755859375,399.7699890136719,1,0.6164732237278707,0.6134732237278707,0.6134732237278707,1.0,0.3299360852598226,normal,reactive,transition,0.8537590193383215,8.51558290636929,0.0,4.2383107325907785,0.045791177741643575,0.07259214681327153,
LULU,2024-11-01,2025-12-08,321.1700134277344,183.0399932861328,3,-0.4300838009980712,-0.4330838009980712,-0.4330838009980712,1.0,0.18216414890350208,normal,reactive,shake_out,0.34538376250594927,-0.2040396197577835,-0.37184375196035846,1.9688466238652849,0.024532133787418926,0.07197382510845296,
SNA,2024-11-05,2025-12-10,321.3183898925781,346.2536926269531,5,0.07760309872930482,0.07460309872930482,0.07460309872930482,1.0,0.15749273644381465,calm,balanced,mature,0.23466350868066987,0.2766209927513994,0.0,0.577035022173301,0.02362112004337521,0.06409680105857185,
AIT,2024-11-06,2025-12-11,265.8404846191406,262.3595886230469,1,-0.013093927364301594,-0.016093927364301593,-0.016093927364301593,1.0,0.1657966758915631,calm,balanced,growth,0.3530095359245513,0.7139594635979969,0.0,2.749069688768606,0.03428785586016724,0.08685826604620184,
VMC,2024-11-06,2025-12-11,287.765869140625,298.7040710449219,1,0.038010768743917955,0.03501076874391795,0.03501076874391795,1.0,0.16507230730725386,calm,reactive,mature,0.2020534634252802,0.4146104871717593,0.0,2.4897194872056985,0.022159656890583978,0.08685826604620184,
COF,2024-11-06,2025-12-11,187.2388458251953,238.3778839111328,1,0.27312194678704915,0.27012194678704915,0.27012194678704915,1.0,0.2111382854260273,calm,balanced,shake_out,0.4047074338235337,0.8532514930851294,0.0,3.697149582305697,0.03849801668696739,0.08685826604620184,
SCI,2024-11-06,2025-12-11,84.91759490966797,78.60643005371094,1,-0.07432105045686477,-0.07732105045686477,-0.07732105045686477,1.0,0.15913562214462432,calm,balanced,mature,0.16359061016608245,0.5101722381447584,0.0,1.3367921346857246,0.019554248256485017,0.08685826604620184,
FAST,2024-11-06,2025-12-11,40.690643310546875,41.52029037475586,1,0.02038913609394677,0.01738913609394677,0.01738913609394677,1.0,0.16085120715660334,calm,reactive,mature,0.26759076770419576,0.4569527722040587,0.0,1.9588498637934055,0.02738856769661977,0.08685826604620184,
HUM,2024-11-06,2025-12-11,282.1105041503906,264.23828125,1,-0.06335185197805715,-0.06635185197805715,-0.06635185197805715,1.0,0.1591686117594771,calm,reserved,transition,-0.18819452390739888,-0.41521518945542346,-0.43787269632443226,2.0096202345729353,0.03310507240332638,0.08685826604620184,
ODFL,2024-11-06,2025-12-11,227.94505310058594,158.6983642578125,1,-0.3037867586984516,-0.3067867586984516,-0.3067867586984516,1.0,0.15070617003742162,calm,reactive,growth,0.19423654388013412,0.1672959895580559,0.0,2.0117944728119097,0.03108482434523796,0.08685826604620184,
MS,2024-11-06,2025-12-11,127.2071762084961,179.3015594482422,1,0.40952393404568577,0.40652393404568576,0.40652393404568576,1.0,0.17270947138769174,calm,reactive,mature,0.33275954213300696,0.8047875751268729,0.0,2.9977009741111407,0.03163572110524103,0.08685826604620184,
LOPE,2024-11-06,2025-12-11,160.14999389648438,158.14999389648438,1,-0.012488292701982484,-0.015488292701982483,-0.015488292701982483,1.0,0.16819878752902345,calm,reserved,transition,0.12536010571249778,0.17222953901523508,0.0,3.9831187234304726,0.033976685769466934,0.08685826604620184,
QLYS,2024-11-06,2025-12-11,159.22999572753906,152.30999755859375,1,-0.04345913681230151,-0.046459136812301516,-0.046459136812301516,1.0,0.23207229819804143,calm,reactive,transition,0.2933961086679613,-0.07521197293013782,-0.2266258866405888,5.2382280157540695,0.05756648216066305,0.08685826604620184,
WH,2024-11-06,2025-12-11,92.71624755859375,74.87625122070312,1,-0.19241499529644257,-0.19541499529644257,-0.19541499529644257,1.0,0.1735884813774613,calm,balanced,mature,0.2962787079905569,0.277707959321535,0.0,1.2673061859760129,0.029949243415010558,0.08685826604620184,
MCK,2024-11-07,2025-12-12,603.7648315429688,813.1241455078125,1,0.346756390944152,0.343756390944152,0.343756390944152,1.0,0.18948369903918993,calm,reserved,transition,0.11528326626882701,0.3252435476305977,-0.03504770581883199,2.656966561582195,0.02862330924629242,0.07755056919105585,
AXON,2024-11-08,2025-12-15,603.1799926757812,551.7899780273438,3,-0.0851984735442981,-0.0881984735442981,-0.0881984735442981,1.0,0.33248985340807036,calm,reactive,growth,0.6141186243545771,1.7963838720893257,0.0,5.921293221186498,0.06687286124057791,0.0794508779875771,
EQT,2024-11-11,2025-12-16,43.335758209228516,53.17012405395508,1,0.22693420517175333,0.22393420517175333,0.22393420517175333,1.0,0.1724324920198104,calm,reactive,growth,0.30978315071072293,0.14414052204278094,0.0,1.4517145724435019,0.029482552940262023,0.07009318373044171,
HAE,2024-11-11,2025-12-16,91.4000015258789,81.11000061035156,1,-0.11258206502998624,-0.11558206502998625,-0.11558206502998625,1.0,0.1897563225851517,calm,reactive,transition,0.22110892971467289,0.061309784148914526,-0.06131253006370785,1.5401943056789973,0.03149356817845044,0.07009318373044171,
EXPE,2024-11-11,2025-12-16,182.4482879638672,284.4029846191406,1,0.5588142141156456,0.5558142141156456,0.5558142141156456,1.0,0.16924882863408933,calm,balanced,transition,0.36069692392184316,0.5530840690673733,0.0,1.0975057910898023,0.020407861884951476,0.07009318373044171,
HGV,2024-11-11,2025-12-16,42.41999816894531,44.75,1,0.05492696679936282,0.05192696679936282,0.05192696679936282,1.0,0.15182938155827305,calm,balanced,transition,0.12879180686710434,0.2613736789073111,-0.1278783161750381,1.3370096441057933,0.02451491996302297,0.07009318373044171,
BKR,2024-11-12,2025-12-17,42.59530258178711,45.11979293823242,1,0.05926687224719318,0.05626687224719318,0.05626687224719318,1.0,0.16648301246930886,calm,balanced,shake_out,0.2836494163449621,0.29964457388264587,-0.009975078484862676,1.0117548043203815,0.02689804714974119,0.06911949522032024,
WST,2024-11-13,2025-12-18,342.57232666015625,268.4142761230469,1,-0.21647414214714655,-0.21947414214714656,-0.21947414214714656,1.0,0.17528649717994277,calm,reactive,transition,0.1311512098945966,-0.007654001169732139,-0.1655344491594879,1.2192869483273128,0.04311995418295888,0.06485314121937713,
TTWO,2024-11-14,2025-12-19,181.47999572753906,247.39999389648438,1,0.36323561671178806,0.36023561671178805,0.36023561671178805,1.0,0.15229307576512757,calm,reactive,transition,0.14354126791020838,0.17890082401820995,-0.002144385550772898,0.6512034957746222,0.017946627291204078,0.06795085948223067,
DIS,2024-11-15,2025-12-22,113.3191146850586,112.37999725341797,4,-0.008287370001527683,-0.011287370001527682,-0.011287370001527682,1.0,0.1666961821342997,calm,reactive,transition,0.2707597730165685,0.2272532874324753,-0.05869623177791894,2.8510020496470054,0.01970537982839509,0.041885819893981546,
EMR,2024-11-18,2025-12-23,126.51062774658203,134.97132873535156,1,0.06687739314453056,0.06387739314453056,0.06387739314453056,1.0,0.15172945792130177,calm,reactive,mature,0.23621031408775717,0.4741348992481931,-0.003604557340144754,1.074309770747965,0.024714778230598526,0.04927686762254413,
OKE,2024-11-18,2025-12-23,105.44029998779297,72.46742248535156,1,-0.31271608205077894,-0.31571608205077895,-0.31571608205077895,1.0,0.157063484875395,calm,balanced,transition,0.2829751331431931,0.7726898244853433,0.0,1.1894628237683273,0.016925429980699864,0.04927686762254413,
TNL,2024-11-18,2025-12-23,50.514259338378906,71.58422088623047,1,0.41710918508594985,0.41410918508594985,0.41410918508594985,1.0,0.15281739335345407,calm,balanced,transition,0.24368893148680448,0.49829086123599065,-0.007787907444859465,0.6741669161996835,0.016811894878471245,0.04927686762254413,
CDNS,2024-11-19,2025-12-24,299.6300048828125,317.760009765625,2,0.06050797512720152,0.057507975127201516,0.057507975127201516,1.0,0.16421916356781646,calm,balanced,growth,0.11415614860051271,0.10871417162927854,-0.08229707539720521,0.5776252724809693,0.03553082417129716,0.051758005241963057,
WSM,2024-11-20,2025-12-26,171.19525146484375,187.25120544433594,4,0.09378737927663483,0.09078737927663483,0.09078737927663483,1.0,0.23889946381026275,calm,reactive,growth,0.3011291615842451,0.9774813447600441,0.0,3.509380097879282,0.0660367874666385,0.05810429515615634,
LYV,2024-11-20,2025-12-26,136.50999450683594,145.80999755859375,4,0.06812690224884665,0.06512690224884665,0.06512690224884665,1.0,0.15212711762550632,calm,reactive,transition,0.4080453718808603,0.5683592953924645,0.0,0.6416170412133445,0.02196652989012591,0.05810429515615634,
PLNT,2024-11-20,2025-12-26,98.27999877929688,109.06999969482422,4,0.10978837046750467,0.10678837046750467,0.10678837046750467,1.0,0.1998840885140352,calm,balanced,transition,0.20500247328589305,0.517369212181636,0.0,0.5727888984047264,0.03064179594604709,0.05810429515615634,
BKNG,2024-11-21,2025-12-26,206.0869903564453,217.11032104492188,4,0.053488726626609306,0.050488726626609304,0.050488726626609304,1.0,0.16175356545756972,calm,balanced,transition,0.3423951676578001,0.676812623585644,0.0,0.8982069169704484,0.016714538857120553,0.0637969517829291,
AME,2024-11-22,2025-12-29,195.46681213378906,208.3592071533203,7,0.06595695135554225,0.06295695135554225,0.06295695135554225,1.0,0.15283115564144972,calm,balanced,mature,0.1558637370486431,0.2719592746261952,0.0,0.7682372428689225,0.02312979051466039,0.05681962094664694,
CPRT,2024-11-22,2025-12-29,62.70000076293945,39.4900016784668,7,-0.3701754194904502,-0.3731754194904502,-0.3731754194904502,1.0,0.17765479657146344,calm,reactive,mature,0.18391242157937393,0.23400903499873915,0.0,2.3043576821804104,0.02702877550768471,0.05681962094664694,
BBWI,2024-11-25,2025-12-30,34.36384582519531,20.02272605895996,8,-0.417331629270684,-0.420331629270684,-0.420331629270684,1.0,0.18616280661156331,calm,reactive,shake_out,0.18118165684236343,0.20479568351837707,-0.2994992288351126,4.463486028124811,0.04620136720378496,0.08291657279637676,
COLM,2024-11-25,2025-12-30,85.90095520019531,55.89100646972656,8,-0.34935523895548626,-0.35235523895548626,-0.35235523895548626,1.0,0.15345425171029428,calm,balanced,transition,0.09302414306379458,0.18581896918981933,0.0,1.2582211835028976,0.021485922151718215,0.08291657279637676,
MO,2024-11-26,2025-12-31,51.84462356567383,56.70975875854492,9,0.09384068893292707,0.09084068893292707,0.09084068893292707,1.0,0.15347596546959705,calm,reserved,mature,0.07331307130105702,0.5015244208957248,0.0,0.9004510812189022,0.01907577600799406,0.09086118012370159,
GT,2024-11-27,2026-01-02,10.609999656677246,8.920000076293945,11,-0.15928366023270557,-0.16228366023270557,-0.16228366023270557,1.0,0.2090551907722978,calm,reactive,shake_out,0.33459118380255504,-0.24430201670193474,-0.2926666895548503,1.0361040516926654,0.038699914835729356,0.09000420903800421,
DVA,2024-11-29,2026-01-05,166.1699981689453,113.94000244140625,14,-0.3143166414098214,-0.3173166414098214,-0.3173166414098214,1.0,0.15152948911474254,calm,reactive,transition,0.10794774571682075,0.6377882876836711,-0.010657349805726635,0.3723889527375268,0.016896032209230683,0.11536825356585556,
DECK,2024-12-02,2026-01-06,201.89999389648438,107.45999908447266,15,-0.46775630345205366,-0.47075630345205366,-0.47075630345205366,1.0,0.1621889578375644,calm,balanced,growth,0.3548971225946915,0.7683122174642729,0.0,1.1069383598227702,0.01872279377184203,0.10529973555763594,
GAP,2024-12-02,2026-01-06,24.696069717407227,26.694747924804688,15,0.08093102385391626,0.07793102385391626,0.07793102385391626,1.0,0.1509781131327513,calm,reactive,transition,0.31771794063627534,0.26193043631827906,-0.09861336089040296,1.4622347796775221,0.03937045120918721,0.10529973555763594,
SMCI,2024-12-02,2026-01-06,42.0,30.540000915527344,15,-0.2728571210588727,-0.2758571210588727,-0.2758571210588727,1.0,0.5175128301021811,calm,reactive,growth,0.02471516579279287,0.5576902059134388,-0.6464854740840305,2.329859940615575,0.13873617625681647,0.10529973555763594,
FIVE,2024-12-05,2026-01-09,115.97000122070312,195.57000732421875,1,0.6863844551663705,0.6833844551663705,0.6833844551663705,1.0,0.3130581394265246,calm,balanced,transition,0.253323276241638,-0.4245807031656651,-0.4618810998251658,3.1280073477693198,0.04071864496133248,0.08566309450968901,
KTOS,2024-12-06,2026-01-12,27.989999771118164,117.86000061035156,3,3.2107896239415803,3.20778962394158,3.20778962394158,1.0,0.1510530956145418,calm,reactive,transition,0.24455313721537442,0.38839285629812004,0.0,0.6880790307915366,0.03323873429558952,0.08251836971576942,
OLLI,2024-12-11,2026-01-15,113.50499725341797,117.30000305175781,1,0.03343470234942081,0.03043470234942081,0.03043470234942081,1.0,0.20415139083352754,calm,reactive,transition,0.15667991878461485,0.5587063681556907,0.0,1.466980981810073,0.03866817103650283,0.08293140495781581,
CNH,2024-12-12,2026-01-16,11.53416633605957,10.920000076293945,1,-0.053247563965289846,-0.05624756396528985,-0.05624756396528985,1.0,0.15202958182394471,calm,balanced,transition,0.07305936883317687,0.07247969112599084,-0.0711462162213431,0.4692764230985375,0.020084109091098402,0.05908840164986895,
RGEN,2024-12-16,2026-01-20,160.9199981689453,163.3300018310547,4,0.014976408709495459,0.01197640870949546,0.01197640870949546,1.0,0.2287948593253275,calm,reactive,transition,0.14590904053146625,-0.1120185570854012,-0.22790519344260085,1.1044406847495862,0.027466883934551434,0.062167686123307586,
ANET,2024-12-18,2026-01-22,108.06999969482422,138.41000366210938,1,0.2807439997498049,0.2777439997498049,0.2777439997498049,1.0,0.15322531871954703,normal,reactive,growth,0.11352105379626298,0.8262780074045419,-0.07259932354839849,0.8640226057662449,0.026561053479796076,0.02619601289782203,
JBL,2025-01-07,2026-02-11,152.4202880859375,260.9979553222656,1,0.7123570529870009,0.7093570529870009,0.7093570529870009,1.0,0.15776596778542706,calm,reactive,growth,0.23017589923140291,0.19153063907164536,-0.009595869360064513,1.000943173779769,0.02292337434052307,0.016165007484561622,
ANF,2025-01-10,2026-02-17,160.9199981689453,94.11000061035156,4,-0.4151752319090375,-0.4181752319090375,-0.4181752319090375,1.0,0.21501580205386106,calm,reactive,growth,0.004243588694898381,0.6639437461723845,-0.16335654968896152,1.3816301013651109,0.03074068190085849,0.002025751885949223,
SLAB,2025-01-10,2026-02-17,133.08999633789062,205.69000244140625,4,0.5454955902109861,0.5424955902109861,0.5424955902109861,1.0,0.15578397413600242,calm,reactive,transition,0.16571777588143655,0.0722687189237563,-0.12435034194484251,1.5204521890364227,0.02109859579059199,0.002025751885949223,
CTRA,2025-01-13,2026-02-17,27.438777923583984,30.845224380493164,4,0.12414716378389778,0.12114716378389778,0.12114716378389778,1.0,0.15148791131829106,calm,reserved,transition,0.2151026988182123,0.17373251067150308,0.0,1.7314916224909582,0.018899023983764307,-0.0010697529931981142,
KLAC,2025-01-13,2026-02-17,684.2447509765625,1470.18994140625,4,1.148631669162207,1.145631669162207,1.145631669162207,1.0,0.15903960154212257,calm,balanced,shake_out,0.015114528631365642,0.24014165315331804,-0.22208225314895724,1.210546609624883,0.019291434535158514,-0.0010697529931981142,
MTZ,2025-01-14,2026-02-18,150.6699981689453,264.17999267578125,1,0.7533682610094539,0.7503682610094539,0.7503682610094539,1.0,0.15013641369240693,calm,reactive,shake_out,0.184047136887586,1.0961324975813183,0.0,1.3562030639831781,0.023026387742507603,0.0002465032523133459,
APA,2025-01-17,2026-02-23,22.803565979003906,28.529041290283203,3,0.2510780689542573,0.24807806895425732,0.24807806895425732,1.0,0.1518158307609221,calm,balanced,transition,-0.030977094343849543,-0.1773795893653327,-0.29959885640624695,1.4442734077432375,0.016535769171235233,0.024859850301145237,
SATS,2025-01-17,2026-02-23,27.0,107.41999816894531,3,2.9785184507016784,2.9755184507016783,2.9755184507016783,1.0,0.17064006767975787,calm,reactive,transition,0.08520903982088712,0.5679443133926783,-0.037089903051730544,1.44672654041478,0.02267991908270907,0.024859850301145237,
SNX,2025-01-21,2026-02-25,138.13592529296875,157.84901428222656,2,0.14270790851437698,0.13970790851437698,0.13970790851437698,1.0,0.16470201440092047,calm,reactive,transition,0.17878092356595432,0.3600950051317886,0.0,1.0046723039028973,0.025689464042291648,0.043436617649486475,
KMI,2025-01-21,2026-02-25,29.614803314208984,32.77000045776367,2,0.10654121555623663,0.10354121555623663,0.10354121555623663,1.0,0.1740554161814097,calm,balanced,transition,0.2751802058989139,0.9215341793601002,0.0,1.7237321073857026,0.011887186386633181,0.043436617649486475,
FIX,2025-01-22,2026-02-26,548.04345703125,1437.4832763671875,3,1.6229366630048476,1.6199366630048477,1.6199366630048477,1.0,0.1606096185327839,calm,balanced,growth,0.33190300804409634,1.636801988420458,0.0,1.7126686983021333,0.026656341848626586,0.047593274263604046,
STX,2025-01-22,2026-02-26,105.93592071533203,408.9566345214844,3,2.8604151619205815,2.8574151619205814,2.8574151619205814,1.0,0.16590823428505586,calm,reactive,declining,0.04812128261925519,0.2783776430831355,-0.032460425438512464,2.981661967723119,0.02071724304583385,0.047593274263604046,
MOS,2025-01-23,2026-02-27,27.685115814208984,27.607206344604492,1,-0.0028141283615114032,-0.005814128361511403,-0.005814128361511403,1.0,0.15568503852583654,calm,balanced,declining,0.07751076232148568,-0.07903072616606244,-0.1154306288254342,1.0654217603370897,0.02327010104903165,0.05347510683033163,
TWLO,2025-01-24,2026-03-02,136.22999572753906,123.80999755859375,3,-0.09116933537739658,-0.09416933537739658,-0.09416933537739658,1.0,0.2218763360006029,calm,reactive,transition,0.929876792675435,0.8712910716595044,0.0,6.418679289524591,0.049483774946531826,0.047689406735499595,
BLDR,2025-01-27,2026-03-03,173.50999450683594,97.44999694824219,1,-0.4383609011963696,-0.4413609011963696,-0.4413609011963696,1.0,0.1600028971366316,calm,reactive,shake_out,0.011130468154926243,0.021849183677265627,-0.17814513774252017,1.3568674250444313,0.02380820603361064,0.030749584373446215,
OSK,2025-01-30,2026-03-06,110.91779327392578,154.6199951171875,1,0.3940053309150633,0.3910053309150633,0.3910053309150633,1.0,0.16868649443552952,calm,balanced,transition,0.10212735149969099,0.010521064649862355,-0.0980889050957775,3.6024548558771956,0.04434380031956418,0.059762974595021,
IBM,2025-02-03,2026-03-10,252.72215270996094,250.1999969482422,4,-0.009979955198519241,-0.01297995519851924,-0.01297995519851924,1.0,0.16170303397300148,calm,balanced,mature,0.26600577386235735,0.4454542249237363,0.0,1.7117218902327929,0.03074700528562082,0.03662785022695081,
SGI,2025-02-03,2026-03-10,66.23087310791016,79.1500015258789,4,0.1950620278992785,0.1920620278992785,0.1920620278992785,1.0,0.1624973847755048,calm,balanced,transition,0.35384422720656716,0.33931909279742545,0.0,4.301585491045968,0.019737069501162635,0.03662785022695081,
RBC,2025-02-03,2026-03-10,367.2900085449219,560.280029296875,4,0.5254431546246356,0.5224431546246356,0.5224431546246356,1.0,0.19300327043946863,calm,balanced,transition,0.2759770740211078,0.3392036588155807,0.0,4.483309826046074,0.025759145473052903,0.03662785022695081,
VRTX,2025-02-04,2026-03-11,482.2799987792969,492.3800048828125,5,0.02094220396674107,0.01794220396674107,0.01794220396674107,1.0,0.1589685303917945,calm,reserved,mature,-0.02301275328587582,0.13563155104292823,-0.06668729362217218,1.2083629792592636,0.01665410794837007,0.018357076867912214,
CVS,2025-02-05,2026-03-12,53.17680740356445,75.40813446044922,6,0.4180643431293056,0.4150643431293056,0.4150643431293056,1.0,0.20441936189780305,calm,reactive,declining,-0.011779126804294271,-0.19618911239551884,-0.2699590788986779,0.6051433861641914,0.02102313421586144,0.014796317049362573,
ABT,2025-02-05,2026-03-12,128.8195343017578,107.4657974243164,6,-0.16576474207258507,-0.16876474207258507,-0.16876474207258507,1.0,0.161504798783912,calm,reactive,transition,0.15137040596829898,0.20690796628704522,0.0,1.1360138414101066,0.017131182726823214,0.014796317049362573,
TPR,2025-02-06,2026-03-13,80.67791748046875,142.10000610351562,7,0.7613246665410829,0.7583246665410829,0.7583246665410829,1.0,0.18279380689396474,calm,balanced,shake_out,0.582823992262067,1.065036260521937,0.0,2.901896617849138,0.03301830069983072,0.014682544788745089,
PM,2025-02-06,2026-03-13,139.1190185546875,173.1146240234375,7,0.2443634653401927,0.2413634653401927,0.2413634653401927,1.0,0.18598007759682733,calm,balanced,mature,0.16392494268495916,0.6648967038810503,0.0,2.3996133539451505,0.027862650192606645,0.014682544788745089,
YUM,2025-02-10,2026-03-17,144.66958618164062,163.69000244140625,4,0.13147487845775996,0.12847487845775996,0.12847487845775996,1.0,0.1710384138351951,calm,reserved,transition,0.1059200663664066,0.1587292857652669,0.0,1.6468247841947166,0.02336223346000776,0.013778382617942508,
TMUS,2025-02-10,2026-03-17,250.69448852539062,213.35000610351562,4,-0.14896411421542965,-0.15196411421542966,-0.15196411421542966,1.0,0.17635154677335219,calm,reactive,mature,0.07427830947663128,0.6131492737422488,0.0,1.2564072244186584,0.01808106626622922,0.013778382617942508,
IDCC,2025-02-12,2026-03-19,207.5666046142578,351.8175048828125,2,0.6949619884018956,0.6919619884018956,0.6919619884018956,1.0,0.16146194695081495,calm,reserved,growth,0.16340877753638727,1.0443934029762323,-0.007790651043691477,0.9692337649693311,0.03929948968874531,0.01727977084513177,
MGM,2025-02-13,2026-03-20,40.369998931884766,35.369998931884766,1,-0.12385435056454597,-0.12685435056454597,-0.12685435056454597,1.0,0.17027630746574152,calm,reactive,declining,0.08288627290148676,-0.11585634982929527,-0.15508581073097205,3.4080032882181968,0.0409123089188372,0.04163950351949541,
INTC,2025-02-18,2026-03-25,27.389999389648438,47.18000030517578,2,0.7225265190406183,0.7195265190406183,0.7195265190406183,1.0,0.20258901215405484,calm,reactive,declining,0.13181812091486522,-0.3717206000507165,-0.40030972882941984,2.585201222016225,0.048795267016138205,0.03593050819134391,
LLY,2025-02-18,2026-03-25,850.8998413085938,916.3099975585938,2,0.07687174573849509,0.07387174573849509,0.07387174573849509,1.0,0.156035395938103,calm,reserved,transition,0.17670558733178554,0.13854871114847533,-0.10408168511374472,1.2135048886474742,0.016531264289006135,0.03593050819134391,
HAS,2025-02-20,2026-03-27,65.95492553710938,88.58999633789062,1,0.343189998570246,0.340189998570246,0.340189998570246,1.0,0.1942234452715973,calm,reactive,transition,0.11549015386364303,0.4221795076274697,-0.04234018396484074,3.58472478204313,0.032239882355778786,0.028377591057935136,
HSY,2025-02-21,2026-03-30,167.70875549316406,213.5500030517578,4,0.2733384278226445,0.2703384278226445,0.2703384278226445,1.0,0.15448296631204977,calm,balanced,transition,-0.002658105702463831,-0.07436564851018324,-0.14979575222805208,1.9333244075512117,0.020243620864162204,0.007335826106189769,
KO,2025-02-21,2026-03-30,68.83197784423828,76.2699966430664,4,0.10806051245047499,0.10506051245047499,0.10506051245047499,1.0,0.1510935754822453,calm,balanced,transition,0.12470529599551616,0.20067169886299485,-0.008574095142521942,1.2697014349736884,0.01602406518988231,0.007335826106189769,
EA,2025-02-24,2026-03-31,133.2851104736328,203.8699951171875,5,0.5295781681294265,0.5265781681294265,0.5265781681294265,1.0,0.1527395311131614,calm,reserved,transition,-0.1823776232678357,-0.06111458887332977,-0.20102084880112048,1.7192634708674561,0.022876820349289968,-0.0006881347080369693,
JAZZ,2025-02-26,2026-04-02,144.1699981689453,186.9499969482422,1,0.2967330188155044,0.2937330188155044,0.2937330188155044,1.0,0.16719198929563442,calm,reserved,transition,0.17555445928283442,0.08586272147050722,0.0,3.088215760445843,0.0196916908746106,-0.007114856472143383,
DELL,2025-02-26,2026-04-02,113.19196319580078,173.83213806152344,1,0.5357286255458489,0.5327286255458489,0.5327286255458489,1.0,0.17142115829838114,calm,reactive,growth,-0.06646396831326518,0.26533121573414187,-0.34752508235593793,1.0838813538251348,0.028535373002224803,-0.007114856472143383,
NTNX,2025-02-27,2026-04-06,76.54000091552734,39.52000045776367,4,-0.4836686701718288,-0.4866686701718288,-0.4866686701718288,1.0,0.16849904074806876,normal,reactive,shake_out,0.17248778104759266,0.3144427531724452,0.0,4.310267242479398,0.029615944944953138,-0.028315534152685395,
BRO,2025-03-03,2026-04-07,118.99585723876953,66.37000274658203,1,-0.4422494674465163,-0.4452494674465163,-0.4452494674465163,1.0,0.15085829735188297,normal,reserved,mature,0.07775204653017886,0.4315903394746199,0.0,1.4507356013965074,0.006978658247983015,-0.0330848995097236,
PGR,2025-03-03,2026-04-07,267.60791015625,196.85000610351562,1,-0.2644088659838959,-0.2674088659838959,-0.2674088659838959,1.0,0.16081850940345252,normal,reactive,transition,0.10645895447481157,0.5349107827383766,0.0,1.1244961049080704,0.013287865417297857,-0.0330848995097236,
MCHP,2025-03-04,2026-04-08,56.451820373535156,70.7300033569336,2,0.2529268832948408,0.2499268832948408,0.2499268832948408,1.0,0.16771079475023998,normal,reactive,declining,-0.049701091188138036,-0.31512368819061476,-0.4039094917581765,1.1726555221043287,0.03237099358405905,-0.0506597924514558,
MNST,2025-03-04,2026-04-08,54.81999969482422,75.13999938964844,2,0.37066763604419917,0.36766763604419916,0.36766763604419916,1.0,0.1543828125623658,normal,reserved,transition,0.019906971066497192,-0.06752851095218448,-0.09909612046845617,1.2971564855694837,0.018540993588585162,-0.0506597924514558,
ADI,2025-03-04,2026-04-08,222.7810516357422,346.2099914550781,2,0.5540369744781897,0.5510369744781897,0.5510369744781897,1.0,0.15603948224784753,normal,balanced,transition,0.0450110816340481,0.17769972251798793,-0.06831241092840823,1.0579656959798687,0.02849950343782579,-0.0506597924514558,
OKTA,2025-03-04,2026-04-08,108.30999755859375,76.04000091552734,2,-0.2979410707271868,-0.3009410707271868,-0.3009410707271868,1.0,0.2216485828391883,normal,reactive,declining,0.2578097409230937,-0.0016591419367691929,-0.02852274074900829,5.270389916094005,0.06004528835901029,-0.0506597924514558,
MDLZ,2025-03-05,2026-04-09,63.71796798706055,59.09000015258789,3,-0.07263206879749329,-0.07563206879749329,-0.07563206879749329,1.0,0.166167572299121,normal,reserved,transition,0.05672598521279282,-0.04770662130004111,-0.11169788390588486,0.7896354157180777,0.015903137391823717,-0.03826761749180685,
BF-B,2025-03-06,2026-04-10,34.40151596069336,29.489999771118164,4,-0.14277034172526049,-0.1457703417252605,-0.1457703417252605,1.0,0.15199983754223023,normal,reserved,declining,-0.19432576478583563,-0.40023077892542813,-0.40023077892542813,1.284276836925023,0.026651355797098358,-0.05775605989093291,
BAX,2025-03-07,2026-04-13,36.07728958129883,17.6299991607666,3,-0.5113269492976169,-0.5143269492976169,-0.5143269492976169,1.0,0.19242850149115215,normal,reactive,declining,0.1537826448731523,-0.12665654570454732,-0.14221982736727845,0.8447338739248896,0.023516934316382642,-0.046696993611851756,
TAP,2025-03-07,2026-04-13,59.4833984375,44.650001525878906,3,-0.24937036721610217,-0.2523703672161022,-0.2523703672161022,1.0,0.16406793671896255,normal,balanced,mature,0.01237715041951426,0.0169260108370608,-0.06390308286369051,1.1476201489430593,0.026353843445381858,-0.046696993611851756,
SWKS,2025-03-07,2026-04-13,69.57588195800781,56.5,3,-0.18793699181419932,-0.19093699181419932,-0.19093699181419932,1.0,0.16502917031602082,normal,balanced,declining,-0.18173056656641962,-0.28242881650110385,-0.3831493706628034,1.565986517728417,0.02530089642662941,-0.046696993611851756,
EL,2025-03-07,2026-04-13,72.16024017333984,74.55000305175781,3,0.033117446292825425,0.030117446292825426,0.030117446292825426,1.0,0.17856742011124033,normal,reactive,declining,-0.09814733871955095,-0.4844613801728356,-0.5253611133609761,0.8094773267087089,0.02851295020439029,-0.046696993611851756,
EXPD,2025-03-07,2026-04-13,124.95764923095703,143.8800048828125,3,0.15143015068154497,0.14843015068154497,0.14843015068154497,1.0,0.15092029305453242,normal,reserved,transition,0.048408476602722184,0.05790102121014673,-0.03163134604637585,1.6525136622402907,0.016468557702047415,-0.046696993611851756,
OLED,2025-03-07,2026-04-13,156.8329315185547,100.5199966430664,3,-0.359063203947227,-0.362063203947227,-0.362063203947227,1.0,0.17619478018795426,normal,reactive,transition,0.013945670237602625,-0.04678736683410467,-0.3213373708054057,1.0525380823377892,0.031577860331785564,-0.046696993611851756,
HII,2025-03-07,2026-04-13,192.37974548339844,394.4599914550781,3,1.0504237099592086,1.0474237099592087,1.0474237099592087,1.0,0.2790326114098542,normal,balanced,transition,0.021991569732095817,-0.31697165062109545,-0.31697165062109545,0.8627381792519407,0.035626525680898906,-0.046696993611851756,
WSO,2025-03-10,2026-04-14,501.8677062988281,407.37237548828125,4,-0.18828733075381687,-0.19128733075381688,-0.19128733075381688,1.0,0.19125946127528456,normal,balanced,transition,0.01143557086552538,0.31651921217955525,-0.0798067242840318,1.9446821471565114,0.02956136955926844,-0.06965308294124617,
CROX,2025-03-10,2026-04-14,101.0999984741211,101.19999694824219,4,0.0009891046056413888,-0.0020108953943586113,-0.0020108953943586113,1.0,0.17559754932866056,normal,reactive,declining,-0.0927853889156347,-0.1846774316603138,-0.3668586979497339,0.820690476350949,0.0593326527420832,-0.06965308294124617,
CYTK,2025-03-11,2026-04-15,44.400001525878906,65.37000274658203,1,0.4722973085593385,0.4692973085593385,0.4692973085593385,1.0,0.153008895321878,normal,reactive,transition,-0.12426033811158643,-0.3247148056900546,-0.4083944074558039,1.0716163032968828,0.04280571759906433,-0.08417227636209079,
STZ,2025-03-13,2026-04-17,176.99502563476562,162.27999877929688,3,-0.0831380814387046,-0.0861380814387046,-0.0861380814387046,1.0,0.15463803311435448,crisis,reserved,transition,-0.23779905073355512,-0.2936971941875337,-0.320127863164985,0.6955089313948272,0.019366382874628156,-0.08751643718622482,
ALL,2025-03-17,2026-04-21,206.04454040527344,216.33999633789062,7,0.04996713774782302,0.04696713774782302,0.04696713774782302,1.0,0.15725429822570466,normal,reactive,mature,0.09178866413029985,0.3447440712677754,0.0,1.5734454705781957,0.016279708209366514,-0.06205816514008744,
AIG,2025-03-17,2026-04-21,82.05575561523438,77.93000030517578,7,-0.050279901502638946,-0.05327990150263895,-0.05327990150263895,1.0,0.16066420158738753,normal,reserved,mature,0.1837358451151525,0.12986060284727663,0.0,0.8492864162136333,0.016427286699766754,-0.06205816514008744,
ELV,2025-03-18,2026-04-22,427.1301574707031,328.20001220703125,8,-0.23161592206342274,-0.23461592206342274,-0.23461592206342274,1.0,0.16226295146754005,crisis,reactive,declining,0.1960890432604392,-0.13749758587833416,-0.21536159336491123,1.2570654733867168,0.018923509301849845,-0.043850983819971434,
IPGP,2025-03-18,2026-04-22,66.0999984741211,124.51000213623047,8,0.8836611953172369,0.8806611953172369,0.8806611953172369,1.0,0.15799543655601692,crisis,reactive,declining,-0.10687749538973668,-0.24232003561783444,-0.27378597108357106,0.8388859490923228,0.02821589906694144,-0.043850983819971434,
FICO,2025-03-19,2026-04-23,1872.989990234375,979.760009765625,1,-0.4769005628038495,-0.4799005628038495,-0.4799005628038495,1.0,0.15813909230635867,normal,reactive,growth,-0.08406321278047613,0.5317974427869656,-0.2138221679778568,0.7639525378384404,0.030006270762000856,-0.032689180394448014,
AMD,2025-03-25,2026-04-23,114.80999755859375,305.3299865722656,394,1.6594372708390592,1.6564372708390593,1.6564372708390593,1.0,0.15869063709539105,normal,reactive,declining,-0.08196066048376194,-0.360924010803206,-0.37589697016498747,0.8209593005774031,0.02956337234578186,-0.043219222928230216,True
INTU,2025-03-25,2026-04-23,612.6561889648438,383.29998779296875,394,-0.3743636403304762,-0.3773636403304762,-0.3773636403304762,1.0,0.15167897151758303,normal,reactive,transition,-0.04091753469949655,-0.032968958695087536,-0.12247855143764685,0.5734195965447206,0.02136441249952396,-0.043219222928230216,True
DG,2025-03-27,2026-04-23,85.24762725830078,122.05999755859375,392,0.43182867939246306,0.42882867939246305,0.42882867939246305,1.0,0.17811296162004608,normal,balanced,declining,0.16562640603661682,-0.40538917458677404,-0.4385203773462787,1.0287906529887165,0.03260592785096868,-0.0361659141504056,True
SAIC,2025-03-28,2026-04-23,110.58708953857422,95.2699966430664,391,-0.1385070622567114,-0.1415070622567114,-0.1415070622567114,1.0,0.16968576017175457,crisis,reserved,mature,0.00999454061562477,-0.12449951217367239,-0.26737701655070445,0.7571666112404389,0.03540406834242569,-0.0511235741448024,True
CASY,2025-04-03,2026-04-23,447.28271484375,789.8200073242188,385,0.7658183093440754,0.7628183093440754,0.7628183093440754,1.0,0.17622046353856952,crisis,reserved,transition,0.15512865486798066,0.43087793933332774,0.0,1.5403173424886332,0.026439292647864522,-0.08673331904883064,True
WING,2025-04-03,2026-04-23,241.71861267089844,186.74000549316406,385,-0.2274487949862104,-0.2304487949862104,-0.2304487949862104,1.0,0.1787873286158635,crisis,balanced,shake_out,-0.13871431673610224,-0.3423878786570512,-0.43232274822043515,2.5984756183945823,0.029112522925807422,-0.08673331904883064,True
PWR,2025-04-04,2026-04-23,239.23951721191406,633.4400024414062,384,1.647723126277322,1.644723126277322,1.644723126277322,1.0,0.16729956526736312,crisis,reactive,growth,-0.23266958418082195,-0.07129323185172343,-0.33089251169640677,1.3099411533934877,0.029769858769829686,-0.1426384356651037,True
APH,2025-04-07,2026-04-23,60.4719123840332,150.17999267578125,381,1.4834668981865087,1.4804668981865088,1.4804668981865088,1.0,0.15087477264165217,crisis,balanced,mature,-0.13023128140030782,0.04701815108538221,-0.22268912260441076,1.6799830838707728,0.03249610408597472,-0.13124846130035261,True
DLTR,2025-04-07,2026-04-23,72.83999633789062,102.25,381,0.40376173998804266,0.40076173998804265,0.40076173998804265,1.0,0.18077257839078031,crisis,balanced,declining,-0.0008231164160810156,-0.44273588404488284,-0.44273588404488284,1.428090466742776,0.05510815068983573,-0.13124846130035261,True
CVLT,2025-04-07,2026-04-23,142.0800018310547,90.1500015258789,381,-0.3654983082483698,-0.3684983082483698,-0.3684983082483698,1.0,0.15473068514000032,crisis,balanced,growth,-0.07728272650131063,0.41796413331674453,-0.24385307905157405,1.3841168375726904,0.04124180866567845,-0.13124846130035261,True
PODD,2025-04-07,2026-04-23,256.2300109863281,192.2100067138672,381,-0.24985365307531016,-0.25285365307531016,-0.25285365307531016,1.0,0.17529571861555043,crisis,reactive,transition,-0.057388722203355114,0.5529091574928977,-0.11120745294090939,1.4563704422570358,0.02564169205735506,-0.13124846130035261,True
PVH,2025-04-10,2026-04-23,69.01617431640625,95.3499984741211,378,0.38156018380541945,0.37856018380541945,0.37856018380541945,1.0,0.17614524953998423,crisis,balanced,transition,-0.3012068779855426,-0.36891807337292004,-0.440491541274326,0.9683470054666848,0.07523822521822228,-0.11460010885143357,True
ULTA,2025-04-10,2026-04-23,354.95001220703125,564.4400024414062,378,0.5901957544156557,0.5871957544156557,0.5871957544156557,1.0,0.1749455966787746,crisis,balanced,transition,-0.12870045669242736,-0.21288390597919837,-0.21288390597919837,0.8106407973019061,0.03695883420612825,-0.11460010885143357,True
ROST,2025-04-11,2026-04-23,140.1121826171875,226.9199981689453,377,0.6195593697154294,0.6165593697154294,0.6165593697154294,1.0,0.1537901866725223,crisis,balanced,transition,-0.04719464135756202,0.021972585548152734,-0.0913532924271756,1.1026140260523307,0.02513396046787772,-0.0966729201248192,True
HRB,2025-04-11,2026-04-23,56.879573822021484,31.010000228881836,377,-0.4548130700501837,-0.4578130700501837,-0.4578130700501837,1.0,0.1691010482625565,crisis,balanced,growth,0.07296983162651371,0.2917573644774152,-0.09563331522251384,0.9033182592353322,0.01634968435477559,-0.0966729201248192,True
MUSA,2025-04-11,2026-04-23,510.9142761230469,532.760009765625,377,0.042758119440993836,0.03975811944099383,0.03975811944099383,1.0,0.15057795366816124,crisis,reserved,transition,0.06602418147991695,0.25611651598495633,-0.07380175566538283,2.110304736486116,0.020127446290106345,-0.0966729201248192,True
TJX,2025-04-14,2026-04-23,129.02618408203125,158.35000610351562,374,0.22727031904501738,0.22427031904501737,0.22427031904501737,1.0,0.1535151571705311,crisis,balanced,mature,0.07505012841124459,0.40178033692023307,0.0,0.9822051048080072,0.019541677296329718,-0.098503154425152,True
NFLX,2025-04-22,2026-04-23,104.03399658203125,92.81999969482422,366,-0.10779165710859473,-0.11079165710859473,-0.11079165710859473,1.0,0.17873411898187666,crisis,reactive,shake_out,0.07042971304029111,0.8743512818967314,-0.017249235006538965,1.6481513732982203,0.03473542017575242,-0.12050670384968132,True
ALGN,2025-04-24,2026-04-23,184.27000427246094,190.6699981689453,364,0.03473160985561918,0.03173160985561918,0.03173160985561918,1.0,0.15619873248717786,crisis,reactive,declining,-0.17901534070881142,-0.40916377649250213,-0.41274139527908293,0.7158861300270997,0.04332682593165203,-0.09182175342585808,True
CIEN,2025-04-25,2026-04-23,65.94000244140625,515.8499755859375,363,6.823020268225158,6.820020268225158,6.820020268225158,1.0,0.16552921831919967,crisis,reactive,transition,-0.22102774657071567,0.46403199602675227,-0.328376428636759,0.7018666760190437,0.05676842531212848,-0.08992664806997985,True
EME,2025-04-25,2026-04-23,409.455322265625,873.1099853515625,363,1.1323693645509678,1.129369364550968,1.129369364550968,1.0,0.1554488280560809,crisis,reactive,transition,-0.08509577729441842,0.21341128738407078,-0.234111869291173,0.92703877832373,0.03933716616288718,-0.08992664806997985,True
STRL,2025-04-29,2026-04-23,149.27999877929688,495.6700134277344,359,2.320404725890694,2.317404725890694,2.317404725890694,1.0,0.3243323067706377,crisis,reactive,growth,0.08955554167144175,0.40976484691424164,-0.2556840815891782,0.32366383732860743,0.054500679143727145,-0.07235544147661632,True
WDC,2025-04-30,2026-04-23,43.67149353027344,403.1199951171875,358,8.230735258406984,8.227735258406984,8.227735258406984,1.0,0.15500840655613846,crisis,reactive,transition,-0.09063186922952948,-0.16938484509085627,-0.27683475492667386,1.4990881630845063,0.0682342764236476,-0.0776464310847419,True
ARWR,2025-04-30,2026-04-23,13.890000343322754,74.4000015258789,358,4.3563714677404395,4.353371467740439,4.353371467740439,1.0,0.17803717689272813,crisis,reactive,declining,-0.2942073105725651,-0.3994811566235096,-0.5297901180489929,0.7908795896098743,0.06909147676283085,-0.0776464310847419,True
EHC,2025-04-30,2026-04-23,116.21551513671875,101.86000061035156,358,-0.12352493993146274,-0.12652493993146274,-0.12652493993146274,1.0,0.1532976010998592,crisis,reserved,mature,0.15842909148651274,0.40860478253901933,0.0,0.9083708296182637,0.036798773972346245,-0.0776464310847419,True
TT,2025-05-01,2026-04-23,389.9314270019531,485.5299987792969,357,0.24516765040552868,0.24216765040552868,0.24216765040552868,1.0,0.15104726719644745,crisis,reactive,mature,0.10028206127330153,0.2494989935865899,-0.05878383355628758,1.2171245519117948,0.03376756562204967,-0.07545019454384683,True
AEIS,2025-05-01,2026-04-23,108.05873107910156,382.4700012207031,357,2.539464117348611,2.536464117348611,2.536464117348611,1.0,0.17345513906469628,crisis,balanced,transition,-0.04866024302649585,0.13405302415228704,-0.17594908428275702,2.3854172015404362,0.061981109331117404,-0.07545019454384683,True
FLEX,2025-05-02,2026-04-23,36.7400016784668,86.9000015258789,356,1.3652693945523344,1.3622693945523345,1.3622693945523345,1.0,0.1660250686015579,crisis,reactive,growth,-0.16971747619284072,0.39483680583263436,-0.17363917150196284,0.7096316042476948,0.042527098241129706,-0.06524128329450374,True
DXCM,2025-05-02,2026-04-23,81.62000274658203,62.70000076293945,356,-0.23180594642205987,-0.23480594642205987,-0.23480594642205987,1.0,0.24066863958945717,crisis,reactive,declining,-0.07586047295508336,-0.3516046669252224,-0.38124478446946586,2.0937914429866846,0.04626822266142616,-0.06524128329450374,True
GTLS,2025-05-02,2026-04-23,156.74000549316406,207.94000244140625,356,0.32665557709499504,0.32365557709499504,0.32365557709499504,1.0,0.16828955748308502,crisis,reactive,transition,-0.22490354788348632,0.08104006865876001,-0.28216166195637027,0.766007645608783,0.05318374133337059,-0.06524128329450374,True
FN,2025-05-02,2026-04-23,218.25999450683594,689.4600219726562,356,2.1588932434938837,2.1558932434938836,2.1558932434938836,1.0,0.15966901431234995,crisis,reactive,transition,-0.01168267466870998,0.2644689979437189,-0.20197442593478632,0.5893537207164513,0.0528629033133582,-0.06524128329450374,True
BA,2025-05-05,2026-04-23,186.4600067138672,234.14999389648438,353,0.25576523364498227,0.25276523364498227,0.25276523364498227,1.0,0.17891130319505366,crisis,reserved,transition,0.027384434791315915,0.04254962454933886,-0.02591156359065727,0.5476083543730175,0.03915416452409059,-0.062331722580605375,True
NBIX,2025-05-06,2026-04-23,118.91999816894531,130.19000244140625,352,0.09476963039008846,0.09176963039008845,0.09176963039008845,1.0,0.15620133048456514,crisis,balanced,transition,0.0009258531488254285,-0.15485756168878384,-0.2242155171409792,2.6954851053225326,0.03148838580297914,-0.07574949881556514,True
RRX,2025-05-07,2026-04-23,128.70443725585938,213.47000122070312,351,0.6586063835261027,0.6556063835261027,0.6556063835261027,1.0,0.1676592338545151,crisis,balanced,transition,-0.03932812441985134,-0.2230292740200004,-0.2833719311821511,1.782187875963279,0.04390790669079916,-0.07204749358881934,True
IDXX,2025-05-07,2026-04-23,486.6099853515625,560.9299926757812,351,0.1527301320595067,0.1497301320595067,0.1497301320595067,1.0,0.2039756991605246,crisis,balanced,declining,0.04931641781772789,0.020424833464268266,-0.112883599143485,0.6249561126325398,0.027195953128489277,-0.07204749358881934,True
LIVN,2025-05-07,2026-04-23,43.5,65.1449966430664,351,0.4975861297256645,0.4945861297256645,0.4945861297256645,1.0,0.1828353767935701,crisis,reactive,declining,-0.09052899153859828,-0.30511180414831884,-0.311708869068425,3.409015945798344,0.05882054920388158,-0.07204749358881934,True
ROK,2025-05-08,2026-04-23,286.8423767089844,408.9100036621094,350,0.4255564618925487,0.4225564618925487,0.4225564618925487,1.0,0.1586377158590321,crisis,reactive,transition,-0.03115836823760365,0.09060493134268932,-0.039382625380266156,1.4372228533734013,0.030597922252303893,-0.06411635544500416,True
RL,2025-05-08,2026-04-23,248.5619354248047,371.1400146484375,350,0.49314903753923867,0.49014903753923866,0.49014903753923866,1.0,0.15060258110679645,crisis,balanced,growth,-0.07551079222595602,0.5328322743865614,-0.11977816346975811,1.2116935601443908,0.015544577155863118,-0.06411635544500416,True
LFUS,2025-05-09,2026-04-23,195.2863311767578,401.67999267578125,349,1.056877151899649,1.053877151899649,1.053877151899649,1.0,0.16260034994592265,crisis,balanced,declining,-0.19992452026703345,-0.21985314327628414,-0.27384331569443954,0.5904551172271646,0.025880293099117196,-0.07443245638276919,True
XRAY,2025-05-09,2026-04-23,15.229137420654297,11.899999618530273,349,-0.2186031756210256,-0.2216031756210256,-0.2216031756210256,1.0,0.17979485152408903,crisis,balanced,declining,-0.14899255037781023,-0.4135594761497756,-0.42533782154673505,1.2899838378031145,0.04101393028061895,-0.07443245638276919,True
CRL,2025-05-09,2026-04-23,138.7899932861328,167.74000549316406,349,0.20858861306626908,0.20558861306626908,0.20558861306626908,1.0,0.24625576955429324,crisis,balanced,declining,-0.0938826470896178,-0.41013218901599324,-0.4341799621469551,0.3786401375825948,0.04951056817784037,-0.07443245638276919,True
VC,2025-05-09,2026-04-23,83.70774841308594,109.4000015258789,349,0.30692801562413696,0.30392801562413696,0.30392801562413696,1.0,0.16570904380925988,crisis,reserved,declining,0.03479538873315979,-0.27514593217288774,-0.27756402979677286,0.7084106830715864,0.01450920919043183,-0.07443245638276919,True
APTV,2025-05-09,2026-04-23,61.970001220703125,60.40999984741211,349,-0.02517349269907465,-0.02817349269907465,-0.02817349269907465,1.0,0.15231329541094596,crisis,reactive,declining,-0.06685743406967348,-0.2551682272385901,-0.26792675601124627,0.624623363697509,0.01732742016565877,-0.07443245638276919,True
TTD,2025-05-09,2026-04-23,71.04000091552734,22.6200008392334,349,-0.6815878301278385,-0.6845878301278385,-0.6845878301278385,1.0,0.2699346531760851,crisis,reactive,transition,-0.13281246944097735,-0.1741455046748891,-0.49078916412654283,4.313764233132054,0.049111517486077776,-0.07443245638276919,True
ALV,2025-05-12,2026-04-23,98.87020111083984,116.30999755859375,346,0.17639082607107048,0.17339082607107048,0.17339082607107048,1.0,0.15933661026635826,normal,reactive,transition,0.03659817399080767,-0.17023391205146587,-0.2009747417402984,0.7947770355773529,0.018823729745162946,-0.0442283419584274,True
CGNX,2025-05-12,2026-04-23,31.367416381835938,54.099998474121094,346,0.724719620371699,0.721719620371699,0.721719620371699,1.0,0.17788499533140162,normal,balanced,declining,-0.04528897355311201,-0.3146144642805643,-0.3986076843216566,0.6300631826419161,0.023408032437094124,-0.0442283419584274,True
ZBRA,2025-05-12,2026-04-23,300.1099853515625,226.8699951171875,346,-0.24404382995980067,-0.24704382995980068,-0.24704382995980068,1.0,0.16400336065332466,normal,balanced,transition,-0.05732504347192591,-0.05178519636157186,-0.2873358604854347,2.41032978537777,0.035069320336130486,-0.0442283419584274,True
SYNA,2025-05-12,2026-04-23,65.0,84.94999694824219,346,0.30692302997295684,0.30392302997295684,0.30392302997295684,1.0,0.15105088169875963,normal,balanced,declining,-0.09809906652923095,-0.2908575452428238,-0.3351063975078352,1.8024221491348682,0.029440369259076497,-0.0442283419584274,True
MPC,2025-05-12,2026-04-23,154.8192596435547,221.10000610351562,346,0.42811693204425083,0.42511693204425083,0.42511693204425083,1.0,0.15713445174371704,normal,balanced,growth,0.019159984924897788,-0.11713201068048873,-0.11713201068048873,1.3684364300022613,0.01785107582480609,-0.0442283419584274,True
CDW,2025-05-12,2026-04-23,185.7033233642578,136.47000122070312,346,-0.26511815325449684,-0.26811815325449684,-0.26811815325449684,1.0,0.15336566191034684,normal,balanced,transition,0.0003393027771785295,-0.14278037806614285,-0.2051671161809263,1.262993762993763,0.023428178275222623,-0.0442283419584274,True
NVT,2025-05-12,2026-04-23,66.01374053955078,142.5500030517578,346,1.1593989658312407,1.1563989658312408,1.1563989658312408,1.0,0.16108811145132282,normal,reactive,transition,-0.022619512766527294,-0.17982760797582786,-0.21208537527408378,1.558526879705464,0.027754206402068438,-0.0442283419584274,True
BWA,2025-05-13,2026-04-23,32.66201400756836,56.13999938964844,345,0.718816218027456,0.715816218027456,0.715816218027456,1.0,0.1549167053234986,normal,reserved,transition,0.09926847040491382,-0.10476238771825086,-0.10785519542753108,1.259106194669556,0.017930471204820414,-0.0396487639185622,True
CF,2025-05-13,2026-04-23,85.73651885986328,125.58999633789062,345,0.46483666479587327,0.46183666479587326,0.46183666479587326,1.0,0.15639046041826243,normal,reserved,transition,0.05419366216836741,0.21636001112270598,-0.09232084683121211,1.4556321708577558,0.012709794122954811,-0.0396487639185622,True
PSX,2025-05-13,2026-04-23,121.12239074707031,159.52999877929688,345,0.31709750604601195,0.31409750604601194,0.31409750604601194,1.0,0.15904397668321504,normal,reserved,transition,-0.027468260215692708,-0.10774429924862994,-0.12422321599088593,3.6799377684356873,0.02517488758508835,-0.0396487639185622,True
AGCO,2025-05-15,2026-04-23,104.92707824707031,119.54000091552734,343,0.13926741230750928,0.13626741230750927,0.13626741230750927,1.0,0.16575703675337644,normal,reserved,transition,0.04190664114817744,-0.06657371996482664,-0.07258359103700351,0.9032438028720556,0.029693265879204126,-0.032789405365177715,True
FSLR,2025-05-15,2026-04-23,186.17999267578125,196.19000244140625,343,0.053765228055716374,0.05076522805571637,0.05076522805571637,1.0,0.35258954763263334,normal,reactive,growth,0.13462122512577412,-0.004225322456886227,-0.38086529225420185,1.0229566871745037,0.06922499743902755,-0.032789405365177715,True
CW,2025-05-23,2026-04-23,427.7052001953125,725.5,335,0.6962618169447059,0.6932618169447059,0.6932618169447059,1.0,0.1837142661812554,crisis,balanced,transition,0.3328448945258431,0.5301275324268107,0.0,1.3514811849479584,0.012073683591832451,-0.025473201071668505,True
ARMK,2025-05-30,2026-04-23,40.14048767089844,46.16999816894531,328,0.15021019543861258,0.14721019543861258,0.14721019543861258,1.0,0.16125265010431064,normal,reserved,mature,0.14261223349858043,0.3141116426695256,-0.03301656792444685,0.7442362763264467,0.02466882239854657,0.030176756600240218,True
XYZ,2025-06-02,2026-04-23,61.7599983215332,69.93000030517578,325,0.13228630514379458,0.12928630514379458,0.12928630514379458,1.0,0.22144788365232937,normal,reactive,transition,0.029333305358886674,-0.050138395722000406,-0.37565710205479996,0.5259392419439609,0.031979932878780926,0.02872339615328956,True
FLR,2025-06-03,2026-04-23,43.38999938964844,47.619998931884766,324,0.09748789125923518,0.09448789125923518,0.09448789125923518,1.0,0.16212820303021983,normal,balanced,growth,0.2653834421450947,-0.00023046396034120953,-0.26370271228663944,1.43400407276715,0.031677464493096864,0.06337274067433674,True
PII,2025-06-04,2026-04-23,40.00465393066406,59.40999984741211,323,0.4850772100261467,0.4820772100261467,0.4820772100261467,1.0,0.1538654067165738,normal,balanced,declining,-0.052918280698867615,-0.4706843251598398,-0.49956938166184317,1.202273237592544,0.032201134415056946,0.07156052363914989,True
HQY,2025-06-04,2026-04-23,113.05999755859375,77.75,323,-0.3123120318510021,-0.3153120318510021,-0.3153120318510021,1.0,0.17370502047305103,normal,balanced,growth,0.18090662295051652,0.39202161855883544,-0.012662689289898665,2.4712436849993393,0.027847043192431975,0.07156052363914989,True
TTMI,2025-06-06,2026-04-23,33.220001220703125,132.97999572753906,321,3.0030099590924832,3.000009959092483,3.000009959092483,1.0,0.1635111280996691,normal,balanced,transition,0.569201752526336,0.7604663350959713,0.0,0.9478343538840559,0.029321009622297466,0.08672246809867601,True
BWXT,2025-06-10,2026-04-23,131.15231323242188,225.50999450683594,317,0.7194511400435453,0.7164511400435453,0.7164511400435453,1.0,0.18038595131081175,normal,reserved,transition,0.320108794732342,0.4860876354824253,-0.006951869989598403,1.657200793930385,0.027425969871173413,0.06408497686327186,True
NEM,2025-06-13,2026-04-23,57.42462921142578,111.05999755859375,314,0.9340133159535688,0.9310133159535688,0.9310133159535688,1.0,0.1536503596429553,normal,balanced,declining,0.21798723443471069,0.4430657310758648,0.0,1.6787226832007947,0.022886778258605144,0.055462859165936074,True
MU,2025-06-13,2026-04-23,115.3239517211914,481.7200012207031,314,3.1771027963498453,3.174102796349845,3.174102796349845,1.0,0.1720466716082679,normal,balanced,transition,0.12379126803089147,-0.17489965273793795,-0.2431874690205228,0.9579683364926218,0.020290019910237413,0.055462859165936074,True
NTRS,2025-07-02,2026-04-23,129.72865295410156,165.38999938964844,295,0.27489182708282645,0.27189182708282644,0.27189182708282644,1.0,0.17477673905644453,crisis,reactive,transition,0.555519044590165,0.6235511726059946,0.0,0.7195152606071898,0.02373658828300715,0.23016838794508376,True
NKE,2025-07-02,2026-04-23,75.01504516601562,44.779998779296875,295,-0.4030530984791869,-0.4060530984791869,-0.4060530984791869,1.0,0.1724474637581852,crisis,reserved,transition,0.3828025641635071,0.015590459016711744,-0.13146999237238322,1.6271331353513439,0.04026067174461392,0.23016838794508376,True
ADM,2025-07-02,2026-04-23,54.55021667480469,70.02999877929688,295,0.2837712304017648,0.28077123040176477,0.28077123040176477,1.0,0.15384621924881148,crisis,reserved,declining,0.31396471336940523,-0.04127469863702227,-0.11538199103591962,1.0460308308074746,0.018959933364346294,0.23016838794508376,True
ILMN,2025-07-02,2026-04-23,100.33999633789062,125.44000244140625,295,0.25014956168617375,0.24714956168617375,0.24714956168617375,1.0,0.162861931148672,crisis,reactive,transition,0.3660993942395525,-0.04890998731857232,-0.353271026199091,0.9315288850083548,0.015089545873365763,0.23016838794508376,True
RCL,2025-07-03,2026-04-23,330.56243896484375,260.42999267578125,294,-0.21216096574275722,-0.21516096574275723,-0.21516096574275723,1.0,0.1534250505788448,crisis,balanced,growth,0.8614965979847751,1.1592695712566514,0.0,0.49845411748015095,0.020133352621598412,0.26021270759893,True
PTC,2025-07-09,2026-04-23,210.47000122070312,135.8300018310547,288,-0.3546348598695518,-0.3576348598695518,-0.3576348598695518,1.0,0.18697728275916184,normal,reactive,mature,0.44832088227968736,0.12358527114733509,0.0,3.827344579018625,0.04189193962400758,0.16778659744699653,True
NUE,2025-07-11,2026-04-23,140.86209106445312,212.9499969482422,286,0.5117622870641922,0.5087622870641922,0.5087622870641922,1.0,0.15521141423992668,normal,reserved,transition,0.29433741105541733,-0.055484953251225044,-0.13955283588945167,0.5501058832120341,0.016552089089765472,0.15993687466624595,True
CCL,2025-07-14,2026-04-23,29.185091018676758,26.649999618530273,283,-0.0868625490502728,-0.0898625490502728,-0.0898625490502728,1.0,0.16001250661322444,normal,balanced,transition,0.6407385310486324,0.6181013953849392,-0.02136179116188508,0.5150443990595895,0.026395439875351957,0.18819489859628757,True
NCLH,2025-07-14,2026-04-23,23.270000457763672,18.420000076293945,283,-0.20842287434728435,-0.21142287434728435,-0.21142287434728435,1.0,0.16187186298693543,normal,reactive,transition,0.44623991529428064,0.21896282198872208,-0.1995183797023985,0.8308885186072682,0.024823890489000924,0.18819489859628757,True
SNPS,2025-07-17,2026-04-23,589.010009765625,456.8500061035156,280,-0.22437649865186093,-0.22737649865186094,-0.22737649865186094,1.0,0.15120267839457568,normal,balanced,transition,0.42479443266057104,-0.03915107358389802,-0.03915107358389802,1.7789426367023904,0.01884620618810214,0.190931536682041,True
IVZ,2025-07-18,2026-04-23,19.396329879760742,25.3700008392334,279,0.30797944747815054,0.30497944747815053,0.30497944747815053,1.0,0.23814633520381895,normal,balanced,transition,0.4945177571350208,0.27127864647141475,0.0,5.486623038058399,0.03628038435550053,0.17130844166372006,True
DHI,2025-07-22,2026-04-23,152.19557189941406,164.22000122070312,275,0.0790064334410201,0.0760064334410201,0.0760064334410201,1.0,0.16921580554632643,calm,reserved,transition,0.2362766147651698,-0.10795753235326577,-0.21438085608581603,2.738934852861867,0.04449780777398154,0.14196929379981493,True
BURL,2025-07-22,2026-04-23,275.44000244140625,329.6199951171875,275,0.1967034279536315,0.1937034279536315,0.1937034279536315,1.0,0.16179548517573628,calm,balanced,transition,0.23421608953409234,0.12562323611171133,-0.06785335698534367,0.8555831469205984,0.013629092929569007,0.14196929379981493,True
MEDP,2025-07-22,2026-04-23,477.7300109863281,393.4200134277344,275,-0.17648042957260768,-0.17948042957260768,-0.17948042957260768,1.0,0.5042090847540472,calm,reactive,shake_out,0.6001675783608231,0.13391567670996873,0.0,7.375397754439187,0.12653311375364085,0.14196929379981493,True
TEL,2025-07-23,2026-04-23,200.70877075195312,217.72999572753906,274,0.08480558628213464,0.08180558628213463,0.08180558628213463,1.0,0.15188399052130083,calm,balanced,transition,0.4004452712527271,0.3439594851948513,0.0,2.377205796929496,0.027941103834716225,0.15015331788378927,True
GNTX,2025-07-25,2026-04-23,27.01003646850586,23.030000686645508,272,-0.14735395809262009,-0.1503539580926201,-0.1503539580926201,1.0,0.22111282209080593,calm,balanced,transition,0.2655588654881924,-0.13939047422490203,-0.14124069374175907,2.426514835902421,0.03895402706078131,0.14716667974522668,True
CHRW,2025-07-31,2026-04-23,113.91362762451172,183.74000549316406,266,0.6129765097009976,0.6099765097009976,0.6099765097009976,1.0,0.15391478392531882,calm,balanced,transition,0.31423776273511406,0.3232041119160347,0.0,4.66726780883679,0.04407037670791161,0.13063879392685784,True
EBAY,2025-07-31,2026-04-23,90.83805084228516,103.4000015258789,266,0.1382895225856846,0.1352895225856846,0.1352895225856846,1.0,0.19836102451802226,calm,reserved,transition,0.30922742625735355,0.6851115485513226,0.0,3.6575037602663385,0.04394702825922415,0.13063879392685784,True
APPF,2025-08-01,2026-04-23,319.1499938964844,152.3000030517578,265,-0.522794905328571,-0.525794905328571,-0.525794905328571,1.0,0.3265703001502465,calm,reactive,growth,0.48774001277350965,0.44098789982413256,0.0,3.678053813002313,0.0460766974941277,0.10774282287803527,True
SPXC,2025-08-04,2026-04-23,200.97999572753906,223.9600067138672,262,0.11433979239148373,0.11133979239148373,0.11133979239148373,1.0,0.15158398648976829,calm,balanced,growth,0.3456078930519897,0.4026101273255438,0.0,1.532988247989344,0.02214376030088314,0.11758599259346036,True
GL,2025-08-06,2026-04-23,140.3509979248047,153.97000122070312,260,0.09703531501211726,0.09403531501211726,0.09403531501211726,1.0,0.17764861171694685,calm,reactive,transition,0.17252904013114212,0.6074410647019091,-0.014238918947304668,1.0052159921924972,0.02410920078284682,0.08570394224164768,True
BCO,2025-08-12,2026-04-23,108.4221420288086,110.87000274658203,254,0.022577129283454234,0.019577129283454234,0.019577129283454234,1.0,0.15659945524003085,calm,balanced,mature,0.2462868193817671,0.14665170299209218,-0.04829088768992851,1.4640174921570492,0.03445519237074382,0.08179738324815311,True
INCY,2025-08-12,2026-04-23,81.61000061035156,95.47000122070312,254,0.16983213462436297,0.16683213462436297,0.16683213462436297,1.0,0.1667911955453343,calm,reserved,transition,0.2890538436282657,0.33611653837343014,-0.021228072695743005,1.0409514115326444,0.027875835206974633,0.08179738324815311,True
MMS,2025-08-12,2026-04-23,81.88990020751953,65.55000305175781,254,-0.1995349501508039,-0.20253495015080392,-0.20253495015080392,1.0,0.16085595389646234,calm,balanced,transition,0.10494747175523367,-0.029832006450026705,-0.0996666153595156,1.2468195578862027,0.018866551175473357,0.08179738324815311,True
WMS,2025-08-12,2026-04-23,136.30601501464844,153.02000427246094,254,0.12262106889425461,0.11962106889425461,0.11962106889425461,1.0,0.16798002950848973,calm,balanced,transition,0.12424915400825398,-0.030523641656651335,-0.16019778188713518,1.042239328558582,0.043330375819002113,0.08179738324815311,True
TER,2025-08-13,2026-04-23,113.7618408203125,400.989990234375,253,2.5248198107812008,2.5218198107812007,2.5218198107812007,1.0,0.1773287010423751,calm,balanced,declining,0.40154035110244823,-0.06360047099458355,-0.1835353862118978,1.0710928169035743,0.04805951018327508,0.08434166815887356,True
GLW,2025-08-13,2026-04-23,65.1288070678711,169.5,253,1.6025350014988469,1.599535001498847,1.599535001498847,1.0,0.18673064708254145,calm,reactive,mature,0.37358235970584497,0.7130205557939611,-0.0004561815705690364,0.7062698239134975,0.028911909858260514,0.08434166815887356,True
LSCC,2025-08-13,2026-04-23,65.22000122070312,118.01000213623047,253,0.8094142889830236,0.8064142889830236,0.8064142889830236,1.0,0.17540896583842364,calm,reactive,declining,0.29250896559711514,0.41782611349354615,-0.05175919775772553,1.0699243802048435,0.04304988499283453,0.08434166815887356,True
PSKY,2025-08-13,2026-04-23,14.826323509216309,11.270000457763672,253,-0.23986546963189914,-0.24286546963189914,-0.24286546963189914,1.0,0.20691011097791304,calm,reactive,declining,0.27872190378178274,0.47945637102967464,0.0,4.74890119514014,0.09698877970956717,0.08434166815887356,True
VTRS,2025-08-15,2026-04-23,10.282657623291016,14.75,251,0.43445406240018225,0.43145406240018225,0.43145406240018225,1.0,0.16203510564010856,calm,balanced,transition,0.26909612100009794,-0.02535065923067581,-0.1849329415844121,0.9725005991872124,0.025270443965491704,0.10354667900219572,True
KBH,2025-08-15,2026-04-23,62.36803436279297,56.13999938964844,251,-0.0998594077362811,-0.1028594077362811,-0.1028594077362811,1.0,0.151492034308295,calm,balanced,shake_out,0.22906231316728376,-0.19225255598362512,-0.2872392443328011,0.9930897908807553,0.02848824810573231,0.10354667900219572,True
HOG,2025-08-18,2026-04-23,27.013996124267578,23.3799991607666,248,-0.13452274690438837,-0.13752274690438837,-0.13752274690438837,1.0,0.1519143734517283,calm,balanced,declining,0.1263062399074215,-0.2307548502843626,-0.2860003557114269,0.6654860193060786,0.04565927993815273,0.10392658709528813,True
THC,2025-08-21,2026-04-23,177.38999938964844,188.3300018310547,245,0.06167203607332916,0.05867203607332916,0.05867203607332916,1.0,0.17993399109934416,calm,reactive,shake_out,0.0772454081626508,0.14282951935699573,-0.025008260914051283,0.745083057791361,0.017110530367752876,0.08178925765459488,True
AIZ,2025-08-21,2026-04-23,212.3150177001953,230.4600067138672,245,0.08546257919114297,0.08246257919114297,0.08246257919114297,1.0,0.15704024089814292,calm,reserved,shake_out,0.08946076915307355,0.14878073891203858,-0.05008033263047684,0.671815861279817,0.02903685145706918,0.08178925765459488,True
UNH,2025-08-26,2026-04-23,294.2649230957031,354.55999755859375,240,0.2049006515237326,0.2019006515237326,0.2019006515237326,1.0,0.15008820578745158,calm,reserved,transition,-0.007079642372615158,-0.4763087782245512,-0.5121613198621855,0.7470439704879325,0.038428543008316676,0.08928661765982104,True
PEN,2025-08-26,2026-04-23,266.0,333.0,240,0.25187969924812026,0.24887969924812026,0.24887969924812026,1.0,0.155845376387717,calm,reactive,transition,0.038413476722424456,0.2659432999303435,-0.12430869288804625,1.2326330660324623,0.02081998065157061,0.08928661765982104,True
NYT,2025-08-27,2026-04-23,59.317840576171875,80.43000030517578,239,0.355915851351553,0.352915851351553,0.352915851351553,1.0,0.15579805215059364,calm,reserved,transition,0.0708568540125929,0.0982326719963953,-0.034221088227711416,0.4659243002573196,0.04083322522494073,0.0855943224834752,True
VFC,2025-08-28,2026-04-23,14.661831855773926,20.020000457763672,238,0.36545014665951614,0.36245014665951614,0.36245014665951614,1.0,0.18176407940640968,calm,reactive,transition,0.1955148650026295,-0.1446668739251341,-0.4402290211748209,1.2624486642816506,0.03330025964054135,0.08894099786731013,True
PSTG,2025-08-28,2026-04-23,80.54000091552734,69.9800033569336,238,-0.13111494212260288,-0.1341149421226029,-0.1341149421226029,1.0,0.3096009379039142,calm,reactive,transition,0.4718567090428958,0.317735640101781,0.0,6.349106110414709,0.07617060435555688,0.08894099786731013,True
THO,2025-08-29,2026-04-23,107.80545806884766,78.80999755859375,237,-0.2689609694134092,-0.2719609694134092,-0.2719609694134092,1.0,0.15068423577172102,calm,balanced,transition,0.2819323031444647,0.042831874369045675,-0.03421643270739305,0.5843459039883825,0.028029882350746063,0.08771403668263056,True
ZBH,2025-08-29,2026-04-23,105.2744369506836,92.44000244140625,237,-0.12191406462035703,-0.12491406462035703,-0.12491406462035703,1.0,0.15031761608073518,calm,reactive,transition,0.15725780208986118,-0.06226069386368449,-0.07824335897158419,0.415573146923225,0.021413241693388048,0.08771403668263056,True
ALK,2025-09-02,2026-04-23,62.59000015258789,41.15999984741211,233,-0.3423869668146936,-0.3453869668146936,-0.3453869668146936,1.0,0.1566328164255803,calm,balanced,transition,0.19219047909691223,0.7483240638674105,-0.1828981540550083,1.1921373278802203,0.03297314013368491,0.0691925459874354,True
UTHR,2025-09-02,2026-04-23,404.80999755859375,572.8499755859375,233,0.4151082706474436,0.4121082706474436,0.4121082706474436,1.0,0.36242454554870207,calm,reactive,mature,0.24243443759969363,0.12378545385260487,-0.012658542540015194,3.8951556921856407,0.07627345199439868,0.0691925459874354,True
UAL,2025-09-02,2026-04-23,104.68000030517578,91.25,233,-0.12829576104339913,-0.13129576104339913,-0.13129576104339913,1.0,0.1600553855478033,calm,reactive,growth,0.2427875594588682,1.45497189970853,-0.05284108320009617,1.5066126521294385,0.028994251010095493,0.0691925459874354,True
LEA,2025-09-02,2026-04-23,107.78003692626953,129.72000122070312,233,0.20356241211387172,0.2005624121138717,0.2005624121138717,1.0,0.15783805633818304,calm,balanced,declining,0.24358541322416993,-0.020495892958719897,-0.02687755775418421,1.2330150013123624,0.016716772880614295,0.0691925459874354,True
CNC,2025-09-03,2026-04-23,30.059999465942383,41.09000015258789,232,0.36693283042610725,0.36393283042610725,0.36393283042610725,1.0,0.15136591558480553,calm,reserved,declining,-0.4609038670947392,-0.6186731096319676,-0.6253272066784159,0.9285191074267951,0.02055505662360603,0.07365779726605814,True
GOOGL,2025-09-03,2026-04-23,230.14125061035156,338.8900146484375,232,0.4725305165835165,0.4695305165835165,0.4695305165835165,1.0,0.15096451231472818,calm,reactive,transition,0.3098985181790366,0.41863965183333973,0.0,3.082598041518799,0.023128505834379923,0.07365779726605814,True
TKO,2025-09-04,2026-04-23,187.9014129638672,186.25999450683594,231,-0.008735530143921255,-0.011735530143921254,-0.011735530143921254,1.0,0.18657163954052552,calm,reactive,growth,0.15748260858531027,0.6184092684674143,-0.006273458592155223,0.8133983665827027,0.027427834298518528,0.07671544808268593,True
GHC,2025-09-05,2026-04-23,1125.6156005859375,1132.0,230,0.005671918024891642,0.0026719180248916423,0.0026719180248916423,1.0,0.15015793333104988,calm,reactive,mature,0.18459991323337488,0.5058378092374822,0.0,0.5985866703616461,0.015806611469290584,0.07626061859896271,True
LEN,2025-09-05,2026-04-23,139.90887451171875,94.18000030517578,230,-0.3268475596429212,-0.32984755964292123,-0.32984755964292123,1.0,0.16095249408471743,calm,reactive,transition,0.278008033870516,-0.1652639490651827,-0.22659507993619143,1.3340479423479281,0.021637703625394217,0.07626061859896271,True
MIDD,2025-09-05,2026-04-23,144.42999267578125,145.3800048828125,230,0.006577665687236056,0.003577665687236056,0.003577665687236056,1.0,0.16213798367182577,calm,balanced,transition,-0.01554095790161547,0.054233523180885035,-0.16461337737485815,0.9745459013372105,0.030080994966018553,0.07626061859896271,True
GOOG,2025-09-05,2026-04-23,234.64149475097656,337.75,230,0.43942997106480175,0.43642997106480175,0.43642997106480175,1.0,0.15829487152308555,calm,reactive,transition,0.315342025202789,0.4973640879130723,0.0,1.1274392513282452,0.022405623939396064,0.07626061859896271,True
GWRE,2025-09-05,2026-04-23,260.7099914550781,131.25,230,-0.4965670503555858,-0.4995670503555858,-0.4995670503555858,1.0,0.18033172692294805,calm,reactive,shake_out,0.03972080341008222,0.7725726693595365,0.0,4.1845598123737195,0.047305449413323285,0.07626061859896271,True
TOL,2025-09-08,2026-04-23,147.1667938232422,149.25,227,0.014155409128909113,0.011155409128909114,0.011155409128909114,1.0,0.15186899961105194,calm,reactive,shake_out,0.3414956193242118,0.08282994422339374,-0.1121994842416636,0.8109495202696863,0.0189560013522434,0.07442031511647329,True
VLO,2025-09-09,2026-04-23,159.83837890625,233.8300018310547,226,0.46291524871009226,0.45991524871009226,0.45991524871009226,1.0,0.1816968700838072,calm,reactive,transition,0.21655986081152467,0.2455487062375008,0.0,1.6535714056767261,0.011160154816644932,0.08961725241782936,True
ORCL,2025-09-10,2026-04-23,325.75933837890625,176.27999877929688,225,-0.4588643270933428,-0.4618643270933428,-0.4618643270933428,1.0,0.29705222586789587,calm,balanced,growth,0.5586341351161177,1.3716172403944564,0.0,7.051274358641927,0.08601797171967683,0.08269867234108275,True
AVGO,2025-09-10,2026-04-23,367.4624938964844,419.94000244140625,225,0.14281051649234433,0.13981051649234433,0.13981051649234433,1.0,0.1551075233357992,calm,reactive,growth,0.4694164331641897,1.6543226776957298,0.0,2.002542043179455,0.03563565608901486,0.08269867234108275,True
WBD,2025-09-11,2026-04-23,16.170000076293945,26.899999618530273,224,0.6635744892770323,0.6605744892770323,0.6605744892770323,1.0,0.2951549791871592,calm,reactive,transition,0.5283554057559743,1.3034188205453239,0.0,4.860270795386637,0.06849045771872098,0.10108278145776439,True
TSLA,2025-09-15,2026-04-23,410.0400085449219,373.7200012207031,220,-0.08857674023836071,-0.09157674023836071,-0.09157674023836071,1.0,0.16804586394841242,calm,reactive,transition,0.27278372201343637,0.7842566159045172,-0.14550072716625462,1.9367333099729465,0.030351482437173345,0.10848815624372032,True
LRCX,2025-09-16,2026-04-23,119.89131927490234,258.55999755859375,219,1.1566198380529444,1.1536198380529445,1.1536198380529445,1.0,0.15841570287398668,calm,balanced,transition,0.3150310615349443,0.5833783309532203,0.0,0.9357554510175438,0.02399809245997813,0.09652671232366039,True
AMKR,2025-09-18,2026-04-23,29.044086456298828,72.91000366210938,217,1.5103218092885577,1.5073218092885579,1.5073218092885579,1.0,0.17821094564815818,calm,reactive,transition,0.3927472894529991,-0.020548050498732096,-0.05799497579702062,1.9891627581151736,0.02647196529017685,0.08860564903792212,True
MKSI,2025-09-18,2026-04-23,129.59642028808594,280.55999755859375,217,1.1648745924842974,1.1618745924842975,1.1618745924842975,1.0,0.18729706128875667,calm,balanced,declining,0.3196039524582608,0.2013274923030779,0.0,2.1461419151194114,0.029619791693289377,0.08860564903792212,True
AMAT,2025-09-22,2026-04-23,199.87843322753906,403.9100036621094,213,1.0207783157991006,1.0177783157991007,1.0177783157991007,1.0,0.162388392549432,calm,balanced,transition,0.09761852271838878,0.029975051128281915,-0.05275433227563431,1.8918912310771145,0.0240951890240437,0.08434704135995186,True
AAON,2025-10-02,2026-04-23,98.1219482421875,98.70999908447266,203,0.005993061214334183,0.002993061214334183,0.002993061214334183,1.0,0.15816724364803528,calm,balanced,growth,0.23104089491541768,-0.07361907112827315,-0.2983858068489028,0.6140607133020057,0.03815745311123976,0.06924495011888165,True
TECH,2025-10-10,2026-04-23,58.502262115478516,52.20000076293945,195,-0.10772679764243875,-0.11072679764243876,-0.11072679764243876,1.0,0.15359220827393433,normal,balanced,transition,0.12932876663605986,-0.20582019843080268,-0.25188496875832944,0.5601335835106979,0.03064064623926226,0.04061112487094665,True
BRKR,2025-10-10,2026-04-23,35.190433502197266,36.220001220703125,195,0.029257034257380576,0.026257034257380577,0.026257034257380577,1.0,0.15397926040522206,normal,balanced,declining,-0.12863391890640974,-0.4519295962121016,-0.4519295962121016,0.9094358481924131,0.03552877364197245,0.04061112487094665,True
CAT,2025-10-14,2026-04-23,523.7340698242188,835.239990234375,191,0.594778797787028,0.591778797787028,0.591778797787028,1.0,0.17659935128556495,calm,reactive,mature,0.26433994432451446,0.3328184323073289,0.0,1.6381701629078886,0.017831096127487102,0.05304438859869709,True
CXT,2025-10-15,2026-04-23,67.15042877197266,45.36000061035156,190,-0.32450169805492013,-0.32750169805492013,-0.32750169805492013,1.0,0.1726878567481257,calm,balanced,mature,0.13572044490510482,0.24270537882147059,-0.019010368136615496,0.5534148656949797,0.03833523803519519,0.04908858509927927,True
JBHT,2025-10-16,2026-04-23,168.7907257080078,253.7100067138672,189,0.503103951059265,0.500103951059265,0.500103951059265,1.0,0.2516687548711956,normal,balanced,transition,0.1360674040408616,-0.01811563489623924,-0.1323347194545771,3.932246415134253,0.05387563308431152,0.041757835493032136,True
BG,2025-10-16,2026-04-23,94.09432220458984,126.41999816894531,189,0.3435454468131409,0.3405454468131409,0.3405454468131409,1.0,0.18587649152482408,normal,balanced,transition,0.2500389967887322,0.04228533654565303,0.0,2.0224126186113005,0.032486667528100456,0.041757835493032136,True
KNX,2025-10-17,2026-04-23,46.720088958740234,65.7699966430664,188,0.40774553535524416,0.40474553535524416,0.40474553535524416,1.0,0.16869489847902416,calm,reserved,transition,0.05336177413933618,-0.10624539891985174,-0.1990699253655357,1.1979861269113417,0.030425212441850178,0.043103011441129935,True
ALB,2025-10-20,2026-04-23,95.61383819580078,193.13999938964844,185,1.0200004835506213,1.0170004835506214,1.0170004835506214,1.0,0.17925024339994933,calm,reactive,declining,0.2927863775812305,0.037548136141766886,-0.11747824186846811,0.8280280903246795,0.03907651496320247,0.05404887221693544,True
VICR,2025-10-21,2026-04-23,65.80000305175781,260.1300048828125,184,2.9533433558991797,2.9503433558991796,2.9503433558991796,1.0,0.19993611316007115,calm,reactive,transition,0.4391951289354292,0.6033138787495156,0.0,4.200893202880967,0.0513480437454367,0.0572120941594958,True
BIO,2025-10-21,2026-04-23,331.2699890136719,281.4200134277344,184,-0.15048141165567563,-0.15348141165567564,-0.15348141165567564,1.0,0.15369120559298,calm,reactive,transition,0.3114409382789851,-0.043595017802875335,-0.11491399461873697,1.829072315558802,0.02513222529320129,0.0572120941594958,True
TMO,2025-10-21,2026-04-23,557.0200805664062,466.70001220703125,184,-0.16214867562320734,-0.16514867562320734,-0.16514867562320734,1.0,0.163497219190325,calm,reactive,declining,0.15831032357922825,-0.06938808265872543,-0.0777885924575289,1.524688366322238,0.02684341473201514,0.0572120941594958,True
WAT,2025-10-22,2026-04-23,348.6700134277344,311.20001220703125,183,-0.10746551116438119,-0.11046551116438119,-0.11046551116438119,1.0,0.16708568848443853,calm,reserved,transition,0.16584747680747802,0.009175147402993744,-0.16442193623531653,0.8315161876888081,0.020432106305327356,0.052884691754470525,True
DHR,2025-10-22,2026-04-23,217.335205078125,178.57000732421875,183,-0.17836593818277813,-0.18136593818277813,-0.18136593818277813,1.0,0.15797154762255314,calm,reserved,declining,0.07105876096510855,-0.19356504393152496,-0.19356504393152496,0.8609896366611485,0.028120406190658812,0.052884691754470525,True
ISRG,2025-10-22,2026-04-23,527.030029296875,478.82000732421875,183,-0.09147490520981227,-0.09447490520981228,-0.09447490520981228,1.0,0.1697675565501276,calm,reactive,shake_out,0.05298599231545564,0.015746143807518154,-0.1366532578295121,3.0955590455405964,0.03514236696091203,0.052884691754470525,True
IQV,2025-10-22,2026-04-23,217.86000061035156,160.67999267578125,183,-0.262462167329368,-0.265462167329368,-0.265462167329368,1.0,0.17582686096355735,calm,balanced,declining,0.1374125939583828,-0.05765821052073006,-0.05765821052073006,1.0411898235798318,0.02416679204446194,0.052884691754470525,True
CACI,2025-10-23,2026-04-23,584.5700073242188,526.489990234375,182,-0.09935510950295978,-0.10235510950295978,-0.10235510950295978,1.0,0.20970398185369055,calm,reserved,mature,0.2692316000349324,0.11684919531099403,0.0,3.0551844813637135,0.031478415129283885,0.06294766469350743,True
CRS,2025-10-23,2026-04-23,300.0976257324219,426.6600036621094,182,0.42173735170612514,0.41873735170612514,0.41873735170612514,1.0,0.26571828338355424,calm,reactive,growth,0.20601284589736868,0.9333545472302642,0.0,4.243686596157997,0.056315186742977835,0.06294766469350743,True
NOVT,2025-10-24,2026-04-23,128.64999389648438,133.02000427246094,181,0.033968212851162694,0.030968212851162694,0.030968212851162694,1.0,0.20100715447494488,calm,reactive,transition,0.0711906372272404,-0.2516868586162945,-0.29564742296462454,2.669374655232937,0.028177772260708327,0.08875910692418998,True
MPWR,2025-10-27,2026-04-23,1100.9830322265625,1592.1700439453125,178,0.4461349515309083,0.4431349515309083,0.4431349515309083,1.0,0.1584409863121741,calm,reactive,transition,0.33272085157572207,0.23845824718103836,0.0,1.019218232069564,0.038065664916231375,0.08613355259143662,True
ATI,2025-10-28,2026-04-23,98.52999877929688,154.0500030517578,177,0.5634832534284655,0.5604832534284655,0.5604832534284655,1.0,0.16149934706137753,calm,balanced,growth,0.32308308264005947,0.605245960650199,0.0,2.580848767841024,0.03326590922190333,0.09393274386331751,True
FLS,2025-10-29,2026-04-23,68.53939056396484,81.91000366210938,176,0.1950792527935643,0.1920792527935643,0.1920792527935643,1.0,0.2599591557950983,calm,reactive,transition,0.2871122576822067,0.3230916260165355,0.0,4.749281930868782,0.07294360466680676,0.08597708770579482,True
KEX,2025-10-29,2026-04-23,100.98999786376953,150.85000610351562,176,0.4937123407706647,0.4907123407706647,0.4907123407706647,1.0,0.15465611281221672,calm,balanced,transition,0.0016861552217801723,-0.19065556297692887,-0.22642669089995293,2.5152858415048533,0.033904454889095735,0.08597708770579482,True
LITE,2025-10-29,2026-04-23,214.27999877929688,846.8900146484375,176,2.9522588177756774,2.9492588177756773,2.9492588177756773,1.0,0.179103320277154,calm,reactive,transition,0.9478228762685055,2.2986453478955804,0.0,2.0278816065804763,0.044706881115856904,0.08597708770579482,True
CAH,2025-10-30,2026-04-23,188.91000366210938,204.72000122070312,175,0.0836906317934969,0.08069063179349689,0.08069063179349689,1.0,0.1900167379047549,calm,reserved,transition,0.24150999969414522,0.749675568072973,0.0,3.162751529901416,0.03591023799698058,0.07607883970820195,True
WCC,2025-10-31,2026-04-23,258.6025390625,318.19000244140625,174,0.2304210298743623,0.2274210298743623,0.2274210298743623,1.0,0.15924846355763878,calm,reactive,transition,0.27308337311458475,0.47382000009218017,0.0,1.8339366688259726,0.035993163026306785,0.07054597597938628,True
LVS,2025-11-03,2026-04-23,61.1609001159668,51.95000076293945,171,-0.1506011084788258,-0.1536011084788258,-0.1536011084788258,1.0,0.16305349685410117,calm,reactive,shake_out,0.16427768794962194,0.21589343916552495,0.0,1.0722982556619092,0.03863405412689781,0.07508021634548712,True
DD,2025-11-05,2026-04-23,39.271446228027344,46.369998931884766,169,0.18075608070657978,0.17775608070657978,0.17775608070657978,1.0,0.18134864425443614,calm,balanced,transition,0.28691165860678103,0.18153518934646184,0.0,1.7512154116627834,0.02811520841980103,0.050986759145353444,True
HAL,2025-11-06,2026-04-23,27.026412963867188,39.650001525878906,168,0.46708338908640057,0.46408338908640057,0.46408338908640057,1.0,0.15706875731141656,calm,balanced,transition,0.2897569012244823,-0.01454978995861489,-0.12113489120080723,0.7052216686443782,0.031864932669473774,0.03892374224102979,True
MTSI,2025-11-06,2026-04-23,166.9199981689453,284.3999938964844,168,0.7038101906078003,0.7008101906078003,0.7008101906078003,1.0,0.23827582660770938,calm,reactive,shake_out,0.33110044767023306,0.43045672016984615,0.0,2.18109216490395,0.03551118719344782,0.03892374224102979,True
COHR,2025-11-07,2026-04-23,154.50999450683594,337.67999267578125,167,1.1854896426188235,1.1824896426188236,1.1824896426188236,1.0,0.2789830870916848,calm,reactive,shake_out,0.6542825694068637,0.5539574980650281,-0.030069105167346177,1.8372516807708767,0.05341076348902862,0.04325715657053908,True
EPAM,2025-11-07,2026-04-23,175.3000030517578,120.7699966430664,167,-0.31106677386988557,-0.3140667738698856,-0.3140667738698856,1.0,0.16331595688319428,calm,reactive,transition,0.11153379994336121,-0.1351324636624165,-0.344991219768065,1.8286657640323998,0.02445545077050646,0.04325715657053908,True
GMED,2025-11-07,2026-04-23,83.88999938964844,94.37999725341797,167,0.12504467683979903,0.12204467683979903,0.12204467683979903,1.0,0.39860350721846916,calm,balanced,transition,0.3850090773042705,0.014266718876041029,-0.10105015362209435,6.763525397638425,0.0825268405897831,0.04325715657053908,True
AKAM,2025-11-11,2026-04-23,90.61000061035156,96.18000030517578,163,0.061472239899619696,0.058472239899619693,0.058472239899619693,1.0,0.17599626041541958,calm,balanced,transition,0.1845993350886228,0.013874877762795501,-0.11253670945628724,2.10156723802228,0.03872732155909434,0.06788560606210625,True
EW,2025-11-12,2026-04-23,85.58000183105469,79.72000122070312,162,-0.06847394817681718,-0.07147394817681718,-0.07147394817681718,1.0,0.15110361160941732,calm,balanced,declining,0.05148055624557668,0.2830585569211195,0.0,0.5826460122014412,0.016524084460244823,0.07116257157181516,True
REGN,2025-11-13,2026-04-23,693.2857666015625,766.02001953125,161,0.10491237009844534,0.10191237009844534,0.10191237009844534,1.0,0.18195206795105234,calm,reactive,transition,0.16187983066258416,-0.1498545655374175,-0.1498545655374175,1.4900050976723929,0.029486391165521347,0.057662561125509715,True
HSIC,2025-11-13,2026-04-23,73.33999633789062,78.22000122070312,161,0.06653947540888105,0.06353947540888105,0.06353947540888105,1.0,0.15114058146227483,calm,reserved,transition,0.07520887439193302,0.08716272358757515,-0.10462711440682226,0.8178621361691311,0.027215153578611782,0.057662561125509715,True
TRGP,2025-11-14,2026-04-23,172.2410430908203,239.91000366210938,160,0.3928736110568498,0.3898736110568498,0.3898736110568498,1.0,0.15181481378638673,calm,reserved,growth,0.06731605208787284,-0.0832445313590694,-0.1854626443914632,1.099246422796473,0.019845140730518636,0.04131798657710006,True
EXEL,2025-11-17,2026-04-23,42.41999816894531,46.04999923706055,157,0.08557287187184914,0.08257287187184914,0.08257287187184914,1.0,0.2198420937152736,normal,reserved,transition,0.11926112034533976,0.21027101547243432,-0.08300908542835894,0.7829259015360589,0.02503719372887926,0.03619797407089176,True
CMI,2025-11-19,2026-04-23,469.64642333984375,656.9299926757812,155,0.3987756746960598,0.3957756746960598,0.3957756746960598,1.0,0.15518231951639205,normal,balanced,mature,0.17902349899376713,0.3269550101702865,-0.022876415823315677,1.3136124076903153,0.024369131168488503,0.024803322789590077,True
DY,2025-11-19,2026-04-23,325.2900085449219,414.3500061035156,155,0.2737864527624885,0.27078645276248847,0.27078645276248847,1.0,0.18256067921018157,normal,balanced,transition,0.27250323644144725,0.6610836210150994,0.0,2.9587238765059034,0.02959889720440956,0.024803322789590077,True
ENS,2025-11-19,2026-04-23,137.25405883789062,207.8000030517578,155,0.5139807508147229,0.5109807508147229,0.5109807508147229,1.0,0.15279440020487003,normal,reactive,transition,0.3488821512877134,0.4474263963434111,-0.007995297532527923,1.0792657012842972,0.015740453393590058,0.024803322789590077,True
AMGN,2025-11-20,2026-04-23,331.39373779296875,348.6199951171875,154,0.05198123971485691,0.048981239714856906,0.048981239714856906,1.0,0.15355109418111956,normal,reserved,mature,0.1766746205265497,0.23076182013537228,-0.02302380022708006,1.1131526271164218,0.022099906180900963,0.005675284167864003,True
BIIB,2025-11-21,2026-04-23,175.3000030517578,187.8800048828125,153,0.07176270172305932,0.06876270172305932,0.06876270172305932,1.0,0.1656079680339551,normal,reserved,declining,0.32582061286737596,0.12371796828049875,0.0,1.1275840467738567,0.01801731578870954,0.02209361139152133,True
MAR,2025-11-25,2026-04-23,303.5335388183594,368.239990234375,149,0.2131772708476123,0.21017727084761229,0.21017727084761229,1.0,0.16223449718138544,calm,reactive,mature,0.15003075054572257,0.08019545674814066,0.0,0.7991524141062509,0.0187265932455009,0.04925671867015957,True
MRK,2025-11-25,2026-04-23,103.99432373046875,114.62000274658203,149,0.10217556723242693,0.09917556723242693,0.09917556723242693,1.0,0.20689031200322944,calm,balanced,mature,0.2675662020758496,0.10479194166757577,0.0,1.4243435830359208,0.022082467946399634,0.04925671867015957,True
XPO,2025-11-25,2026-04-23,139.99000549316406,224.75999450683594,149,0.6055431508488034,0.6025431508488034,0.6025431508488034,1.0,0.16398345137698037,calm,reactive,growth,0.11235603647584158,-0.06028056423410344,-0.11510740711983602,1.2558960557918801,0.036067398530447305,0.04925671867015957,True
CPRI,2025-11-25,2026-04-23,24.889999389648438,20.739999771118164,149,-0.16673361672544784,-0.16973361672544784,-0.16973361672544784,1.0,0.1682638596835367,calm,reactive,declining,0.17850371215003613,0.21533202861246536,-0.036764735190773945,1.1034337598618076,0.02802683259254997,0.04925671867015957,True
KEYS,2025-11-25,2026-04-23,195.4600067138672,346.5299987792969,149,0.772894642772525,0.769894642772525,0.769894642772525,1.0,0.17475118046208643,calm,balanced,transition,0.1823130779962956,0.14787413739182953,0.0,2.5115964437572478,0.03244590189204126,0.04925671867015957,True
BMY,2025-11-26,2026-04-23,48.178016662597656,59.02000045776367,148,0.22504006072095195,0.22204006072095195,0.22204006072095195,1.0,0.1527314876623216,calm,balanced,transition,0.06932759484016526,-0.12048161055713602,-0.18976909123055796,0.6957043536344718,0.01791189132300542,0.04775852979740547,True
JKHY,2025-11-26,2026-04-23,172.71315002441406,150.60000610351562,148,-0.12803393324580448,-0.13103393324580448,-0.13103393324580448,1.0,0.15534393390757764,calm,balanced,transition,0.07830625499668864,0.022257149635849682,-0.08457159032320027,0.568102958803861,0.014457455634949656,0.04775852979740547,True
LUV,2025-11-26,2026-04-23,34.757720947265625,37.75,148,0.08608962185047342,0.08308962185047342,0.08308962185047342,1.0,0.15026483712840089,calm,balanced,transition,0.12660676827507844,0.10570482595623631,-0.0648067481917155,0.6202218182433338,0.02671212883863691,0.04775852979740547,True
OPCH,2025-11-28,2026-04-23,31.100000381469727,28.540000915527344,146,-0.0823150943582529,-0.08531509435825291,-0.08531509435825291,1.0,0.16661300352498268,calm,balanced,declining,0.06909591675278914,0.3100253024983455,-0.11647728103990385,0.3033003549580847,0.01796131756525583,0.05671369956800132,True
DVN,2025-12-01,2026-04-23,37.422367095947266,48.150001525878906,143,0.2866637057572292,0.2836637057572292,0.2836637057572292,1.0,0.16003327989535154,calm,reserved,transition,0.10469854886577523,0.02846280175561189,0.0,1.0323054731513486,0.016743075920167935,0.04887954631411784,True
ON,2025-12-03,2026-04-23,57.150001525878906,97.77999877929688,141,0.7109360659425306,0.7079360659425306,0.7079360659425306,1.0,0.15756390729492728,calm,balanced,transition,0.1874091057051559,-0.22718047485683668,-0.22718047485683668,1.5462316126696936,0.0322247175816242,0.048634143985872624,True
DAL,2025-12-03,2026-04-23,67.30712127685547,68.37000274658203,141,0.01579151580936866,0.012791515809368662,0.012791515809368662,1.0,0.1730194695018497,calm,balanced,transition,0.10272465673127562,0.07712411900686433,-0.010998424136175577,1.341185993238918,0.026041967065582906,0.048634143985872624,True
MOG-A,2025-12-04,2026-04-23,235.5738067626953,306.0,140,0.29895595866584745,0.29595595866584745,0.29595595866584745,1.0,0.1547490038808582,calm,reserved,transition,0.17202011051567534,0.08755658338266192,0.0,1.1648514444048175,0.02304344314369493,0.040933756593865,True
FANG,2025-12-04,2026-04-23,158.56219482421875,195.58999633789062,140,0.23352225639106927,0.23052225639106927,0.23052225639106927,1.0,0.15835920404714846,calm,reserved,transition,0.1603002668967124,-0.06668919215671054,-0.08958423262696125,1.020795118366036,0.015273591657989107,0.040933756593865,True
SAIA,2025-12-05,2026-04-23,330.9100036621094,440.9800109863281,139,0.3326282255178079,0.3296282255178079,0.3296282255178079,1.0,0.16117916471177837,calm,reactive,shake_out,0.058471670965008604,-0.3898701736861899,-0.3898701736861899,1.0878661087866108,0.032820602140195325,0.0434534113144851,True
LNTH,2025-12-05,2026-04-23,63.29999923706055,82.81999969482422,139,0.30837283875250354,0.30537283875250354,0.30537283875250354,1.0,0.16703038716745253,calm,reactive,growth,0.19569325423300632,-0.28748309493048874,-0.42459778194828834,1.1036568674525784,0.02176759214613994,0.0434534113144851,True
CVNA,2025-12-05,2026-04-23,399.7699890136719,403.0199890136719,139,0.00812967478629023,0.005129674786290231,0.005129674786290231,1.0,0.27886657036551743,calm,reactive,transition,0.10503911643860508,0.53680844773661,0.0,1.0732637820989084,0.03139228036406334,0.0434534113144851,True
WHR,2025-12-10,2026-04-23,77.10295867919922,54.20000076293945,134,-0.29704382696326426,-0.30004382696326426,-0.30004382696326426,1.0,0.17850419039982346,calm,reactive,transition,-0.08462909234250715,-0.332925957245247,-0.37646557172814743,1.0637742564189476,0.03008682837822292,0.04338104401866105,True
CHDN,2025-12-10,2026-04-23,115.16999816894531,97.91000366210938,134,-0.1498653710275908,-0.1528653710275908,-0.1528653710275908,1.0,0.1538621428961442,calm,balanced,transition,0.20309130752467142,-0.16164838837554218,-0.16600256902528976,1.1868311108567504,0.012834545311456506,0.04338104401866105,True
LAD,2025-12-10,2026-04-23,351.4847412109375,276.3900146484375,134,-0.21365003301077357,-0.21665003301077357,-0.21665003301077357,1.0,0.17659795330460992,calm,reactive,transition,0.059408237433530964,-0.05859883940099253,-0.08017446050519816,1.294485913797255,0.024573561168923116,0.04338104401866105,True
KEY,2025-12-11,2026-04-23,20.48715591430664,22.010000228881836,133,0.07433166033123029,0.07133166033123028,0.07133166033123028,1.0,0.15474312263705875,calm,reactive,transition,0.09358733833036781,0.1779840987275647,0.0,0.796203164029975,0.015135943863847246,0.0405671989347276,True
CLH,2025-12-12,2026-04-23,241.83999633789062,310.32000732421875,132,0.2831624711515881,0.2801624711515881,0.2801624711515881,1.0,0.16264388355603876,calm,balanced,transition,0.031036830043785768,-0.04012701223579873,-0.04012701223579873,0.514830349474246,0.01963024978207768,0.02446600968640844,True
ODFL,2025-12-12,2026-04-23,159.267578125,222.77999877929688,132,0.3987780903182292,0.3957780903182292,0.3957780903182292,1.0,0.155569188452044,calm,reactive,transition,0.134665793670663,-0.2156737801185038,-0.23246284716357324,0.8851737309838175,0.02792030758102429,0.02446600968640844,True
LULU,2025-12-12,2026-04-23,204.97000122070312,141.66000366210938,132,-0.3088744556840013,-0.3118744556840013,-0.3118744556840013,1.0,0.17043925707947108,calm,reactive,transition,0.20840706945600918,-0.48725453103013605,-0.513320354643297,4.464744278278113,0.02982397061353414,0.02446600968640844,True
PCAR,2025-12-15,2026-04-23,111.25199127197266,126.97000122070312,129,0.14128295385118417,0.13828295385118416,0.13828295385118416,1.0,0.15988992132518737,calm,balanced,transition,0.1676273033821587,0.043858830287067274,-0.004582314275205612,1.2897648877634138,0.01903852772528084,0.0183394607843137,True
AAL,2025-12-15,2026-04-23,15.329999923706055,11.779999732971191,129,-0.23157209448156635,-0.23457209448156635,-0.23457209448156635,1.0,0.15958378930597758,calm,reactive,transition,0.24330900393860544,-0.11078885572909891,-0.17845658901052353,1.4159109208423257,0.017807395201155547,0.0183394607843137,True
BC,2025-12-16,2026-04-23,73.63465118408203,79.9800033569336,128,0.08617345326982773,0.08317345326982772,0.08317345326982772,1.0,0.15095080976749603,calm,balanced,declining,0.1906599823660593,0.03424788988672667,-0.012147947294037453,0.8748741884463518,0.02437762387454792,0.021532457267358307,True
COF,2025-12-16,2026-04-23,240.68905639648438,196.6300048828125,128,-0.18305382128007475,-0.18605382128007475,-0.18605382128007475,1.0,0.15572123963024803,calm,balanced,transition,0.08747592117263592,0.32602511023029623,0.0,1.0035031084996207,0.009896788304033382,0.021532457267358307,True
CTSH,2025-12-16,2026-04-23,83.20658874511719,55.099998474121094,128,-0.33779284423128664,-0.34079284423128664,-0.34079284423128664,1.0,0.15064098689466376,calm,reactive,transition,0.24125715304183326,0.06148318424691235,-0.06303929098559946,1.323650763826395,0.014013189789537818,0.021532457267358307,True
FCX,2025-12-16,2026-04-23,47.31764602661133,61.47999954223633,128,0.29930384761025786,0.29630384761025785,0.29630384761025785,1.0,0.16604711942561046,calm,balanced,transition,0.05181915242996715,0.16049177235867274,-0.01184783266787548,0.9651856118983138,0.01969814309755574,0.021532457267358307,True
NXPI,2025-12-16,2026-04-23,228.56381225585938,241.16000366210938,128,0.05511017374941907,0.052110173749419064,0.052110173749419064,1.0,0.16137741797854194,calm,balanced,transition,0.0228531764688209,0.0794448315034586,-0.047967165351022745,0.7821145814346059,0.02537527643518658,0.021532457267358307,True
GM,2025-12-16,2026-04-23,81.5668716430664,78.5199966430664,128,-0.03735431969651859,-0.04035431969651859,-0.04035431969651859,1.0,0.1733418078581734,calm,reserved,transition,0.39848442068362955,0.5725620388305173,-0.0026836068728619544,1.0747926543250677,0.013997678297203543,0.021532457267358307,True
ARES,2025-12-16,2026-04-23,170.17318725585938,114.77999877929688,128,-0.32551067162700276,-0.32851067162700276,-0.32851067162700276,1.0,0.17298799094064954,calm,balanced,growth,-0.041622936970200364,-0.023528196273768343,-0.10576447300339586,0.5854676393337475,0.018773301579072785,0.021532457267358307,True
CMG,2025-12-17,2026-04-23,37.0,33.900001525878906,127,-0.08378374254381338,-0.08678374254381338,-0.08678374254381338,1.0,0.16513313449852157,calm,reactive,transition,-0.06447532961444546,-0.4290123725696906,-0.4290123725696906,1.394828753920896,0.023754814561432223,0.012573114707695954,True
RH,2025-12-17,2026-04-23,170.44000244140625,138.08999633789062,127,-0.1898028962692423,-0.1928028962692423,-0.1928028962692423,1.0,0.1558799958895873,calm,reactive,transition,-0.19838206022219762,-0.5892814161426645,-0.6250109861806772,0.9218675360156885,0.036670954470729406,0.012573114707695954,True
HGV,2025-12-17,2026-04-23,45.20000076293945,46.06999969482422,127,0.01924776365486469,0.016247763654864692,0.016247763654864692,1.0,0.16503090856572408,calm,balanced,declining,0.04702345795915375,0.11632499108977568,-0.12606342428224393,1.2286596664607783,0.020859781667587566,0.012573114707695954,True
TEX,2025-12-18,2026-04-23,53.20189666748047,62.810001373291016,126,0.18059703333252553,0.17759703333252552,0.17759703333252552,1.0,0.16660421302852224,calm,reactive,transition,0.05743349186871782,0.14514675824189816,-0.08450995179789178,1.2370955077075672,0.025249283413776066,0.025745155774970607,True
WWD,2025-12-22,2026-04-23,314.9429626464844,367.5199890136719,122,0.16694142306079685,0.16394142306079684,0.16394142306079684,1.0,0.15562384923053157,calm,reserved,transition,0.2829461619027789,0.8840782753977563,0.0,1.1013522357009513,0.034710379099179574,0.03261873964515005,True
TTC,2026-01-06,2026-04-23,83.1670913696289,96.26000213623047,107,0.15742898484222878,0.15442898484222878,0.15442898484222878,1.0,0.17011468085818224,calm,reserved,transition,0.15462842703748514,0.06414148311621548,-0.023033230598754506,0.6700075067459271,0.02925199800020272,0.05987172436611088,True
CHH,2026-01-06,2026-04-23,104.38871765136719,120.0,107,0.14954951741787537,0.14654951741787536,0.14654951741787536,1.0,0.2001002738515526,calm,balanced,transition,0.062942318463856,-0.2620380968592264,-0.321985384451019,1.1792863105418927,0.018609282242918475,0.05987172436611088,True
HALO,2026-01-07,2026-04-23,75.11000061035156,66.58999633789062,106,-0.1134336866359541,-0.1164336866359541,-0.1164336866359541,1.0,0.17551008280440433,calm,reactive,transition,0.1497014925024529,0.48703233233589316,-0.04049563385767063,1.2179376672866669,0.016359942664095833,0.040003178547417084,True
BBWI,2026-01-08,2026-04-23,22.58135223388672,20.5,105,-0.09217128417860365,-0.09517128417860365,-0.09517128417860365,1.0,0.16433986525864452,calm,reactive,declining,-0.11641569241369343,-0.3619554653221623,-0.4304924754074009,0.841436200206705,0.02695527252253665,0.04171236740905626,True
BALL,2026-01-08,2026-04-23,54.666648864746094,63.119998931884766,105,0.15463450280359403,0.15163450280359403,0.15163450280359403,1.0,0.15740722171105373,calm,reactive,transition,0.15704710298070235,0.03707712910405436,-0.07433390212631075,0.7325458851072463,0.012082445601723502,0.04171236740905626,True
LHX,2026-01-08,2026-04-23,324.6092529296875,330.2200012207031,105,0.017284622173820097,0.014284622173820097,0.014284622173820097,1.0,0.1587142286919869,calm,balanced,mature,0.09035748563682477,0.6353691766433991,0.0,3.0866008732788006,0.018573724819507906,0.04171236740905626,True
AVAV,2026-01-08,2026-04-23,344.9599914550781,201.91000366210938,105,-0.4146857355531829,-0.4176857355531829,-0.4176857355531829,1.0,0.2142609645821178,calm,reactive,growth,-0.14110004914665064,1.1157998384462537,-0.15828513589195092,2.225379671786575,0.04953118696784804,0.04171236740905626,True
SW,2026-01-08,2026-04-23,41.929176330566406,40.52000045776367,105,-0.033608479730030894,-0.036608479730030896,-0.036608479730030896,1.0,0.17198337065681743,calm,herd,transition,0.0016575698835346042,-0.1659475356883071,-0.22416147857848556,1.844515956830692,0.02066833249617356,0.04171236740905626,True
TREX,2026-01-09,2026-04-23,41.650001525878906,42.369998931884766,104,0.017286851851817886,0.014286851851817887,0.014286851851817887,1.0,0.1528043048086165,calm,reactive,declining,-0.20575891272686775,-0.3679817820713863,-0.44048898226914013,2.1962927718859255,0.025847573124870373,0.044253795344293634,True
LMT,2026-01-09,2026-04-23,540.07373046875,529.7899780273438,104,-0.019041386131631644,-0.022041386131631643,-0.022041386131631643,1.0,0.15064718220402284,calm,reactive,transition,0.09537649695507233,0.1921168786946026,0.0,1.5733241426848181,0.022100484899502584,0.044253795344293634,True
KTOS,2026-01-12,2026-04-23,117.86000061035156,65.5199966430664,101,-0.4440862353320586,-0.4470862353320586,-0.4470862353320586,1.0,0.3995526454721977,calm,reactive,growth,0.32994805864974186,3.012938278602647,0.0,1.661577302037998,0.05429988136784807,0.0525262524827208,True
FND,2026-01-12,2026-04-23,75.19999694824219,50.95000076293945,101,-0.3224733666145392,-0.3254733666145392,-0.3254733666145392,1.0,0.1651485457992018,calm,reactive,transition,0.06094807932030366,-0.20858766991200983,-0.29383042110260904,2.154387865655471,0.0252704426174494,0.0525262524827208,True
TPL,2026-01-14,2026-04-23,326.55584716796875,439.1499938964844,99,0.3447929280855939,0.3417929280855939,0.3417929280855939,1.0,0.1543583117627541,calm,reactive,transition,0.051526000612603484,-0.2570878985228934,-0.31095607822167826,0.7171685107926719,0.03177751233551588,0.02842858536883841,True
SLB,2026-01-14,2026-04-23,46.69464111328125,54.7400016784668,99,0.17229729950525785,0.16929729950525785,0.16929729950525785,1.0,0.18137542928021413,calm,reserved,transition,0.4161255279789815,0.21537574348025013,0.0,1.437318289871181,0.026838797064500968,0.02842858536883841,True
LYB,2026-01-14,2026-04-23,51.376216888427734,70.72000122070312,99,0.37651243131201606,0.37351243131201606,0.37351243131201606,1.0,0.16710148202392272,calm,reserved,declining,0.1726439467941545,-0.24151033526361576,-0.2739054075633709,1.931569336292711,0.02448361802616746,0.02842858536883841,True
RVTY,2026-01-15,2026-04-23,115.16988372802734,87.1500015258789,98,-0.2432917468972804,-0.2462917468972804,-0.2462917468972804,1.0,0.15444013765101677,calm,reserved,declining,0.19031890638139992,-0.027704365336491676,-0.08871930311737863,1.553974497081444,0.020546462075213667,0.031048143623635616,True
ENTG,2026-01-15,2026-04-23,113.44570922851562,149.3300018310547,98,0.3163124709305376,0.3133124709305376,0.3133124709305376,1.0,0.2009296791165251,calm,reactive,transition,0.22654521059387256,0.11888959495664464,0.0,2.317033110605099,0.030917480975285842,0.031048143623635616,True
FBIN,2026-01-15,2026-04-23,60.995445251464844,41.400001525878906,98,-0.32126077028866906,-0.32426077028866906,-0.32426077028866906,1.0,0.15356434226431787,calm,reactive,transition,0.17716483144982131,-0.15870484999359669,-0.16611907603415876,1.5118778984026582,0.02306553322324734,0.031048143623635616,True
NOC,2026-01-16,2026-04-23,664.7709350585938,587.6599731445312,97,-0.11599628962007169,-0.1189962896200717,-0.1189962896200717,1.0,0.17106458238684422,calm,reserved,transition,0.12259101127949901,0.41000537962612404,0.0,0.9696417759586083,0.024390584710275293,0.03591513669710533,True
RMBS,2026-01-20,2026-04-23,110.0999984741211,138.5,93,0.2579473380515469,0.2549473380515469,0.2549473380515469,1.0,0.1733921332525759,calm,reactive,growth,0.08355474670575491,0.7781008031317975,-0.030895186316112544,1.8737160738486294,0.03126646276779506,0.00866965089590277,True
GNRC,2026-01-20,2026-04-23,162.05999755859375,218.3800048828125,93,0.3475256582294832,0.3445256582294832,0.3445256582294832,1.0,0.1595697827549385,calm,reactive,shake_out,-0.14272109969186186,0.005085537320106637,-0.2010845813044072,1.1323130617566717,0.021700055989749,0.00866965089590277,True
BKR,2026-01-21,2026-04-23,53.38859939575195,64.48999786376953,92,0.20793575021001387,0.20493575021001387,0.20493575021001387,1.0,0.17550882253883576,calm,reserved,transition,0.13836388925039045,0.16359714990011875,0.0,1.4437025610378784,0.02258479014866025,0.012357774943399624,True
TDY,2026-01-21,2026-04-23,621.7899780273438,651.75,92,0.04818350734391985,0.04518350734391985,0.04518350734391985,1.0,0.19668879683660395,calm,reactive,mature,0.16858040302311506,0.29429023810393473,0.0,2.824896919547994,0.02507214309892626,0.012357774943399624,True
IBKR,2026-01-21,2026-04-23,75.71867370605469,75.9000015258789,92,0.002394756946326737,-0.000605243053673263,-0.000605243053673263,1.0,0.15797422062210667,calm,reactive,growth,0.10390386248526906,0.5806709164679136,0.0,2.464329337782791,0.02573674635141102,0.012357774943399624,True
URI,2026-01-22,2026-04-23,953.8614501953125,986.780029296875,91,0.03451086014097959,0.03151086014097959,0.03151086014097959,1.0,0.15301741055194812,calm,reactive,growth,0.06405983547857907,0.23262767773784288,-0.06076897622688182,1.1314087090856426,0.021344976594281695,0.005554771167262551,True
CNH,2026-01-22,2026-04-23,11.050000190734863,10.5,91,-0.04977377205803346,-0.052773772058033463,-0.052773772058033463,1.0,0.15600479062873113,calm,reserved,declining,0.020313967551121026,-0.1129413133741719,-0.19927535956458275,0.9477763492135003,0.020322254875578944,0.005554771167262551,True
CLX,2026-01-23,2026-04-23,110.83964538574219,97.66000366210938,90,-0.11890728879333068,-0.12190728879333068,-0.12190728879333068,1.0,0.1532779035599564,calm,balanced,declining,-0.015101487844806583,-0.2678791901745664,-0.2754927710226911,1.4986665309681702,0.009890631841272148,0.0035873052787156468,True
SBUX,2026-01-23,2026-04-23,96.99449157714844,99.54000091552734,90,0.026243854645644937,0.023243854645644938,0.023243854645644938,1.0,0.15241226414964754,calm,balanced,transition,0.15094526663257257,0.022673144776981236,-0.13935954722566457,1.3189236233780945,0.01600140233825251,0.0035873052787156468,True
BAH,2026-01-23,2026-04-23,101.45602416992188,79.01000213623047,90,-0.22123892807092527,-0.22423892807092527,-0.22423892807092527,1.0,0.19313177768142886,calm,reactive,declining,0.20268917443140833,-0.23293042220874238,-0.23293042220874238,3.0886221389048467,0.024277220848006348,0.0035873052787156468,True
AVT,2026-01-28,2026-04-23,59.63091278076172,78.11000061035156,85,0.3098910777624657,0.3068910777624657,0.3068910777624657,1.0,0.19885113098988036,calm,balanced,mature,0.24661665755807927,0.17510244070827508,0.0,4.012709737559157,0.03495555869101082,0.020149935076198888,True
TXN,2026-01-28,2026-04-23,214.76815795898438,282.2300109863281,85,0.3141147815786889,0.3111147815786889,0.3111147815786889,1.0,0.20700519212094232,calm,balanced,transition,0.3388455222731326,0.23602134678729025,-0.007114609003363581,2.490338906829205,0.0325417701563381,0.020149935076198888,True
ARW,2026-01-29,2026-04-23,132.91000366210938,187.5,84,0.4107290259104357,0.4077290259104357,0.4077290259104357,1.0,0.15356967709012553,calm,balanced,transition,0.19255277973523222,0.129802825158843,-0.0024767473540191487,1.9222128745365963,0.023094067533673376,0.01708115288179468,True
MLI,2026-01-29,2026-04-23,136.94619750976562,135.74000549316406,84,-0.00880778027090201,-0.01180778027090201,-0.01180778027090201,1.0,0.1571135495262512,calm,balanced,growth,0.2748570067762732,0.7473466093479058,0.0,1.4523444969197703,0.01091586567039441,0.01708115288179468,True
XOM,2026-01-29,2026-04-23,139.57965087890625,150.52999877929688,84,0.07845232332534424,0.07545232332534424,0.07545232332534424,1.0,0.1506765145343484,calm,reserved,mature,0.245947449370699,0.3404519367514216,0.0,1.8571792849044915,0.017516089839467265,0.01708115288179468,True
CL,2026-02-02,2026-04-23,91.32244873046875,83.72000122070312,80,-0.08324839746910062,-0.08624839746910062,-0.08624839746910062,1.0,0.18404077066813201,calm,reactive,transition,0.20208915661755222,0.08597832546281814,-0.03431470626580457,1.4325584535916183,0.017970529157859738,0.026507094504254036,True
CHD,2026-02-02,2026-04-23,97.04019165039062,94.58000183105469,80,-0.02535227700496856,-0.02835227700496856,-0.02835227700496856,1.0,0.1697835487996086,calm,reserved,transition,0.127024854220243,-0.06583455441763952,-0.13160145454386563,1.1578329416820197,0.014873865055623863,0.026507094504254036,True
GILD,2026-02-02,2026-04-23,142.08309936523438,133.63999938964844,80,-0.05942367539352711,-0.06242367539352711,-0.06242367539352711,1.0,0.1594822501990149,calm,balanced,mature,0.17338684728676057,0.5111595308107304,0.0,0.8766314842384374,0.01906941859152803,0.026507094504254036,True
VZ,2026-02-03,2026-04-23,45.56467056274414,47.220001220703125,79,0.03632925767957729,0.033329257679577284,0.033329257679577284,1.0,0.16344880508805326,calm,reserved,mature,0.1816280630735574,0.23602519629762764,0.0,1.6376497772572949,0.029343157163560056,0.02938702912073965,True
DE,2026-02-03,2026-04-23,543.41064453125,591.9500122070312,79,0.08932354962912381,0.08632354962912381,0.08632354962912381,1.0,0.15819493266384127,calm,reserved,transition,0.15041700684759407,0.1828626777027893,0.0,1.1438852765654226,0.0203389186749146,0.02938702912073965,True
DVA,2026-02-03,2026-04-23,134.72999572753906,155.02999877929688,79,0.15067174122687543,0.14767174122687543,0.14767174122687543,1.0,0.18644325352055804,calm,reserved,transition,0.10861513273125167,-0.23907151482393185,-0.2403158100321695,3.9973070353700955,0.05282941352315055,0.02938702912073965,True
SYY,2026-02-03,2026-04-23,83.98684692382812,75.80999755859375,79,-0.09735868966066041,-0.10035868966066042,-0.10035868966066042,1.0,0.1573693782070716,calm,reserved,transition,0.16917661928001326,0.20301518663617113,0.0,0.9793541789715877,0.028803511736246238,0.02938702912073965,True
FDX,2026-02-03,2026-04-23,352.0028991699219,392.69000244140625,79,0.11558740955665692,0.11258740955665691,0.11258740955665691,1.0,0.17240190774831304,calm,reserved,transition,0.37233099091587474,0.46273358128957964,0.0,1.9080251187889496,0.019051829665507336,0.02938702912073965,True
PEP,2026-02-03,2026-04-23,161.40797424316406,155.6999969482422,79,-0.03536366354689946,-0.03836366354689946,-0.03836366354689946,1.0,0.15439482789109685,calm,reserved,transition,0.16148359796586176,0.12702278543590229,0.0,2.051610414906309,0.015421505734108922,0.02938702912073965,True
UFPI,2026-02-04,2026-04-23,112.90365600585938,96.4800033569336,78,-0.14546608347273926,-0.14846608347273926,-0.14846608347273926,1.0,0.1880003761660653,calm,reactive,transition,0.23617447956192916,-0.009515367245145678,-0.017308535137418035,1.4458552647990621,0.02334235176025639,0.02287486841992603,True
TTEK,2026-02-04,2026-04-23,40.654518127441406,31.329999923706055,78,-0.22935994898538448,-0.23235994898538448,-0.23235994898538448,1.0,0.162931199637449,calm,reactive,transition,0.2661802654652772,0.18758712726246718,0.0,2.3703225026264274,0.021722713347794468,0.02287486841992603,True
CAG,2026-02-04,2026-04-23,19.799999237060547,14.40999984741211,78,-0.2722222018857321,-0.2752222018857321,-0.2752222018857321,1.0,0.18408200780072,calm,balanced,declining,0.17798378472594178,-0.14944731169228076,-0.2292059238768137,1.4492089204030278,0.019728013313927012,0.02287486841992603,True
TSN,2026-02-04,2026-04-23,64.4788589477539,65.2300033569336,78,0.011649468080511927,0.008649468080511927,0.008649468080511927,1.0,0.15436450593035733,calm,reserved,transition,0.24480111162564344,0.18070961273986863,-0.011406746702027237,0.9995093088758071,0.014601052691887413,0.02287486841992603,True
COLM,2026-02-04,2026-04-23,65.35208892822266,62.220001220703125,78,-0.0479263594918834,-0.0509263594918834,-0.0509263594918834,1.0,0.16108028113776965,calm,balanced,declining,0.27898685376540433,-0.21963368330870991,-0.2723473916539655,3.8792269834168027,0.038624238937463175,0.02287486841992603,True
CSL,2026-02-04,2026-04-23,394.2967529296875,363.70001220703125,78,-0.07759825688473876,-0.08059825688473876,-0.08059825688473876,1.0,0.18074268919100733,calm,balanced,transition,0.2460074490521269,0.06293577655596172,-0.08552082208251821,3.823741628641985,0.03234544662498058,0.02287486841992603,True
DCI,2026-02-04,2026-04-23,106.9989013671875,87.97000122070312,78,-0.17784201429492263,-0.18084201429492264,-0.18084201429492264,1.0,0.16046913574795924,calm,balanced,mature,0.23915407961759527,0.5579217948710828,0.0,1.653613694280263,0.014946959464324767,0.02287486841992603,True
STLD,2026-02-04,2026-04-23,198.2664031982422,225.0500030517578,78,0.13508894810955585,0.13208894810955585,0.13208894810955585,1.0,0.155911966691497,calm,balanced,transition,0.3127756610890282,0.596481755463292,0.0,1.2590314598798162,0.02411629729349171,0.02287486841992603,True
FAST,2026-02-04,2026-04-23,48.279998779296875,45.45000076293945,78,-0.058616364704030643,-0.061616364704030646,-0.061616364704030646,1.0,0.1622508274436541,calm,reactive,mature,0.18842370880656034,0.34701845942393184,-0.03156421402729659,1.5813641020473288,0.020471989167230836,0.02287486841992603,True
GWW,2026-02-04,2026-04-23,1192.6751708984375,1164.9100341796875,78,-0.023279713870319463,-0.026279713870319462,-0.026279713870319462,1.0,0.15778468611691684,calm,reactive,mature,0.2541510786611034,0.15637827498060752,0.0,2.056338028169014,0.018107516038646316,0.02287486841992603,True
GPC,2026-02-04,2026-04-23,146.6070556640625,109.79000091552734,78,-0.25112744118467445,-0.25412744118467445,-0.25412744118467445,1.0,0.17964202253997924,calm,reserved,declining,0.17739268406916398,0.29943500914625054,0.0,1.1686523326854863,0.016212559669880153,0.02287486841992603,True
PPG,2026-02-04,2026-04-23,125.23027801513672,110.29000091552734,78,-0.11930243497346171,-0.12230243497346172,-0.12230243497346172,1.0,0.18308555655785008,calm,reactive,transition,0.3182959267487324,0.16184306148391636,0.0,1.3364846000596293,0.01850043368902394,0.02287486841992603,True
IEX,2026-02-04,2026-04-23,212.25,206.63999938964844,78,-0.0264310982819862,-0.029431098281986198,-0.029431098281986198,1.0,0.15662477768097174,calm,balanced,declining,0.2683044339270224,-0.014111094596959362,-0.014111094596959362,2.719588938283009,0.01686811214077995,0.02287486841992603,True
MO,2026-02-04,2026-04-23,64.0861587524414,67.1500015258789,78,0.04780818250119845,0.044808182501198446,0.044808182501198446,1.0,0.16880038804500547,calm,reserved,mature,0.1434172488975083,0.3270645121309739,-0.004463611116148125,1.1363980161271408,0.020295515136426502,0.02287486841992603,True
VVV,2026-02-04,2026-04-23,35.599998474121094,32.33000183105469,78,-0.09185384222540016,-0.09485384222540016,-0.09485384222540016,1.0,0.16894291581198442,calm,reserved,transition,0.12801011015663777,-0.02811909811519797,-0.12466191106680591,2.118185045014313,0.021894482449108497,0.02287486841992603,True
IR,2026-02-04,2026-04-23,97.38871765136719,84.94999694824219,78,-0.12772239950476827,-0.13072239950476827,-0.13072239950476827,1.0,0.17136884298289082,calm,balanced,mature,0.25722690063847553,0.05230489350273171,0.0,3.392654040930284,0.027307122261960186,0.02287486841992603,True
AOS,2026-02-05,2026-04-23,78.11000061035156,65.08999633789062,77,-0.1666880574922881,-0.1696880574922881,-0.1696880574922881,1.0,0.17064503675855433,normal,reserved,mature,0.1862809462685342,0.21430848694201665,-0.0033176231608822437,0.8290565516818259,0.018571902618828386,-0.004980698311140674,True
BDC,2026-02-05,2026-04-23,131.66659545898438,132.33999633789062,77,0.005114439820964378,0.002114439820964378,0.002114439820964378,1.0,0.17586514719778304,normal,balanced,transition,0.10826813509260003,0.13464574068099644,-0.012861884207120866,1.7915798086851487,0.022952220736535262,-0.004980698311140674,True
CRUS,2026-02-05,2026-04-23,140.10000610351562,172.80999755859375,77,0.23347601734513646,0.23047601734513645,0.23047601734513645,1.0,0.18467875000415462,normal,reactive,shake_out,0.1798889053733388,0.28132440822997773,0.0,1.8460462261053292,0.027138839559435707,-0.004980698311140674,True
TKR,2026-02-05,2026-04-23,101.81844329833984,108.69999694824219,77,0.06758651406345506,0.06458651406345506,0.06458651406345506,1.0,0.17484627251070975,normal,balanced,transition,0.30037309288054215,0.27399837236553526,0.0,2.2453748341065576,0.016177414702747896,-0.004980698311140674,True
SSD,2026-02-05,2026-04-23,191.07550048828125,185.3300018310547,77,-0.030069258709485513,-0.033069258709485516,-0.033069258709485516,1.0,0.16498376699008988,normal,reserved,transition,0.13498504037422188,0.1501646074244043,-0.025384413325316824,1.128861718284407,0.01977825596215242,-0.004980698311140674,True
PHM,2026-02-05,2026-04-23,133.7647247314453,130.63999938964844,77,-0.023359860741090532,-0.02635986074109053,-0.02635986074109053,1.0,0.15496946941416787,normal,reactive,growth,0.11780040406503023,0.2137012314635638,-0.04860992334533498,0.7717220848632531,0.02539444882473905,-0.004980698311140674,True
HON,2026-02-05,2026-04-23,232.69473266601562,214.33999633789062,77,-0.0788790365722174,-0.0818790365722174,-0.0818790365722174,1.0,0.17095953126395844,normal,reactive,transition,0.1998298667423235,0.14023785470924488,-0.006373527865834783,0.936827836529844,0.015559937206720612,-0.004980698311140674,True
JCI,2026-02-05,2026-04-23,132.1127471923828,141.72999572753906,77,0.07279576528032972,0.06979576528032971,0.06979576528032971,1.0,0.17963464537639118,normal,balanced,transition,0.08108991267637822,0.55329348740553,0.0,1.1601062800232267,0.0146713117057649,-0.004980698311140674,True
ITW,2026-02-05,2026-04-23,286.478271484375,273.1300048828125,77,-0.04659434215516245,-0.04959434215516245,-0.04959434215516245,1.0,0.16375967974414998,normal,balanced,mature,0.18783479473030318,0.1623877902798001,-0.0017658582170893,1.6538203858267224,0.018215564168665564,-0.004980698311140674,True
LECO,2026-02-05,2026-04-23,283.7393798828125,263.1700134277344,77,-0.07249387259383422,-0.07549387259383422,-0.07549387259383422,1.0,0.168948967382406,normal,balanced,mature,0.25576928492478723,0.5026376561393686,-0.004058503812345626,1.516399221636256,0.02093253113566157,-0.004980698311140674,True
MCK,2026-02-05,2026-04-23,957.0045776367188,836.0999755859375,77,-0.12633649292394178,-0.12933649292394178,-0.12933649292394178,1.0,0.1619962368177849,normal,reserved,transition,0.11557556943787017,0.5848626639817591,0.0,3.044386281343658,0.03986306979741196,-0.004980698311140674,True
MSM,2026-02-05,2026-04-23,94.0393295288086,98.05999755859375,77,0.04275517541363838,0.03975517541363838,0.03975517541363838,1.0,0.18054095366797812,normal,balanced,transition,0.09673726189459297,0.22875710332908916,0.0,1.3621407383403545,0.018103163882588636,-0.004980698311140674,True
OC,2026-02-05,2026-04-23,131.27818298339844,125.66000366210938,77,-0.04279598630641879,-0.04579598630641879,-0.04579598630641879,1.0,0.18998980178696454,normal,balanced,shake_out,0.2881057482419349,-0.257824933595475,-0.26504746318295225,1.0195407981104612,0.022099850698646038,-0.004980698311140674,True
BLD,2026-02-05,2026-04-23,493.9100036621094,465.239990234375,77,-0.05804703936984423,-0.061047039369844236,-0.061047039369844236,1.0,0.18510787183392016,normal,reactive,growth,0.13932779528929284,0.4618777750439076,-0.01352158886455812,0.9419795221843004,0.023627290864825852,-0.004980698311140674,True
ETN,2026-02-06,2026-04-23,372.6579895019531,424.5,76,0.13911417964587924,0.13611417964587924,0.13611417964587924,1.0,0.1521512411825508,calm,balanced,growth,0.016063720024629413,0.1987797266278215,-0.0428156008288787,0.9586279914681615,0.019181972610170014,0.01251567463567782,True
JNJ,2026-02-06,2026-04-23,238.72093200683594,230.64999389648438,76,-0.03380909266105092,-0.036809092661050924,-0.036809092661050924,1.0,0.15519669882674608,calm,balanced,mature,0.24600806788813268,0.6112061562912139,0.0,0.835435637681035,0.008745766631579081,0.01251567463567782,True
SMCI,2026-02-06,2026-04-23,34.380001068115234,26.75,76,-0.2219313796121858,-0.2249313796121858,-0.2249313796121858,1.0,0.16064555224673577,calm,reactive,growth,-0.11437399952635652,0.015957473791147425,-0.4337011763041131,1.239752596906065,0.05817673994922957,0.01251567463567782,True
CSCO,2026-02-09,2026-04-23,86.31230163574219,88.58999633789062,73,0.026388992750544737,0.02338899275054474,0.02338899275054474,1.0,0.16358886450123436,calm,reactive,mature,0.17961549530161025,0.42746911837508805,0.0,1.02175768869494,0.017675611908782446,0.016625490246947372,True
KR,2026-02-09,2026-04-23,69.75019836425781,69.0999984741211,73,-0.009321835713515303,-0.012321835713515302,-0.012321835713515302,1.0,0.16460803834353221,calm,reserved,mature,0.07758246561030413,0.10037024651064796,-0.04731676060325751,2.278656375890316,0.017085025107025604,0.016625490246947372,True
OKE,2026-02-09,2026-04-23,83.12999725341797,87.20999908447266,73,0.04907977824920384,0.04607977824920384,0.04607977824920384,1.0,0.1509574188498677,calm,balanced,transition,0.22305694895978,-0.08398345254030304,-0.1427666789712837,0.8043696119508847,0.020630901896137352,0.016625490246947372,True
CME,2026-02-09,2026-04-23,300.0666809082031,285.4700012207031,73,-0.04864478669647909,-0.051644786696479095,-0.051644786696479095,1.0,0.15803523805694508,calm,balanced,mature,0.10399999910176216,0.27881927471252177,0.0,1.031419551161806,0.009019542045838073,0.016625490246947372,True
ENSG,2026-02-09,2026-04-23,199.22535705566406,189.33999633789062,73,-0.049618988585933055,-0.05261898858593306,-0.05261898858593306,1.0,0.15095470401312283,calm,balanced,mature,0.1088677346242064,0.5237878550572883,0.0,1.7868464632126804,0.03499986222458349,0.016625490246947372,True
ANET,2026-02-09,2026-04-23,141.74000549316406,172.5500030517578,73,0.2173698064381666,0.2143698064381666,0.2143698064381666,1.0,0.15362466851155548,calm,reactive,growth,0.05008156748849113,0.19642106890089583,-0.1252236835091881,0.7884387662777643,0.04064171899433868,0.016625490246947372,True
CSX,2026-02-10,2026-04-23,40.7657470703125,46.18000030517578,72,0.13281378667057941,0.1298137866705794,0.1298137866705794,1.0,0.15231103238915697,calm,reserved,mature,0.17692609454222818,0.25620444031084144,0.0,0.9113734026876781,0.014141922337350935,0.03032580636277582,True
DGX,2026-02-10,2026-04-23,204.4581756591797,199.52999877929688,72,-0.024103594116470117,-0.027103594116470116,-0.027103594116470116,1.0,0.16543915724001587,calm,reserved,mature,0.09973334318215388,0.2662049715430699,0.0,1.9012196176801315,0.02213830497398811,0.03032580636277582,True
NXST,2026-02-10,2026-04-23,243.6484832763672,204.82000732421875,72,-0.1593626827879976,-0.1623626827879976,-0.1623626827879976,1.0,0.16218403212876314,calm,balanced,transition,0.33734478916385147,0.6897719766433579,0.0,1.49765344060462,0.026468970556278133,0.03032580636277582,True
CHTR,2026-02-10,2026-04-23,248.19000244140625,241.77999877929688,72,-0.02582700188990361,-0.02882700188990361,-0.02882700188990361,1.0,0.19495776287607636,calm,reactive,declining,0.2118652282377298,-0.27795073310814855,-0.41909888252450267,1.0285497406485893,0.03413249172383899,0.03032580636277582,True
WMB,2026-02-11,2026-04-23,70.61213684082031,71.6500015258789,71,0.014698106182485793,0.011698106182485794,0.011698106182485794,1.0,0.16491991367641173,calm,reserved,transition,0.17574266340195477,0.3320014193202705,0.0,1.3293675684676074,0.016927393058956346,0.03079254062859338,True
IP,2026-02-11,2026-04-23,48.704078674316406,33.540000915527344,71,-0.3113512907243574,-0.3143512907243574,-0.3143512907243574,1.0,0.15375429471283097,calm,reactive,transition,0.31700129085391726,-0.07987052226745306,-0.10621492846839153,0.7041814009987852,0.030731700763103754,0.03079254062859338,True
UHS,2026-02-12,2026-04-23,233.8228759765625,181.17999267578125,70,-0.22514000429135927,-0.22814000429135928,-0.22814000429135928,1.0,0.1718707913777334,calm,balanced,mature,0.03418235072794862,0.31117744275401904,-0.04069819780059081,1.9432612474170663,0.025695770032119043,0.024031737501148953,True
DECK,2026-02-12,2026-04-23,116.0199966430664,107.70999908447266,70,-0.07162556282568533,-0.07462556282568533,-0.07462556282568533,1.0,0.16148856023906094,calm,reactive,shake_out,0.4373141091245365,-0.24677012554348854,-0.26620709509079277,0.7384088529806652,0.04980235709108273,0.024031737501148953,True
IFF,2026-02-12,2026-04-23,81.0215072631836,70.94000244140625,70,-0.1244299836218723,-0.1274299836218723,-0.1274299836218723,1.0,0.15803685066286058,calm,balanced,declining,0.2590429702250263,-0.015034298244987587,-0.03520070528964503,2.2401602070235533,0.022213257436963698,0.024031737501148953,True
MSI,2026-02-12,2026-04-23,452.2450866699219,443.1700134277344,70,-0.020066714950982112,-0.02306671495098211,-0.02306671495098211,1.0,0.1554014331735013,calm,reactive,mature,0.20455775979979474,-0.01821765748008153,-0.06999543757542592,2.133335403075896,0.01937635025397107,0.024031737501148953,True
WTS,2026-02-12,2026-04-23,335.6503601074219,303.3900146484375,70,-0.09611294755846456,-0.09911294755846456,-0.09911294755846456,1.0,0.15914195660820357,calm,balanced,mature,0.26937074194183896,0.5327576951506252,0.0,1.7590618336886994,0.022023436198759357,0.024031737501148953,True
EQT,2026-02-13,2026-04-23,58.53499984741211,58.93000030517578,69,0.006748107265624803,0.003748107265624803,0.003748107265624803,1.0,0.1746682543593753,calm,balanced,transition,-0.0008511056690240215,0.12360892554697278,-0.040379233026275885,0.8028307837700636,0.025732621754065356,0.0330723168094853,True
CTRA,2026-02-17,2026-04-23,30.845224380493164,33.650001525878906,65,0.09093067733232352,0.08793067733232351,0.08793067733232351,1.0,0.19413893132943608,calm,reserved,transition,0.2061334791373448,0.16867178638367641,-0.018325486568899763,0.5639550305033564,0.022018626512622118,0.030270281634892537,True
SLAB,2026-02-17,2026-04-23,205.69000244140625,214.52000427246094,65,0.04292868747264489,0.039928687472644886,0.039928687472644886,1.0,0.44145497929566957,calm,reactive,transition,0.7432833813497866,0.3754848981959955,-0.007622915995976642,0.8715418217116971,0.1149148619345933,0.030270281634892537,True
MASI,2026-02-17,2026-04-23,174.69000244140625,178.7100067138672,65,0.023012217163425275,0.020012217163425276,0.020012217163425276,1.0,0.2626423572957578,calm,reactive,transition,0.2394635973845045,-0.03651202474396442,-0.08361748955105563,10.359516077726783,0.08112259112687438,0.030270281634892537,True
AMCR,2026-02-17,2026-04-23,48.918033599853516,39.63999938964844,65,-0.1896649053005447,-0.1926649053005447,-0.1926649053005447,1.0,0.19759537733251106,calm,reserved,declining,0.17719717044577643,0.010765200353653581,-0.02311354172856206,0.6765019929523808,0.025264577059127984,0.030270281634892537,True
UNP,2026-02-18,2026-04-23,263.6223449707031,271.260009765625,64,0.02897199323437727,0.02597199323437727,0.02597199323437727,1.0,0.17314600817754067,calm,reserved,mature,0.2049643816607627,0.08023813221747789,0.0,0.7674756859510735,0.013275187564394969,0.05238765534246648,True
GRMN,2026-02-18,2026-04-23,236.55340576171875,260.79998779296875,64,0.1024993994619281,0.0994993994619281,0.0994993994619281,1.0,0.15970465989212793,calm,reactive,growth,0.2746029744093843,0.12352547266623759,-0.08196387751483725,2.685508011973939,0.029197166674683327,0.05238765534246648,True
OXY,2026-02-19,2026-04-23,51.28649139404297,57.83000183105469,63,0.12758740672542412,0.12458740672542412,0.12458740672542412,1.0,0.17715915196013715,calm,reserved,declining,0.2507088494948724,0.03284569279452709,0.0,2.860177540525379,0.0297220849575678,0.0392094934497893,True
GE,2026-02-20,2026-04-23,342.72076416015625,282.3399963378906,62,-0.17618065240438474,-0.17918065240438474,-0.17918065240438474,1.0,0.15071850079351126,calm,reactive,transition,0.168551477911014,0.6536160815320327,0.0,0.8620348741160992,0.017089267305330995,0.030482622960561034,True
MTZ,2026-02-20,2026-04-23,283.8599853515625,382.8800048828125,62,0.3488340190274195,0.3458340190274195,0.3458340190274195,1.0,0.1522557285834164,calm,balanced,growth,0.3872543843478915,1.137982798953939,0.0,1.315754699981981,0.025805457013109098,0.030482622960561034,True
LYV,2026-02-20,2026-04-23,162.6699981689453,153.2100067138672,62,-0.05815449413882201,-0.06115449413882201,-0.06115449413882201,1.0,0.167343387212124,calm,reactive,growth,0.29504018293539946,0.06794899124903675,-0.06543720297257971,2.3201144107007656,0.019271818866857034,0.030482622960561034,True
HWM,2026-02-20,2026-04-23,258.1000061035156,246.16000366210938,62,-0.04626114745854559,-0.049261147458545596,-0.049261147458545596,1.0,0.17188251303959723,calm,balanced,growth,0.2904649806569586,0.868922919109189,0.0,0.9528439031874381,0.024133368468484784,0.030482622960561034,True
BDX,2026-02-23,2026-04-23,183.17018127441406,154.85000610351562,59,-0.154611274465416,-0.157611274465416,-0.157611274465416,1.0,0.15912611326940518,normal,balanced,transition,0.2059784750625957,0.05330572892399843,-0.0056638087944139714,0.962558785678,0.02017368971100968,0.010622434691764715,True
FIVE,2026-02-23,2026-04-23,219.2899932861328,238.1999969482422,59,0.08623286169485778,0.08323286169485777,0.08323286169485777,1.0,0.16045079177373123,normal,reactive,transition,0.34385343258248136,1.5522578905895785,-0.0036348905678094123,1.0599117002422476,0.019406730112465718,0.010622434691764715,True
WAB,2026-02-26,2026-04-23,263.4100036621094,269.45001220703125,56,0.022930065149195045,0.019930065149195045,0.019930065149195045,1.0,0.15274748341829214,calm,balanced,transition,0.26397931925035945,0.44655069460726415,-0.005174088388486764,0.797632541274099,0.011720445282681066,0.0141252324174439,True
FIX,2026-02-26,2026-04-23,1437.4832763671875,1773.9100341796875,56,0.23403872820191607,0.23103872820191607,0.23103872820191607,1.0,0.23912868074658,calm,reactive,growth,0.49628592506641,2.8509162056261443,-0.02066621253304024,0.9907376239236424,0.038479459237168945,0.0141252324174439,True
HXL,2026-02-26,2026-04-23,93.80000305175781,91.31999969482422,56,-0.02643926733739177,-0.02943926733739177,-0.02943926733739177,1.0,0.16813368638767393,calm,balanced,mature,0.25613713448735953,0.5177847119277146,0.0,0.9097224232249848,0.014625660175417384,0.0141252324174439,True
WH,2026-02-26,2026-04-23,83.58297729492188,86.44000244140625,56,0.034181902092376815,0.031181902092376815,0.031181902092376815,1.0,0.15315827844799573,calm,balanced,transition,0.15884450528823746,-0.20265017903162874,-0.20875942711155704,0.7907783157567576,0.020599403681411915,0.0141252324174439,True
APA,2026-02-27,2026-04-23,30.168071746826172,38.65999984741211,55,0.28148726812409985,0.27848726812409985,0.27848726812409985,1.0,0.1569596163547087,calm,reactive,transition,0.20466787955330412,0.5641317166007478,0.0,1.2127437468966906,0.029425503717853484,0.007249536161526571,True
LII,2026-02-27,2026-04-23,568.2711791992188,493.6700134277344,55,-0.13127740505265262,-0.13427740505265262,-0.13427740505265262,1.0,0.15628303120465456,calm,balanced,growth,0.1726975013144827,-0.04453847750791906,-0.13793879285848476,1.7624121213271222,0.023618230720427236,0.007249536161526571,True
AXON,2026-03-02,2026-04-23,572.02001953125,392.6400146484375,52,-0.3135904317296587,-0.31659043172965873,-0.31659043172965873,1.0,0.20405580829562117,normal,reactive,growth,0.052377945686064686,0.08244868259582772,-0.34323795449633676,0.9151612690180648,0.05317011748934009,0.004657110267747955,True
COP,2026-03-03,2026-04-23,118.5199966430664,124.37000274658203,51,0.04935881091132188,0.04635881091132188,0.04635881091132188,1.0,0.1709393469618557,normal,reserved,transition,0.2826711101665289,0.32332425797417574,0.0,1.930850868536322,0.018647768069578265,-0.00590484542825942,True
EOG,2026-03-03,2026-04-23,127.02374267578125,133.8699951171875,51,0.05389742340438519,0.05089742340438519,0.05089742340438519,1.0,0.1731296698146029,normal,reserved,transition,0.15219573337732872,0.1013361160125883,-0.004974750927775551,1.4456548927360684,0.019630140818409598,-0.00590484542825942,True
EFX,2026-03-04,2026-04-23,206.01341247558594,174.92999267578125,50,-0.15088056367926184,-0.15388056367926184,-0.15388056367926184,1.0,0.17938726037113215,normal,balanced,transition,-0.02335576192681088,-0.14502467285449006,-0.259035741236194,0.4742179758511432,0.026934402350556677,-0.0001309825274425913,True
PEGA,2026-03-04,2026-04-23,47.0168342590332,35.25,50,-0.2502685356101464,-0.2532685356101464,-0.2532685356101464,1.0,0.19258335855968606,normal,reactive,growth,-0.2168749812163948,0.2145995979709734,-0.2936127135694059,0.8070218807633385,0.04860634878745088,-0.0001309825274425913,True
OMC,2026-03-04,2026-04-23,84.95238494873047,76.81999969482422,50,-0.09572874568282241,-0.09872874568282242,-0.09872874568282242,1.0,0.2503654571997361,normal,reserved,transition,0.17985947916929357,0.1013579837106049,0.0,0.576827496407333,0.041245855026416846,-0.0001309825274425913,True
GPN,2026-03-04,2026-04-23,77.31616973876953,67.86000061035156,50,-0.12230519386006589,-0.1253051938600659,-0.1253051938600659,1.0,0.16769446090262957,normal,reactive,declining,-0.013221911179908452,-0.21141857324445246,-0.22104403313773058,0.6321839720881617,0.04315304742781445,-0.0001309825274425913,True
TRU,2026-03-04,2026-04-23,77.4800033569336,73.08000183105469,50,-0.056788865968539715,-0.05978886596853972,-0.05978886596853972,1.0,0.15281608155876839,normal,balanced,shake_out,-0.08120446433927109,-0.11529798866796293,-0.21563525498000824,0.5167837945944999,0.0285226347806105,-0.0001309825274425913,True
PYPL,2026-03-05,2026-04-23,47.63999938964844,49.75,49,0.04429052555382773,0.04129052555382773,0.04129052555382773,1.0,0.1705464776698058,normal,balanced,declining,-0.21818979825624052,-0.31086760268666136,-0.3876924042428218,0.6018555710254926,0.026237013419335407,-0.002307716665625459,True
VRSK,2026-03-06,2026-04-23,214.29757690429688,177.13999938964844,48,-0.17339242958982515,-0.17639242958982515,-0.17639242958982515,1.0,0.15628136056821917,normal,reactive,mature,-0.0034432644744301077,-0.2676662496812643,-0.3279000467457708,0.7004904345006485,0.025126976102448302,-0.014690388514425057,True
NOW,2026-03-06,2026-04-23,124.33999633789062,84.77999877929688,48,-0.31815987392415956,-0.32115987392415957,-0.32115987392415957,1.0,0.20122103746042103,normal,balanced,growth,-0.27278894711835533,-0.2830040891773973,-0.40489525968853635,1.1904206437419074,0.02928195617863614,-0.014690388514425057,True
TWLO,2026-03-06,2026-04-23,128.02999877929688,141.58999633789062,48,0.10591265865720279,0.10291265865720278,0.10291265865720278,1.0,0.1807536301297883,normal,reactive,growth,-0.012495142255702252,0.1766381918201334,-0.11176634298992871,0.5617981376138306,0.028828835614557163,-0.014690388514425057,True
TYL,2026-03-13,2026-04-23,349.7900085449219,335.739990234375,41,-0.040167008683275496,-0.0431670086832755,-0.0431670086832755,1.0,0.22240387892499033,normal,reactive,mature,-0.22287880756141143,-0.36793692647535825,-0.42822348149410416,0.52503633743994,0.021830405958585774,-0.024715206479072327,True
ADSK,2026-03-13,2026-04-23,251.1699981689453,231.97999572753906,41,-0.07640244687384368,-0.07940244687384368,-0.07940244687384368,1.0,0.1503861669665348,normal,reactive,mature,-0.14562218932420457,0.01717088089307639,-0.2314024553953935,0.616032296009752,0.022844508522125773,-0.024715206479072327,True
EXPE,2026-03-17,2026-04-23,241.25,250.3699951171875,37,0.03780308856865289,0.034803088568652885,0.034803088568652885,1.0,0.2328905534106249,normal,reactive,growth,-0.15342492012437414,0.4619770889211212,-0.19759251770613584,0.634252353313847,0.04560372462638077,-0.008660074143542307,True
STX,2026-03-19,2026-04-23,433.84320068359375,587.6199951171875,35,0.35445247082653886,0.35145247082653885,0.35145247082653885,1.0,0.16856794113260173,normal,reactive,growth,0.5405344926067495,3.9413560912391326,-0.02680431256778948,1.259498503266152,0.043965539773612033,-0.039543561265914184,True
PANW,2026-03-19,2026-04-23,169.74000549316406,173.2100067138672,35,0.020443037047285006,0.017443037047285007,0.017443037047285007,1.0,0.1586532471235962,normal,balanced,growth,-0.10422713297516095,-0.09491302351606157,-0.23326406292647828,0.6327676420330924,0.01701841388580376,-0.039543561265914184,True
KLAC,2026-03-20,2026-04-23,1498.6700439453125,1815.4300537109375,34,0.21136074017449547,0.20836074017449546,0.20836074017449546,1.0,0.16341942101968404,normal,balanced,growth,0.1827526523798586,1.1076303738578472,-0.10927254082750104,2.0897931120098168,0.030950860854812526,-0.05836791802844277,True
BKNG,2026-03-23,2026-04-23,175.87159729003906,176.75,31,0.0049945683299408294,0.0019945683299408294,0.0019945683299408294,1.0,0.17666978258297936,normal,balanced,transition,-0.19089101018012944,-0.0404507797660435,-0.23952651062667707,0.7168320233646867,0.026381627333298713,-0.050641558352641614,True
CAR,2026-03-23,2026-04-23,107.27999877929688,229.13999938964844,31,1.1359060588828824,1.1329060588828825,1.1329060588828825,1.0,0.2470924240213488,normal,reactive,transition,-0.1861630039555705,0.7688375281164881,-0.4831125164929826,1.782149230426054,0.027241737455360886,-0.050641558352641614,True
IBM,2026-03-23,2026-04-23,248.44000244140625,231.0800018310547,31,-0.06987602817483418,-0.07287602817483418,-0.07287602817483418,1.0,0.1578593830397746,normal,reserved,transition,-0.1796149344292114,0.044063959559345056,-0.20675448456710244,0.7447818831657125,0.01964881455355947,-0.050641558352641614,True
IT,2026-03-23,2026-04-23,162.58999633789062,148.60000610351562,31,-0.08604459406777609,-0.0890445940677761,-0.0890445940677761,1.0,0.1670460320377124,normal,reactive,declining,-0.3526952739911934,-0.6222175879612204,-0.6383030781464414,0.9201826126422767,0.023623563483465733,-0.050641558352641614,True
HPE,2026-03-23,2026-04-23,22.177000045776367,27.93000030517578,31,0.25941291642352127,0.25641291642352126,0.25641291642352126,1.0,0.18195287526727275,normal,reactive,shake_out,-0.08674308339823145,0.4166999656947412,-0.14460042923241678,0.8948607944721151,0.019966404074411043,-0.050641558352641614,True
DOCU,2026-03-23,2026-04-23,48.790000915527344,45.02000045776367,31,-0.07726994029557144,-0.08026994029557144,-0.08026994029557144,1.0,0.19809692913486943,normal,reactive,transition,-0.29939687904736423,-0.44594592018852564,-0.48007243372166497,0.843131251021697,0.0230767232317157,-0.050641558352641614,True
VRSN,2026-03-25,2026-04-23,251.6999969482422,276.95001220703125,29,0.10031790053609457,0.09731790053609457,0.09731790053609457,1.0,0.16714701078662625,normal,reactive,mature,0.03053776862738844,0.0367375565053456,-0.16939871201849865,1.6618639617832764,0.015062944074273003,-0.04544629849658022,True
LSTR,2026-03-25,2026-04-23,157.07000732421875,179.89999389648438,29,0.14534911509325088,0.14234911509325088,0.14234911509325088,1.0,0.1501967385528556,normal,reserved,transition,0.091232824230433,0.0791698087334447,-0.045225137870319676,0.7532363386413106,0.021596029920595037,-0.04544629849658022,True
SATS,2026-03-25,2026-04-23,119.06999969482422,121.5199966430664,29,0.020576106110032022,0.017576106110032023,0.017576106110032023,1.0,0.1806720664960068,normal,reactive,growth,0.0969138309286861,3.4595504229384737,-0.09169270713902755,1.7383950838644477,0.035650195281227946,-0.04544629849658022,True
NTAP,2026-03-26,2026-04-23,103.91771697998047,108.4000015258789,28,0.043133015968412236,0.04013301596841223,0.04013301596841223,1.0,0.1561577288600698,normal,balanced,shake_out,-0.031916120785329904,0.14940526832502155,-0.1657471371658965,0.7359657155854028,0.018592262583027486,-0.06076935603780931,True
INTC,2026-04-01,2026-04-23,48.029998779296875,66.77999877929688,22,0.39038102178928447,0.38738102178928446,0.38738102178928446,1.0,0.15800912621162194,crisis,reactive,shake_out,0.199550391635257,1.178231312524058,-0.11579530469192312,1.4634349598671466,0.04698093069448421,-0.053205124013648075,True
JBL,2026-04-01,2026-04-23,271.9599914550781,338.5299987792969,22,0.2447786785403494,0.2417786785403494,0.2417786785403494,1.0,0.15156980600829575,crisis,reactive,growth,0.21243192422600643,0.9966582647174145,-0.039824880554341635,0.5457340507302075,0.03719799183450497,-0.053205124013648075,True
SNX,2026-04-01,2026-04-23,185.85317993164062,222.8300018310547,22,0.19895716561327959,0.19595716561327958,0.19595716561327958,1.0,0.21416328741978588,crisis,balanced,mature,0.22790096645703417,0.8181529678330688,0.0,2.554007985544054,0.03164051797225496,-0.053205124013648075,True
DELL,2026-04-02,2026-04-23,173.83213806152344,212.13999938964844,21,0.22037272138116903,0.21737272138116903,0.21737272138116903,1.0,0.25843987906066374,crisis,reactive,growth,0.4585895040442851,0.8630759127851368,-0.05238843424861306,0.562469037573225,0.03302738835108055,-0.04887207727634946,True
ANF,2026-04-06,2026-04-23,97.41000366210938,89.2300033569336,17,-0.08397495121291787,-0.08697495121291787,-0.08697495121291787,1.0,0.16193209076329634,normal,reactive,growth,-0.24982673020088486,0.38642187162528785,-0.24982673020088486,0.7765746747470914,0.02582236128640508,-0.04473476471148452,True
BF-B,2026-04-10,2026-04-23,29.489999771118164,28.399999618530273,13,-0.03696168738717365,-0.03996168738717365,-0.03996168738717365,1.0,0.272235715220217,normal,balanced,declining,0.09419745846880545,-0.10676778283529376,-0.15552555043692817,0.9034086415713373,0.04039856530752241,-0.015838933876754724,True
HUM,2026-04-10,2026-04-23,192.14999389648438,214.9499969482422,13,0.11865731863640172,0.11565731863640172,0.11565731863640172,1.0,0.1521282664819319,normal,reactive,transition,-0.29552102638418154,-0.31641557963859235,-0.3767185014408081,0.7529515128219209,0.025965186724032273,-0.015838933876754724,True
CROX,2026-04-14,2026-04-23,101.19999694824219,104.22000122070312,9,0.029841940351099883,0.026841940351099883,0.026841940351099883,1.0,0.2241649171143438,normal,reactive,declining,0.21824963669221709,0.09334485325779118,-0.1584899787910956,1.0235925318713106,0.028406103761010743,0.00394381537084687,True
FDS,2026-04-22,2026-04-23,242.72000122070312,228.0800018310547,1,-0.06031641115697106,-0.06331641115697106,-0.06331641115697106,1.0,0.16824188087489533,calm,reactive,declining,-0.09189134322046044,-0.41917947611675666,-0.4797501581168032,0.66464303285156,0.026932580866779125,0.022826899730362893,True
MCHP,2026-04-23,2026-04-23,90.63999938964844,90.63999938964844,0,0.0,-0.003,-0.003,1.0,0.21199954039186863,calm,reactive,transition,0.13569622247335933,1.2263431622356369,0.0,2.004204330924809,0.03120185076272737,0.018682940772884793,True
WST,2026-04-23,2026-04-23,309.70001220703125,309.70001220703125,0,0.0,-0.003,-0.003,1.0,0.1605374271699505,calm,reactive,transition,0.31290013569189834,0.42448022947210395,0.0,2.992030976630414,0.03189250743800405,0.018682940772884793,True
